episode_id,protocol,robot,task,condition,model,model_identity_evidence,reasoning_effort,prompt_version,seed,trial_index,success,attempt_validity,stop_reason,requests,total_tokens,model_wait_s,wall_s,sim_s,stage_score,video_url,trace_url,source_url,evidence_level,run_id
robosuite:20260907T112134Z:ep00,robosuite,Panda / MuJoCo,Lift,delta/proprio,gpt-6-astra,published Codex configuration; not upstream receipt re-audit,medium,v1,,0,True,published_completed,,3,67316,76.83,,,,https://asimfish.github.io/astra-control-dashboard/media/Lift__delta__proprio__codex-gpt-6-astra__s0__20260907T112134Z/ep00.mp4,https://asimfish.github.io/astra-control-dashboard/#vid-Lift,https://asimfish.github.io/astra-control-dashboard/,published_trial_card,20260907T112134Z
robosuite:20260907T112134Z:ep01,robosuite,Panda / MuJoCo,Lift,delta/proprio,gpt-6-astra,published Codex configuration; not upstream receipt re-audit,medium,v1,,1,True,published_completed,,3,67045,62.63,,,,https://asimfish.github.io/astra-control-dashboard/media/Lift__delta__proprio__codex-gpt-6-astra__s0__20260907T112134Z/ep01.mp4,https://asimfish.github.io/astra-control-dashboard/#vid-Lift,https://asimfish.github.io/astra-control-dashboard/,published_trial_card,20260907T112134Z
robosuite:20260907T112134Z:ep02,robosuite,Panda / MuJoCo,Lift,delta/proprio,gpt-6-astra,published Codex configuration; not upstream receipt re-audit,medium,v1,,2,True,published_completed,,3,49454,71.75,,,,https://asimfish.github.io/astra-control-dashboard/media/Lift__delta__proprio__codex-gpt-6-astra__s0__20260907T112134Z/ep02.mp4,https://asimfish.github.io/astra-control-dashboard/#vid-Lift,https://asimfish.github.io/astra-control-dashboard/,published_trial_card,20260907T112134Z
robosuite:20260907T112134Z:ep03,robosuite,Panda / MuJoCo,Lift,delta/proprio,gpt-6-astra,published Codex configuration; not upstream receipt re-audit,medium,v1,,3,True,published_completed,,3,49442,69.69,,,,https://asimfish.github.io/astra-control-dashboard/media/Lift__delta__proprio__codex-gpt-6-astra__s0__20260907T112134Z/ep03.mp4,https://asimfish.github.io/astra-control-dashboard/#vid-Lift,https://asimfish.github.io/astra-control-dashboard/,published_trial_card,20260907T112134Z
robosuite:20260907T112134Z:ep04,robosuite,Panda / MuJoCo,Lift,delta/proprio,gpt-6-astra,published Codex configuration; not upstream receipt re-audit,medium,v1,,4,True,published_completed,,3,67020,69.88,,,,https://asimfish.github.io/astra-control-dashboard/media/Lift__delta__proprio__codex-gpt-6-astra__s0__20260907T112134Z/ep04.mp4,https://asimfish.github.io/astra-control-dashboard/#vid-Lift,https://asimfish.github.io/astra-control-dashboard/,published_trial_card,20260907T112134Z
robosuite:20260908T125956Z:ep00,robosuite,Panda / MuJoCo,Lift,delta/proprio,gpt-6-astra,published Codex configuration; not upstream receipt re-audit,medium,v3,,0,True,published_completed,,2,38712,67.78,,,,https://asimfish.github.io/astra-control-dashboard/media/Lift__delta__proprio__codex-gpt-6-astra__s0__20260908T125956Z/ep00.mp4,https://asimfish.github.io/astra-control-dashboard/#vid-Lift,https://asimfish.github.io/astra-control-dashboard/,published_trial_card,20260908T125956Z
robosuite:20260908T125956Z:ep01,robosuite,Panda / MuJoCo,Lift,delta/proprio,gpt-6-astra,published Codex configuration; not upstream receipt re-audit,medium,v3,,1,True,published_completed,,2,38812,71.75,,,,https://asimfish.github.io/astra-control-dashboard/media/Lift__delta__proprio__codex-gpt-6-astra__s0__20260908T125956Z/ep01.mp4,https://asimfish.github.io/astra-control-dashboard/#vid-Lift,https://asimfish.github.io/astra-control-dashboard/,published_trial_card,20260908T125956Z
robosuite:20260908T125956Z:ep02,robosuite,Panda / MuJoCo,Lift,delta/proprio,gpt-6-astra,published Codex configuration; not upstream receipt re-audit,medium,v3,,2,True,published_completed,,2,23154,64.87,,,,https://asimfish.github.io/astra-control-dashboard/media/Lift__delta__proprio__codex-gpt-6-astra__s0__20260908T125956Z/ep02.mp4,https://asimfish.github.io/astra-control-dashboard/#vid-Lift,https://asimfish.github.io/astra-control-dashboard/,published_trial_card,20260908T125956Z
robosuite:20260908T125956Z:ep03,robosuite,Panda / MuJoCo,Lift,delta/proprio,gpt-6-astra,published Codex configuration; not upstream receipt re-audit,medium,v3,,3,True,published_completed,,2,23200,57.53,,,,https://asimfish.github.io/astra-control-dashboard/media/Lift__delta__proprio__codex-gpt-6-astra__s0__20260908T125956Z/ep03.mp4,https://asimfish.github.io/astra-control-dashboard/#vid-Lift,https://asimfish.github.io/astra-control-dashboard/,published_trial_card,20260908T125956Z
robosuite:20260908T125956Z:ep04,robosuite,Panda / MuJoCo,Lift,delta/proprio,gpt-6-astra,published Codex configuration; not upstream receipt re-audit,medium,v3,,4,True,published_completed,,2,23249,59.99,,,,https://asimfish.github.io/astra-control-dashboard/media/Lift__delta__proprio__codex-gpt-6-astra__s0__20260908T125956Z/ep04.mp4,https://asimfish.github.io/astra-control-dashboard/#vid-Lift,https://asimfish.github.io/astra-control-dashboard/,published_trial_card,20260908T125956Z
robosuite:20260908T125956Z:ep05,robosuite,Panda / MuJoCo,Lift,delta/proprio,gpt-6-astra,published Codex configuration; not upstream receipt re-audit,medium,v3,,5,True,published_completed,,2,7726,68.37,,,,https://asimfish.github.io/astra-control-dashboard/media/Lift__delta__proprio__codex-gpt-6-astra__s0__20260908T125956Z/ep05.mp4,https://asimfish.github.io/astra-control-dashboard/#vid-Lift,https://asimfish.github.io/astra-control-dashboard/,published_trial_card,20260908T125956Z
robosuite:20260908T125956Z:ep06,robosuite,Panda / MuJoCo,Lift,delta/proprio,gpt-6-astra,published Codex configuration; not upstream receipt re-audit,medium,v3,,6,True,published_completed,,2,23191,62.72,,,,https://asimfish.github.io/astra-control-dashboard/media/Lift__delta__proprio__codex-gpt-6-astra__s0__20260908T125956Z/ep06.mp4,https://asimfish.github.io/astra-control-dashboard/#vid-Lift,https://asimfish.github.io/astra-control-dashboard/,published_trial_card,20260908T125956Z
robosuite:20260908T125956Z:ep07,robosuite,Panda / MuJoCo,Lift,delta/proprio,gpt-6-astra,published Codex configuration; not upstream receipt re-audit,medium,v3,,7,True,published_completed,,2,23163,85.04,,,,https://asimfish.github.io/astra-control-dashboard/media/Lift__delta__proprio__codex-gpt-6-astra__s0__20260908T125956Z/ep07.mp4,https://asimfish.github.io/astra-control-dashboard/#vid-Lift,https://asimfish.github.io/astra-control-dashboard/,published_trial_card,20260908T125956Z
robosuite:20260908T125956Z:ep08,robosuite,Panda / MuJoCo,Lift,delta/proprio,gpt-6-astra,published Codex configuration; not upstream receipt re-audit,medium,v3,,8,True,published_completed,,2,23242,65.56,,,,https://asimfish.github.io/astra-control-dashboard/media/Lift__delta__proprio__codex-gpt-6-astra__s0__20260908T125956Z/ep08.mp4,https://asimfish.github.io/astra-control-dashboard/#vid-Lift,https://asimfish.github.io/astra-control-dashboard/,published_trial_card,20260908T125956Z
robosuite:20260908T125956Z:ep09,robosuite,Panda / MuJoCo,Lift,delta/proprio,gpt-6-astra,published Codex configuration; not upstream receipt re-audit,medium,v3,,9,True,published_completed,,2,23121,61.9,,,,https://asimfish.github.io/astra-control-dashboard/media/Lift__delta__proprio__codex-gpt-6-astra__s0__20260908T125956Z/ep09.mp4,https://asimfish.github.io/astra-control-dashboard/#vid-Lift,https://asimfish.github.io/astra-control-dashboard/,published_trial_card,20260908T125956Z
robosuite:20260908T125956Z:ep10,robosuite,Panda / MuJoCo,Lift,delta/proprio,gpt-6-astra,published Codex configuration; not upstream receipt re-audit,medium,v3,,10,True,published_completed,,2,23284,59.65,,,,https://asimfish.github.io/astra-control-dashboard/media/Lift__delta__proprio__codex-gpt-6-astra__s0__20260908T125956Z/ep10.mp4,https://asimfish.github.io/astra-control-dashboard/#vid-Lift,https://asimfish.github.io/astra-control-dashboard/,published_trial_card,20260908T125956Z
robosuite:20260908T125956Z:ep11,robosuite,Panda / MuJoCo,Lift,delta/proprio,gpt-6-astra,published Codex configuration; not upstream receipt re-audit,medium,v3,,11,True,published_completed,,2,23234,68.76,,,,https://asimfish.github.io/astra-control-dashboard/media/Lift__delta__proprio__codex-gpt-6-astra__s0__20260908T125956Z/ep11.mp4,https://asimfish.github.io/astra-control-dashboard/#vid-Lift,https://asimfish.github.io/astra-control-dashboard/,published_trial_card,20260908T125956Z
robosuite:20260908T125956Z:ep12,robosuite,Panda / MuJoCo,Lift,delta/proprio,gpt-6-astra,published Codex configuration; not upstream receipt re-audit,medium,v3,,12,True,published_completed,,2,7602,57.5,,,,https://asimfish.github.io/astra-control-dashboard/media/Lift__delta__proprio__codex-gpt-6-astra__s0__20260908T125956Z/ep12.mp4,https://asimfish.github.io/astra-control-dashboard/#vid-Lift,https://asimfish.github.io/astra-control-dashboard/,published_trial_card,20260908T125956Z
robosuite:20260908T125956Z:ep13,robosuite,Panda / MuJoCo,Lift,delta/proprio,gpt-6-astra,published Codex configuration; not upstream receipt re-audit,medium,v3,,13,True,published_completed,,2,23170,55.51,,,,https://asimfish.github.io/astra-control-dashboard/media/Lift__delta__proprio__codex-gpt-6-astra__s0__20260908T125956Z/ep13.mp4,https://asimfish.github.io/astra-control-dashboard/#vid-Lift,https://asimfish.github.io/astra-control-dashboard/,published_trial_card,20260908T125956Z
robosuite:20260908T125956Z:ep14,robosuite,Panda / MuJoCo,Lift,delta/proprio,gpt-6-astra,published Codex configuration; not upstream receipt re-audit,medium,v3,,14,True,published_completed,,6,54539,176.84,,,,https://asimfish.github.io/astra-control-dashboard/media/Lift__delta__proprio__codex-gpt-6-astra__s0__20260908T125956Z/ep14.mp4,https://asimfish.github.io/astra-control-dashboard/#vid-Lift,https://asimfish.github.io/astra-control-dashboard/,published_trial_card,20260908T125956Z
robosuite:20260908T125956Z:ep15,robosuite,Panda / MuJoCo,Lift,delta/proprio,gpt-6-astra,published Codex configuration; not upstream receipt re-audit,medium,v3,,15,True,published_completed,,2,23251,64.28,,,,https://asimfish.github.io/astra-control-dashboard/media/Lift__delta__proprio__codex-gpt-6-astra__s0__20260908T125956Z/ep15.mp4,https://asimfish.github.io/astra-control-dashboard/#vid-Lift,https://asimfish.github.io/astra-control-dashboard/,published_trial_card,20260908T125956Z
robosuite:20260908T125956Z:ep16,robosuite,Panda / MuJoCo,Lift,delta/proprio,gpt-6-astra,published Codex configuration; not upstream receipt re-audit,medium,v3,,16,True,published_completed,,2,38658,61.34,,,,https://asimfish.github.io/astra-control-dashboard/media/Lift__delta__proprio__codex-gpt-6-astra__s0__20260908T125956Z/ep16.mp4,https://asimfish.github.io/astra-control-dashboard/#vid-Lift,https://asimfish.github.io/astra-control-dashboard/,published_trial_card,20260908T125956Z
robosuite:20260908T125956Z:ep17,robosuite,Panda / MuJoCo,Lift,delta/proprio,gpt-6-astra,published Codex configuration; not upstream receipt re-audit,medium,v3,,17,True,published_completed,,2,38693,64.64,,,,https://asimfish.github.io/astra-control-dashboard/media/Lift__delta__proprio__codex-gpt-6-astra__s0__20260908T125956Z/ep17.mp4,https://asimfish.github.io/astra-control-dashboard/#vid-Lift,https://asimfish.github.io/astra-control-dashboard/,published_trial_card,20260908T125956Z
robosuite:20260908T125956Z:ep18,robosuite,Panda / MuJoCo,Lift,delta/proprio,gpt-6-astra,published Codex configuration; not upstream receipt re-audit,medium,v3,,18,True,published_completed,,2,7762,119.17,,,,https://asimfish.github.io/astra-control-dashboard/media/Lift__delta__proprio__codex-gpt-6-astra__s0__20260908T125956Z/ep18.mp4,https://asimfish.github.io/astra-control-dashboard/#vid-Lift,https://asimfish.github.io/astra-control-dashboard/,published_trial_card,20260908T125956Z
robosuite:20260908T125956Z:ep19,robosuite,Panda / MuJoCo,Lift,delta/proprio,gpt-6-astra,published Codex configuration; not upstream receipt re-audit,medium,v3,,19,True,published_completed,,2,7716,76.55,,,,https://asimfish.github.io/astra-control-dashboard/media/Lift__delta__proprio__codex-gpt-6-astra__s0__20260908T125956Z/ep19.mp4,https://asimfish.github.io/astra-control-dashboard/#vid-Lift,https://asimfish.github.io/astra-control-dashboard/,published_trial_card,20260908T125956Z
robosuite:20260907T111645Z:ep00,robosuite,Panda / MuJoCo,Lift,waypoint/none,gpt-6-astra,published Codex configuration; not upstream receipt re-audit,medium,v1,,0,True,published_completed,,1,22461,29.63,,,,https://asimfish.github.io/astra-control-dashboard/media/Lift__waypoint__none__codex-gpt-6-astra__s0__20260907T111645Z/ep00.mp4,https://asimfish.github.io/astra-control-dashboard/#vid-Lift,https://asimfish.github.io/astra-control-dashboard/,published_trial_card,20260907T111645Z
robosuite:20260907T111645Z:ep01,robosuite,Panda / MuJoCo,Lift,waypoint/none,gpt-6-astra,published Codex configuration; not upstream receipt re-audit,medium,v1,,1,True,published_completed,,1,22338,24.77,,,,https://asimfish.github.io/astra-control-dashboard/media/Lift__waypoint__none__codex-gpt-6-astra__s0__20260907T111645Z/ep01.mp4,https://asimfish.github.io/astra-control-dashboard/#vid-Lift,https://asimfish.github.io/astra-control-dashboard/,published_trial_card,20260907T111645Z
robosuite:20260907T111645Z:ep02,robosuite,Panda / MuJoCo,Lift,waypoint/none,gpt-6-astra,published Codex configuration; not upstream receipt re-audit,medium,v1,,2,True,published_completed,,3,67162,78.4,,,,https://asimfish.github.io/astra-control-dashboard/media/Lift__waypoint__none__codex-gpt-6-astra__s0__20260907T111645Z/ep02.mp4,https://asimfish.github.io/astra-control-dashboard/#vid-Lift,https://asimfish.github.io/astra-control-dashboard/,published_trial_card,20260907T111645Z
robosuite:20260907T111645Z:ep03,robosuite,Panda / MuJoCo,Lift,waypoint/none,gpt-6-astra,published Codex configuration; not upstream receipt re-audit,medium,v1,,3,True,published_completed,,1,10186,28.91,,,,https://asimfish.github.io/astra-control-dashboard/media/Lift__waypoint__none__codex-gpt-6-astra__s0__20260907T111645Z/ep03.mp4,https://asimfish.github.io/astra-control-dashboard/#vid-Lift,https://asimfish.github.io/astra-control-dashboard/,published_trial_card,20260907T111645Z
robosuite:20260907T111645Z:ep04,robosuite,Panda / MuJoCo,Lift,waypoint/none,gpt-6-astra,published Codex configuration; not upstream receipt re-audit,medium,v1,,4,True,published_completed,,4,90194,124.18,,,,https://asimfish.github.io/astra-control-dashboard/media/Lift__waypoint__none__codex-gpt-6-astra__s0__20260907T111645Z/ep04.mp4,https://asimfish.github.io/astra-control-dashboard/#vid-Lift,https://asimfish.github.io/astra-control-dashboard/,published_trial_card,20260907T111645Z
robosuite:20260908T124519Z:ep00,robosuite,Panda / MuJoCo,Lift,waypoint/none,gpt-6-astra,published Codex configuration; not upstream receipt re-audit,medium,v3,,0,True,published_completed,,3,26559,101.26,,,,https://asimfish.github.io/astra-control-dashboard/media/Lift__waypoint__none__codex-gpt-6-astra__s0__20260908T124519Z/ep00.mp4,https://asimfish.github.io/astra-control-dashboard/#vid-Lift,https://asimfish.github.io/astra-control-dashboard/,published_trial_card,20260908T124519Z
robosuite:20260908T124519Z:ep01,robosuite,Panda / MuJoCo,Lift,waypoint/none,gpt-6-astra,published Codex configuration; not upstream receipt re-audit,medium,v3,,1,True,published_completed,,1,18902,25.58,,,,https://asimfish.github.io/astra-control-dashboard/media/Lift__waypoint__none__codex-gpt-6-astra__s0__20260908T124519Z/ep01.mp4,https://asimfish.github.io/astra-control-dashboard/#vid-Lift,https://asimfish.github.io/astra-control-dashboard/,published_trial_card,20260908T124519Z
robosuite:20260908T124519Z:ep02,robosuite,Panda / MuJoCo,Lift,waypoint/none,gpt-6-astra,published Codex configuration; not upstream receipt re-audit,medium,v3,,2,True,published_completed,,1,3408,23.36,,,,https://asimfish.github.io/astra-control-dashboard/media/Lift__waypoint__none__codex-gpt-6-astra__s0__20260908T124519Z/ep02.mp4,https://asimfish.github.io/astra-control-dashboard/#vid-Lift,https://asimfish.github.io/astra-control-dashboard/,published_trial_card,20260908T124519Z
robosuite:20260908T124519Z:ep03,robosuite,Panda / MuJoCo,Lift,waypoint/none,gpt-6-astra,published Codex configuration; not upstream receipt re-audit,medium,v3,,3,True,published_completed,,1,3471,24.94,,,,https://asimfish.github.io/astra-control-dashboard/media/Lift__waypoint__none__codex-gpt-6-astra__s0__20260908T124519Z/ep03.mp4,https://asimfish.github.io/astra-control-dashboard/#vid-Lift,https://asimfish.github.io/astra-control-dashboard/,published_trial_card,20260908T124519Z
robosuite:20260908T124519Z:ep04,robosuite,Panda / MuJoCo,Lift,waypoint/none,gpt-6-astra,published Codex configuration; not upstream receipt re-audit,medium,v3,,4,True,published_completed,,1,3552,31.07,,,,https://asimfish.github.io/astra-control-dashboard/media/Lift__waypoint__none__codex-gpt-6-astra__s0__20260908T124519Z/ep04.mp4,https://asimfish.github.io/astra-control-dashboard/#vid-Lift,https://asimfish.github.io/astra-control-dashboard/,published_trial_card,20260908T124519Z
robosuite:20260908T124519Z:ep05,robosuite,Panda / MuJoCo,Lift,waypoint/none,gpt-6-astra,published Codex configuration; not upstream receipt re-audit,medium,v3,,5,True,published_completed,,5,17816,148.53,,,,https://asimfish.github.io/astra-control-dashboard/media/Lift__waypoint__none__codex-gpt-6-astra__s0__20260908T124519Z/ep05.mp4,https://asimfish.github.io/astra-control-dashboard/#vid-Lift,https://asimfish.github.io/astra-control-dashboard/,published_trial_card,20260908T124519Z
robosuite:20260908T124519Z:ep06,robosuite,Panda / MuJoCo,Lift,waypoint/none,gpt-6-astra,published Codex configuration; not upstream receipt re-audit,medium,v3,,6,True,published_completed,,2,6814,40.39,,,,https://asimfish.github.io/astra-control-dashboard/media/Lift__waypoint__none__codex-gpt-6-astra__s0__20260908T124519Z/ep06.mp4,https://asimfish.github.io/astra-control-dashboard/#vid-Lift,https://asimfish.github.io/astra-control-dashboard/,published_trial_card,20260908T124519Z
robosuite:20260908T124519Z:ep07,robosuite,Panda / MuJoCo,Lift,waypoint/none,gpt-6-astra,published Codex configuration; not upstream receipt re-audit,medium,v3,,7,True,published_completed,,1,3467,27.96,,,,https://asimfish.github.io/astra-control-dashboard/media/Lift__waypoint__none__codex-gpt-6-astra__s0__20260908T124519Z/ep07.mp4,https://asimfish.github.io/astra-control-dashboard/#vid-Lift,https://asimfish.github.io/astra-control-dashboard/,published_trial_card,20260908T124519Z
robosuite:20260908T124519Z:ep08,robosuite,Panda / MuJoCo,Lift,waypoint/none,gpt-6-astra,published Codex configuration; not upstream receipt re-audit,medium,v3,,8,True,published_completed,,1,3467,24.78,,,,https://asimfish.github.io/astra-control-dashboard/media/Lift__waypoint__none__codex-gpt-6-astra__s0__20260908T124519Z/ep08.mp4,https://asimfish.github.io/astra-control-dashboard/#vid-Lift,https://asimfish.github.io/astra-control-dashboard/,published_trial_card,20260908T124519Z
robosuite:20260908T124519Z:ep09,robosuite,Panda / MuJoCo,Lift,waypoint/none,gpt-6-astra,published Codex configuration; not upstream receipt re-audit,medium,v3,,9,True,published_completed,,1,18937,23.97,,,,https://asimfish.github.io/astra-control-dashboard/media/Lift__waypoint__none__codex-gpt-6-astra__s0__20260908T124519Z/ep09.mp4,https://asimfish.github.io/astra-control-dashboard/#vid-Lift,https://asimfish.github.io/astra-control-dashboard/,published_trial_card,20260908T124519Z
robosuite:20260908T124519Z:ep10,robosuite,Panda / MuJoCo,Lift,waypoint/none,gpt-6-astra,published Codex configuration; not upstream receipt re-audit,medium,v3,,10,True,published_completed,,1,3514,29.56,,,,https://asimfish.github.io/astra-control-dashboard/media/Lift__waypoint__none__codex-gpt-6-astra__s0__20260908T124519Z/ep10.mp4,https://asimfish.github.io/astra-control-dashboard/#vid-Lift,https://asimfish.github.io/astra-control-dashboard/,published_trial_card,20260908T124519Z
robosuite:20260908T124519Z:ep11,robosuite,Panda / MuJoCo,Lift,waypoint/none,gpt-6-astra,published Codex configuration; not upstream receipt re-audit,medium,v3,,11,True,published_completed,,2,7045,60.27,,,,https://asimfish.github.io/astra-control-dashboard/media/Lift__waypoint__none__codex-gpt-6-astra__s0__20260908T124519Z/ep11.mp4,https://asimfish.github.io/astra-control-dashboard/#vid-Lift,https://asimfish.github.io/astra-control-dashboard/,published_trial_card,20260908T124519Z
robosuite:20260908T124519Z:ep12,robosuite,Panda / MuJoCo,Lift,waypoint/none,gpt-6-astra,published Codex configuration; not upstream receipt re-audit,medium,v3,,12,True,published_completed,,1,3462,22.68,,,,https://asimfish.github.io/astra-control-dashboard/media/Lift__waypoint__none__codex-gpt-6-astra__s0__20260908T124519Z/ep12.mp4,https://asimfish.github.io/astra-control-dashboard/#vid-Lift,https://asimfish.github.io/astra-control-dashboard/,published_trial_card,20260908T124519Z
robosuite:20260908T124519Z:ep13,robosuite,Panda / MuJoCo,Lift,waypoint/none,gpt-6-astra,published Codex configuration; not upstream receipt re-audit,medium,v3,,13,True,published_completed,,1,3507,29.08,,,,https://asimfish.github.io/astra-control-dashboard/media/Lift__waypoint__none__codex-gpt-6-astra__s0__20260908T124519Z/ep13.mp4,https://asimfish.github.io/astra-control-dashboard/#vid-Lift,https://asimfish.github.io/astra-control-dashboard/,published_trial_card,20260908T124519Z
robosuite:20260908T124519Z:ep14,robosuite,Panda / MuJoCo,Lift,waypoint/none,gpt-6-astra,published Codex configuration; not upstream receipt re-audit,medium,v3,,14,True,published_completed,,2,22465,54.58,,,,https://asimfish.github.io/astra-control-dashboard/media/Lift__waypoint__none__codex-gpt-6-astra__s0__20260908T124519Z/ep14.mp4,https://asimfish.github.io/astra-control-dashboard/#vid-Lift,https://asimfish.github.io/astra-control-dashboard/,published_trial_card,20260908T124519Z
robosuite:20260908T124519Z:ep15,robosuite,Panda / MuJoCo,Lift,waypoint/none,gpt-6-astra,published Codex configuration; not upstream receipt re-audit,medium,v3,,15,True,published_completed,,1,3635,29.06,,,,https://asimfish.github.io/astra-control-dashboard/media/Lift__waypoint__none__codex-gpt-6-astra__s0__20260908T124519Z/ep15.mp4,https://asimfish.github.io/astra-control-dashboard/#vid-Lift,https://asimfish.github.io/astra-control-dashboard/,published_trial_card,20260908T124519Z
robosuite:20260908T124519Z:ep16,robosuite,Panda / MuJoCo,Lift,waypoint/none,gpt-6-astra,published Codex configuration; not upstream receipt re-audit,medium,v3,,16,True,published_completed,,1,3477,31.21,,,,https://asimfish.github.io/astra-control-dashboard/media/Lift__waypoint__none__codex-gpt-6-astra__s0__20260908T124519Z/ep16.mp4,https://asimfish.github.io/astra-control-dashboard/#vid-Lift,https://asimfish.github.io/astra-control-dashboard/,published_trial_card,20260908T124519Z
robosuite:20260908T124519Z:ep17,robosuite,Panda / MuJoCo,Lift,waypoint/none,gpt-6-astra,published Codex configuration; not upstream receipt re-audit,medium,v3,,17,True,published_completed,,1,3627,32.64,,,,https://asimfish.github.io/astra-control-dashboard/media/Lift__waypoint__none__codex-gpt-6-astra__s0__20260908T124519Z/ep17.mp4,https://asimfish.github.io/astra-control-dashboard/#vid-Lift,https://asimfish.github.io/astra-control-dashboard/,published_trial_card,20260908T124519Z
robosuite:20260908T124519Z:ep18,robosuite,Panda / MuJoCo,Lift,waypoint/none,gpt-6-astra,published Codex configuration; not upstream receipt re-audit,medium,v3,,18,True,published_completed,,2,6943,50.75,,,,https://asimfish.github.io/astra-control-dashboard/media/Lift__waypoint__none__codex-gpt-6-astra__s0__20260908T124519Z/ep18.mp4,https://asimfish.github.io/astra-control-dashboard/#vid-Lift,https://asimfish.github.io/astra-control-dashboard/,published_trial_card,20260908T124519Z
robosuite:20260908T124519Z:ep19,robosuite,Panda / MuJoCo,Lift,waypoint/none,gpt-6-astra,published Codex configuration; not upstream receipt re-audit,medium,v3,,19,True,published_completed,,2,7034,59.03,,,,https://asimfish.github.io/astra-control-dashboard/media/Lift__waypoint__none__codex-gpt-6-astra__s0__20260908T124519Z/ep19.mp4,https://asimfish.github.io/astra-control-dashboard/#vid-Lift,https://asimfish.github.io/astra-control-dashboard/,published_trial_card,20260908T124519Z
robosuite:20260907T111048Z:ep00,robosuite,Panda / MuJoCo,Lift,waypoint/proprio,gpt-6-astra,published Codex configuration; not upstream receipt re-audit,medium,v1,,0,True,published_completed,,2,44669,45.61,,,,https://asimfish.github.io/astra-control-dashboard/media/Lift__waypoint__proprio__codex-gpt-6-astra__s0__20260907T111048Z/ep00.mp4,https://asimfish.github.io/astra-control-dashboard/#vid-Lift,https://asimfish.github.io/astra-control-dashboard/,published_trial_card,20260907T111048Z
robosuite:20260907T111048Z:ep01,robosuite,Panda / MuJoCo,Lift,waypoint/proprio,gpt-6-astra,published Codex configuration; not upstream receipt re-audit,medium,v1,,1,True,published_completed,,2,44612,40.81,,,,https://asimfish.github.io/astra-control-dashboard/media/Lift__waypoint__proprio__codex-gpt-6-astra__s0__20260907T111048Z/ep01.mp4,https://asimfish.github.io/astra-control-dashboard/#vid-Lift,https://asimfish.github.io/astra-control-dashboard/,published_trial_card,20260907T111048Z
robosuite:20260907T111048Z:ep02,robosuite,Panda / MuJoCo,Lift,waypoint/proprio,gpt-6-astra,published Codex configuration; not upstream receipt re-audit,medium,v1,,2,True,published_completed,,5,94980,148.72,,,,https://asimfish.github.io/astra-control-dashboard/media/Lift__waypoint__proprio__codex-gpt-6-astra__s0__20260907T111048Z/ep02.mp4,https://asimfish.github.io/astra-control-dashboard/#vid-Lift,https://asimfish.github.io/astra-control-dashboard/,published_trial_card,20260907T111048Z
robosuite:20260907T111048Z:ep03,robosuite,Panda / MuJoCo,Lift,waypoint/proprio,gpt-6-astra,published Codex configuration; not upstream receipt re-audit,medium,v1,,3,True,published_completed,,2,44801,56.02,,,,https://asimfish.github.io/astra-control-dashboard/media/Lift__waypoint__proprio__codex-gpt-6-astra__s0__20260907T111048Z/ep03.mp4,https://asimfish.github.io/astra-control-dashboard/#vid-Lift,https://asimfish.github.io/astra-control-dashboard/,published_trial_card,20260907T111048Z
robosuite:20260907T111048Z:ep04,robosuite,Panda / MuJoCo,Lift,waypoint/proprio,gpt-6-astra,published Codex configuration; not upstream receipt re-audit,medium,v1,,4,True,published_completed,,2,44953,62.45,,,,https://asimfish.github.io/astra-control-dashboard/media/Lift__waypoint__proprio__codex-gpt-6-astra__s0__20260907T111048Z/ep04.mp4,https://asimfish.github.io/astra-control-dashboard/#vid-Lift,https://asimfish.github.io/astra-control-dashboard/,published_trial_card,20260907T111048Z
robosuite:20260908T122854Z:ep00,robosuite,Panda / MuJoCo,Lift,waypoint/proprio,gpt-6-astra,published Codex configuration; not upstream receipt re-audit,medium,v3,,0,True,published_completed,,2,38245,51.77,,,,https://asimfish.github.io/astra-control-dashboard/media/Lift__waypoint__proprio__codex-gpt-6-astra__s0__20260908T122854Z/ep00.mp4,https://asimfish.github.io/astra-control-dashboard/#vid-Lift,https://asimfish.github.io/astra-control-dashboard/,published_trial_card,20260908T122854Z
robosuite:20260908T122854Z:ep01,robosuite,Panda / MuJoCo,Lift,waypoint/proprio,gpt-6-astra,published Codex configuration; not upstream receipt re-audit,medium,v3,,1,True,published_completed,,2,38362,54.47,,,,https://asimfish.github.io/astra-control-dashboard/media/Lift__waypoint__proprio__codex-gpt-6-astra__s0__20260908T122854Z/ep01.mp4,https://asimfish.github.io/astra-control-dashboard/#vid-Lift,https://asimfish.github.io/astra-control-dashboard/,published_trial_card,20260908T122854Z
robosuite:20260908T122854Z:ep02,robosuite,Panda / MuJoCo,Lift,waypoint/proprio,gpt-6-astra,published Codex configuration; not upstream receipt re-audit,medium,v3,,2,True,published_completed,,2,38398,61.83,,,,https://asimfish.github.io/astra-control-dashboard/media/Lift__waypoint__proprio__codex-gpt-6-astra__s0__20260908T122854Z/ep02.mp4,https://asimfish.github.io/astra-control-dashboard/#vid-Lift,https://asimfish.github.io/astra-control-dashboard/,published_trial_card,20260908T122854Z
robosuite:20260908T122854Z:ep03,robosuite,Panda / MuJoCo,Lift,waypoint/proprio,gpt-6-astra,published Codex configuration; not upstream receipt re-audit,medium,v3,,3,True,published_completed,,2,22877,58.05,,,,https://asimfish.github.io/astra-control-dashboard/media/Lift__waypoint__proprio__codex-gpt-6-astra__s0__20260908T122854Z/ep03.mp4,https://asimfish.github.io/astra-control-dashboard/#vid-Lift,https://asimfish.github.io/astra-control-dashboard/,published_trial_card,20260908T122854Z
robosuite:20260908T122854Z:ep04,robosuite,Panda / MuJoCo,Lift,waypoint/proprio,gpt-6-astra,published Codex configuration; not upstream receipt re-audit,medium,v3,,4,True,published_completed,,1,3770,43.48,,,,https://asimfish.github.io/astra-control-dashboard/media/Lift__waypoint__proprio__codex-gpt-6-astra__s0__20260908T122854Z/ep04.mp4,https://asimfish.github.io/astra-control-dashboard/#vid-Lift,https://asimfish.github.io/astra-control-dashboard/,published_trial_card,20260908T122854Z
robosuite:20260908T122854Z:ep05,robosuite,Panda / MuJoCo,Lift,waypoint/proprio,gpt-6-astra,published Codex configuration; not upstream receipt re-audit,medium,v3,,5,True,published_completed,,2,22880,57.62,,,,https://asimfish.github.io/astra-control-dashboard/media/Lift__waypoint__proprio__codex-gpt-6-astra__s0__20260908T122854Z/ep05.mp4,https://asimfish.github.io/astra-control-dashboard/#vid-Lift,https://asimfish.github.io/astra-control-dashboard/,published_trial_card,20260908T122854Z
robosuite:20260908T122854Z:ep06,robosuite,Panda / MuJoCo,Lift,waypoint/proprio,gpt-6-astra,published Codex configuration; not upstream receipt re-audit,medium,v3,,6,True,published_completed,,2,38424,52.58,,,,https://asimfish.github.io/astra-control-dashboard/media/Lift__waypoint__proprio__codex-gpt-6-astra__s0__20260908T122854Z/ep06.mp4,https://asimfish.github.io/astra-control-dashboard/#vid-Lift,https://asimfish.github.io/astra-control-dashboard/,published_trial_card,20260908T122854Z
robosuite:20260908T122854Z:ep07,robosuite,Panda / MuJoCo,Lift,waypoint/proprio,gpt-6-astra,published Codex configuration; not upstream receipt re-audit,medium,v3,,7,True,published_completed,,1,19192,29.87,,,,https://asimfish.github.io/astra-control-dashboard/media/Lift__waypoint__proprio__codex-gpt-6-astra__s0__20260908T122854Z/ep07.mp4,https://asimfish.github.io/astra-control-dashboard/#vid-Lift,https://asimfish.github.io/astra-control-dashboard/,published_trial_card,20260908T122854Z
robosuite:20260908T122854Z:ep08,robosuite,Panda / MuJoCo,Lift,waypoint/proprio,gpt-6-astra,published Codex configuration; not upstream receipt re-audit,medium,v3,,8,True,published_completed,,2,22828,49.85,,,,https://asimfish.github.io/astra-control-dashboard/media/Lift__waypoint__proprio__codex-gpt-6-astra__s0__20260908T122854Z/ep08.mp4,https://asimfish.github.io/astra-control-dashboard/#vid-Lift,https://asimfish.github.io/astra-control-dashboard/,published_trial_card,20260908T122854Z
robosuite:20260908T122854Z:ep09,robosuite,Panda / MuJoCo,Lift,waypoint/proprio,gpt-6-astra,published Codex configuration; not upstream receipt re-audit,medium,v3,,9,True,published_completed,,1,19258,34.14,,,,https://asimfish.github.io/astra-control-dashboard/media/Lift__waypoint__proprio__codex-gpt-6-astra__s0__20260908T122854Z/ep09.mp4,https://asimfish.github.io/astra-control-dashboard/#vid-Lift,https://asimfish.github.io/astra-control-dashboard/,published_trial_card,20260908T122854Z
robosuite:20260908T122854Z:ep10,robosuite,Panda / MuJoCo,Lift,waypoint/proprio,gpt-6-astra,published Codex configuration; not upstream receipt re-audit,medium,v3,,10,True,published_completed,,2,22935,61.35,,,,https://asimfish.github.io/astra-control-dashboard/media/Lift__waypoint__proprio__codex-gpt-6-astra__s0__20260908T122854Z/ep10.mp4,https://asimfish.github.io/astra-control-dashboard/#vid-Lift,https://asimfish.github.io/astra-control-dashboard/,published_trial_card,20260908T122854Z
robosuite:20260908T122854Z:ep11,robosuite,Panda / MuJoCo,Lift,waypoint/proprio,gpt-6-astra,published Codex configuration; not upstream receipt re-audit,medium,v3,,11,True,published_completed,,2,7318,51.81,,,,https://asimfish.github.io/astra-control-dashboard/media/Lift__waypoint__proprio__codex-gpt-6-astra__s0__20260908T122854Z/ep11.mp4,https://asimfish.github.io/astra-control-dashboard/#vid-Lift,https://asimfish.github.io/astra-control-dashboard/,published_trial_card,20260908T122854Z
robosuite:20260908T122854Z:ep12,robosuite,Panda / MuJoCo,Lift,waypoint/proprio,gpt-6-astra,published Codex configuration; not upstream receipt re-audit,medium,v3,,12,True,published_completed,,2,36724,49.52,,,,https://asimfish.github.io/astra-control-dashboard/media/Lift__waypoint__proprio__codex-gpt-6-astra__s0__20260908T122854Z/ep12.mp4,https://asimfish.github.io/astra-control-dashboard/#vid-Lift,https://asimfish.github.io/astra-control-dashboard/,published_trial_card,20260908T122854Z
robosuite:20260908T122854Z:ep13,robosuite,Panda / MuJoCo,Lift,waypoint/proprio,gpt-6-astra,published Codex configuration; not upstream receipt re-audit,medium,v3,,13,True,published_completed,,1,3827,34.98,,,,https://asimfish.github.io/astra-control-dashboard/media/Lift__waypoint__proprio__codex-gpt-6-astra__s0__20260908T122854Z/ep13.mp4,https://asimfish.github.io/astra-control-dashboard/#vid-Lift,https://asimfish.github.io/astra-control-dashboard/,published_trial_card,20260908T122854Z
robosuite:20260908T122854Z:ep14,robosuite,Panda / MuJoCo,Lift,waypoint/proprio,gpt-6-astra,published Codex configuration; not upstream receipt re-audit,medium,v3,,14,True,published_completed,,2,7468,62.31,,,,https://asimfish.github.io/astra-control-dashboard/media/Lift__waypoint__proprio__codex-gpt-6-astra__s0__20260908T122854Z/ep14.mp4,https://asimfish.github.io/astra-control-dashboard/#vid-Lift,https://asimfish.github.io/astra-control-dashboard/,published_trial_card,20260908T122854Z
robosuite:20260908T122854Z:ep15,robosuite,Panda / MuJoCo,Lift,waypoint/proprio,gpt-6-astra,published Codex configuration; not upstream receipt re-audit,medium,v3,,15,True,published_completed,,1,3801,28.29,,,,https://asimfish.github.io/astra-control-dashboard/media/Lift__waypoint__proprio__codex-gpt-6-astra__s0__20260908T122854Z/ep15.mp4,https://asimfish.github.io/astra-control-dashboard/#vid-Lift,https://asimfish.github.io/astra-control-dashboard/,published_trial_card,20260908T122854Z
robosuite:20260908T122854Z:ep16,robosuite,Panda / MuJoCo,Lift,waypoint/proprio,gpt-6-astra,published Codex configuration; not upstream receipt re-audit,medium,v3,,16,True,published_completed,,2,7381,53.99,,,,https://asimfish.github.io/astra-control-dashboard/media/Lift__waypoint__proprio__codex-gpt-6-astra__s0__20260908T122854Z/ep16.mp4,https://asimfish.github.io/astra-control-dashboard/#vid-Lift,https://asimfish.github.io/astra-control-dashboard/,published_trial_card,20260908T122854Z
robosuite:20260908T122854Z:ep17,robosuite,Panda / MuJoCo,Lift,waypoint/proprio,gpt-6-astra,published Codex configuration; not upstream receipt re-audit,medium,v3,,17,True,published_completed,,1,19251,28.7,,,,https://asimfish.github.io/astra-control-dashboard/media/Lift__waypoint__proprio__codex-gpt-6-astra__s0__20260908T122854Z/ep17.mp4,https://asimfish.github.io/astra-control-dashboard/#vid-Lift,https://asimfish.github.io/astra-control-dashboard/,published_trial_card,20260908T122854Z
robosuite:20260908T122854Z:ep18,robosuite,Panda / MuJoCo,Lift,waypoint/proprio,gpt-6-astra,published Codex configuration; not upstream receipt re-audit,medium,v3,,18,True,published_completed,,2,22906,60.05,,,,https://asimfish.github.io/astra-control-dashboard/media/Lift__waypoint__proprio__codex-gpt-6-astra__s0__20260908T122854Z/ep18.mp4,https://asimfish.github.io/astra-control-dashboard/#vid-Lift,https://asimfish.github.io/astra-control-dashboard/,published_trial_card,20260908T122854Z
robosuite:20260908T122854Z:ep19,robosuite,Panda / MuJoCo,Lift,waypoint/proprio,gpt-6-astra,published Codex configuration; not upstream receipt re-audit,medium,v3,,19,True,published_completed,,2,22823,54.63,,,,https://asimfish.github.io/astra-control-dashboard/media/Lift__waypoint__proprio__codex-gpt-6-astra__s0__20260908T122854Z/ep19.mp4,https://asimfish.github.io/astra-control-dashboard/#vid-Lift,https://asimfish.github.io/astra-control-dashboard/,published_trial_card,20260908T122854Z
robosuite:20260907T113113Z:ep00,robosuite,Panda / MuJoCo,Lift,code/proprio,gpt-6-astra,published Codex configuration; not upstream receipt re-audit,medium,v1,,0,True,published_completed,,1,22811,43.19,,,,https://asimfish.github.io/astra-control-dashboard/media/Lift__code__proprio__codex-gpt-6-astra__s0__20260907T113113Z/ep00.mp4,https://asimfish.github.io/astra-control-dashboard/#vid-Lift,https://asimfish.github.io/astra-control-dashboard/,published_trial_card,20260907T113113Z
robosuite:20260907T113113Z:ep01,robosuite,Panda / MuJoCo,Lift,code/proprio,gpt-6-astra,published Codex configuration; not upstream receipt re-audit,medium,v1,,1,True,published_completed,,1,22788,41.5,,,,https://asimfish.github.io/astra-control-dashboard/media/Lift__code__proprio__codex-gpt-6-astra__s0__20260907T113113Z/ep01.mp4,https://asimfish.github.io/astra-control-dashboard/#vid-Lift,https://asimfish.github.io/astra-control-dashboard/,published_trial_card,20260907T113113Z
robosuite:20260907T113113Z:ep02,robosuite,Panda / MuJoCo,Lift,code/proprio,gpt-6-astra,published Codex configuration; not upstream receipt re-audit,medium,v1,,2,True,published_completed,,1,23036,51.87,,,,https://asimfish.github.io/astra-control-dashboard/media/Lift__code__proprio__codex-gpt-6-astra__s0__20260907T113113Z/ep02.mp4,https://asimfish.github.io/astra-control-dashboard/#vid-Lift,https://asimfish.github.io/astra-control-dashboard/,published_trial_card,20260907T113113Z
robosuite:20260907T113113Z:ep03,robosuite,Panda / MuJoCo,Lift,code/proprio,gpt-6-astra,published Codex configuration; not upstream receipt re-audit,medium,v1,,3,True,published_completed,,1,4996,37.01,,,,https://asimfish.github.io/astra-control-dashboard/media/Lift__code__proprio__codex-gpt-6-astra__s0__20260907T113113Z/ep03.mp4,https://asimfish.github.io/astra-control-dashboard/#vid-Lift,https://asimfish.github.io/astra-control-dashboard/,published_trial_card,20260907T113113Z
robosuite:20260907T113113Z:ep04,robosuite,Panda / MuJoCo,Lift,code/proprio,gpt-6-astra,published Codex configuration; not upstream receipt re-audit,medium,v1,,4,True,published_completed,,1,22975,49.59,,,,https://asimfish.github.io/astra-control-dashboard/media/Lift__code__proprio__codex-gpt-6-astra__s0__20260907T113113Z/ep04.mp4,https://asimfish.github.io/astra-control-dashboard/#vid-Lift,https://asimfish.github.io/astra-control-dashboard/,published_trial_card,20260907T113113Z
robosuite:20260908T134254Z:ep00,robosuite,Panda / MuJoCo,Lift,code/proprio,gpt-6-astra,published Codex configuration; not upstream receipt re-audit,medium,v3,,0,True,published_completed,,1,3817,31.6,,,,https://asimfish.github.io/astra-control-dashboard/media/Lift__code__proprio__codex-gpt-6-astra__s0__20260908T134254Z/ep00.mp4,https://asimfish.github.io/astra-control-dashboard/#vid-Lift,https://asimfish.github.io/astra-control-dashboard/,published_trial_card,20260908T134254Z
robosuite:20260908T134254Z:ep01,robosuite,Panda / MuJoCo,Lift,code/proprio,gpt-6-astra,published Codex configuration; not upstream receipt re-audit,medium,v3,,1,True,published_completed,,1,3887,36.39,,,,https://asimfish.github.io/astra-control-dashboard/media/Lift__code__proprio__codex-gpt-6-astra__s0__20260908T134254Z/ep01.mp4,https://asimfish.github.io/astra-control-dashboard/#vid-Lift,https://asimfish.github.io/astra-control-dashboard/,published_trial_card,20260908T134254Z
robosuite:20260908T134254Z:ep02,robosuite,Panda / MuJoCo,Lift,code/proprio,gpt-6-astra,published Codex configuration; not upstream receipt re-audit,medium,v3,,2,True,published_completed,,1,19459,42.34,,,,https://asimfish.github.io/astra-control-dashboard/media/Lift__code__proprio__codex-gpt-6-astra__s0__20260908T134254Z/ep02.mp4,https://asimfish.github.io/astra-control-dashboard/#vid-Lift,https://asimfish.github.io/astra-control-dashboard/,published_trial_card,20260908T134254Z
robosuite:20260908T134254Z:ep03,robosuite,Panda / MuJoCo,Lift,code/proprio,gpt-6-astra,published Codex configuration; not upstream receipt re-audit,medium,v3,,3,True,published_completed,,1,19356,31.86,,,,https://asimfish.github.io/astra-control-dashboard/media/Lift__code__proprio__codex-gpt-6-astra__s0__20260908T134254Z/ep03.mp4,https://asimfish.github.io/astra-control-dashboard/#vid-Lift,https://asimfish.github.io/astra-control-dashboard/,published_trial_card,20260908T134254Z
robosuite:20260908T134254Z:ep04,robosuite,Panda / MuJoCo,Lift,code/proprio,gpt-6-astra,published Codex configuration; not upstream receipt re-audit,medium,v3,,4,True,published_completed,,1,19402,44.57,,,,https://asimfish.github.io/astra-control-dashboard/media/Lift__code__proprio__codex-gpt-6-astra__s0__20260908T134254Z/ep04.mp4,https://asimfish.github.io/astra-control-dashboard/#vid-Lift,https://asimfish.github.io/astra-control-dashboard/,published_trial_card,20260908T134254Z
robosuite:20260908T134254Z:ep05,robosuite,Panda / MuJoCo,Lift,code/proprio,gpt-6-astra,published Codex configuration; not upstream receipt re-audit,medium,v3,,5,True,published_completed,,1,19421,50.42,,,,https://asimfish.github.io/astra-control-dashboard/media/Lift__code__proprio__codex-gpt-6-astra__s0__20260908T134254Z/ep05.mp4,https://asimfish.github.io/astra-control-dashboard/#vid-Lift,https://asimfish.github.io/astra-control-dashboard/,published_trial_card,20260908T134254Z
robosuite:20260908T134254Z:ep06,robosuite,Panda / MuJoCo,Lift,code/proprio,gpt-6-astra,published Codex configuration; not upstream receipt re-audit,medium,v3,,6,True,published_completed,,1,19514,53.8,,,,https://asimfish.github.io/astra-control-dashboard/media/Lift__code__proprio__codex-gpt-6-astra__s0__20260908T134254Z/ep06.mp4,https://asimfish.github.io/astra-control-dashboard/#vid-Lift,https://asimfish.github.io/astra-control-dashboard/,published_trial_card,20260908T134254Z
robosuite:20260908T134254Z:ep07,robosuite,Panda / MuJoCo,Lift,code/proprio,gpt-6-astra,published Codex configuration; not upstream receipt re-audit,medium,v3,,7,True,published_completed,,1,19297,25.97,,,,https://asimfish.github.io/astra-control-dashboard/media/Lift__code__proprio__codex-gpt-6-astra__s0__20260908T134254Z/ep07.mp4,https://asimfish.github.io/astra-control-dashboard/#vid-Lift,https://asimfish.github.io/astra-control-dashboard/,published_trial_card,20260908T134254Z
robosuite:20260908T134254Z:ep08,robosuite,Panda / MuJoCo,Lift,code/proprio,gpt-6-astra,published Codex configuration; not upstream receipt re-audit,medium,v3,,8,True,published_completed,,1,19332,31.97,,,,https://asimfish.github.io/astra-control-dashboard/media/Lift__code__proprio__codex-gpt-6-astra__s0__20260908T134254Z/ep08.mp4,https://asimfish.github.io/astra-control-dashboard/#vid-Lift,https://asimfish.github.io/astra-control-dashboard/,published_trial_card,20260908T134254Z
robosuite:20260908T134254Z:ep09,robosuite,Panda / MuJoCo,Lift,code/proprio,gpt-6-astra,published Codex configuration; not upstream receipt re-audit,medium,v3,,9,True,published_completed,,1,19338,35.91,,,,https://asimfish.github.io/astra-control-dashboard/media/Lift__code__proprio__codex-gpt-6-astra__s0__20260908T134254Z/ep09.mp4,https://asimfish.github.io/astra-control-dashboard/#vid-Lift,https://asimfish.github.io/astra-control-dashboard/,published_trial_card,20260908T134254Z
robosuite:20260908T134254Z:ep10,robosuite,Panda / MuJoCo,Lift,code/proprio,gpt-6-astra,published Codex configuration; not upstream receipt re-audit,medium,v3,,10,True,published_completed,,1,19432,38.12,,,,https://asimfish.github.io/astra-control-dashboard/media/Lift__code__proprio__codex-gpt-6-astra__s0__20260908T134254Z/ep10.mp4,https://asimfish.github.io/astra-control-dashboard/#vid-Lift,https://asimfish.github.io/astra-control-dashboard/,published_trial_card,20260908T134254Z
robosuite:20260908T134254Z:ep11,robosuite,Panda / MuJoCo,Lift,code/proprio,gpt-6-astra,published Codex configuration; not upstream receipt re-audit,medium,v3,,11,True,published_completed,,1,19345,36.06,,,,https://asimfish.github.io/astra-control-dashboard/media/Lift__code__proprio__codex-gpt-6-astra__s0__20260908T134254Z/ep11.mp4,https://asimfish.github.io/astra-control-dashboard/#vid-Lift,https://asimfish.github.io/astra-control-dashboard/,published_trial_card,20260908T134254Z
robosuite:20260908T134254Z:ep12,robosuite,Panda / MuJoCo,Lift,code/proprio,gpt-6-astra,published Codex configuration; not upstream receipt re-audit,medium,v3,,12,True,published_completed,,1,19414,41.95,,,,https://asimfish.github.io/astra-control-dashboard/media/Lift__code__proprio__codex-gpt-6-astra__s0__20260908T134254Z/ep12.mp4,https://asimfish.github.io/astra-control-dashboard/#vid-Lift,https://asimfish.github.io/astra-control-dashboard/,published_trial_card,20260908T134254Z
robosuite:20260908T134254Z:ep13,robosuite,Panda / MuJoCo,Lift,code/proprio,gpt-6-astra,published Codex configuration; not upstream receipt re-audit,medium,v3,,13,True,published_completed,,1,4000,68.51,,,,https://asimfish.github.io/astra-control-dashboard/media/Lift__code__proprio__codex-gpt-6-astra__s0__20260908T134254Z/ep13.mp4,https://asimfish.github.io/astra-control-dashboard/#vid-Lift,https://asimfish.github.io/astra-control-dashboard/,published_trial_card,20260908T134254Z
robosuite:20260908T134254Z:ep14,robosuite,Panda / MuJoCo,Lift,code/proprio,gpt-6-astra,published Codex configuration; not upstream receipt re-audit,medium,v3,,14,True,published_completed,,1,18314,75.19,,,,https://asimfish.github.io/astra-control-dashboard/media/Lift__code__proprio__codex-gpt-6-astra__s0__20260908T134254Z/ep14.mp4,https://asimfish.github.io/astra-control-dashboard/#vid-Lift,https://asimfish.github.io/astra-control-dashboard/,published_trial_card,20260908T134254Z
robosuite:20260908T134254Z:ep15,robosuite,Panda / MuJoCo,Lift,code/proprio,gpt-6-astra,published Codex configuration; not upstream receipt re-audit,medium,v3,,15,True,published_completed,,1,3927,47.44,,,,https://asimfish.github.io/astra-control-dashboard/media/Lift__code__proprio__codex-gpt-6-astra__s0__20260908T134254Z/ep15.mp4,https://asimfish.github.io/astra-control-dashboard/#vid-Lift,https://asimfish.github.io/astra-control-dashboard/,published_trial_card,20260908T134254Z
robosuite:20260908T134254Z:ep16,robosuite,Panda / MuJoCo,Lift,code/proprio,gpt-6-astra,published Codex configuration; not upstream receipt re-audit,medium,v3,,16,True,published_completed,,1,19379,40.15,,,,https://asimfish.github.io/astra-control-dashboard/media/Lift__code__proprio__codex-gpt-6-astra__s0__20260908T134254Z/ep16.mp4,https://asimfish.github.io/astra-control-dashboard/#vid-Lift,https://asimfish.github.io/astra-control-dashboard/,published_trial_card,20260908T134254Z
robosuite:20260908T134254Z:ep17,robosuite,Panda / MuJoCo,Lift,code/proprio,gpt-6-astra,published Codex configuration; not upstream receipt re-audit,medium,v3,,17,True,published_completed,,1,19374,35.6,,,,https://asimfish.github.io/astra-control-dashboard/media/Lift__code__proprio__codex-gpt-6-astra__s0__20260908T134254Z/ep17.mp4,https://asimfish.github.io/astra-control-dashboard/#vid-Lift,https://asimfish.github.io/astra-control-dashboard/,published_trial_card,20260908T134254Z
robosuite:20260908T134254Z:ep18,robosuite,Panda / MuJoCo,Lift,code/proprio,gpt-6-astra,published Codex configuration; not upstream receipt re-audit,medium,v3,,18,True,published_completed,,1,19466,41.11,,,,https://asimfish.github.io/astra-control-dashboard/media/Lift__code__proprio__codex-gpt-6-astra__s0__20260908T134254Z/ep18.mp4,https://asimfish.github.io/astra-control-dashboard/#vid-Lift,https://asimfish.github.io/astra-control-dashboard/,published_trial_card,20260908T134254Z
robosuite:20260908T134254Z:ep19,robosuite,Panda / MuJoCo,Lift,code/proprio,gpt-6-astra,published Codex configuration; not upstream receipt re-audit,medium,v3,,19,True,published_completed,,1,19380,33.38,,,,https://asimfish.github.io/astra-control-dashboard/media/Lift__code__proprio__codex-gpt-6-astra__s0__20260908T134254Z/ep19.mp4,https://asimfish.github.io/astra-control-dashboard/#vid-Lift,https://asimfish.github.io/astra-control-dashboard/,published_trial_card,20260908T134254Z
robosuite:20260907T112729Z:ep00,robosuite,Panda / MuJoCo,Lift,code/privileged,gpt-6-astra,published Codex configuration; not upstream receipt re-audit,medium,v1,,0,True,published_completed,,1,22484,25.21,,,,https://asimfish.github.io/astra-control-dashboard/media/Lift__code__privileged__codex-gpt-6-astra__s0__20260907T112729Z/ep00.mp4,https://asimfish.github.io/astra-control-dashboard/#vid-Lift,https://asimfish.github.io/astra-control-dashboard/,published_trial_card,20260907T112729Z
robosuite:20260907T112729Z:ep01,robosuite,Panda / MuJoCo,Lift,code/privileged,gpt-6-astra,published Codex configuration; not upstream receipt re-audit,medium,v1,,1,True,published_completed,,2,45141,48.99,,,,https://asimfish.github.io/astra-control-dashboard/media/Lift__code__privileged__codex-gpt-6-astra__s0__20260907T112729Z/ep01.mp4,https://asimfish.github.io/astra-control-dashboard/#vid-Lift,https://asimfish.github.io/astra-control-dashboard/,published_trial_card,20260907T112729Z
robosuite:20260907T112729Z:ep02,robosuite,Panda / MuJoCo,Lift,code/privileged,gpt-6-astra,published Codex configuration; not upstream receipt re-audit,medium,v1,,2,True,published_completed,,2,45168,50.31,,,,https://asimfish.github.io/astra-control-dashboard/media/Lift__code__privileged__codex-gpt-6-astra__s0__20260907T112729Z/ep02.mp4,https://asimfish.github.io/astra-control-dashboard/#vid-Lift,https://asimfish.github.io/astra-control-dashboard/,published_trial_card,20260907T112729Z
robosuite:20260907T112729Z:ep03,robosuite,Panda / MuJoCo,Lift,code/privileged,gpt-6-astra,published Codex configuration; not upstream receipt re-audit,medium,v1,,3,True,published_completed,,2,45102,46.1,,,,https://asimfish.github.io/astra-control-dashboard/media/Lift__code__privileged__codex-gpt-6-astra__s0__20260907T112729Z/ep03.mp4,https://asimfish.github.io/astra-control-dashboard/#vid-Lift,https://asimfish.github.io/astra-control-dashboard/,published_trial_card,20260907T112729Z
robosuite:20260907T112729Z:ep04,robosuite,Panda / MuJoCo,Lift,code/privileged,gpt-6-astra,published Codex configuration; not upstream receipt re-audit,medium,v1,,4,True,published_completed,,2,45148,50.71,,,,https://asimfish.github.io/astra-control-dashboard/media/Lift__code__privileged__codex-gpt-6-astra__s0__20260907T112729Z/ep04.mp4,https://asimfish.github.io/astra-control-dashboard/#vid-Lift,https://asimfish.github.io/astra-control-dashboard/,published_trial_card,20260907T112729Z
robosuite:20260908T132433Z:ep00,robosuite,Panda / MuJoCo,Lift,code/privileged,gpt-6-astra,published Codex configuration; not upstream receipt re-audit,medium,v3,,0,True,published_completed,,2,38713,72.53,,,,https://asimfish.github.io/astra-control-dashboard/media/Lift__code__privileged__codex-gpt-6-astra__s0__20260908T132433Z/ep00.mp4,https://asimfish.github.io/astra-control-dashboard/#vid-Lift,https://asimfish.github.io/astra-control-dashboard/,published_trial_card,20260908T132433Z
robosuite:20260908T132433Z:ep01,robosuite,Panda / MuJoCo,Lift,code/privileged,gpt-6-astra,published Codex configuration; not upstream receipt re-audit,medium,v3,,1,True,published_completed,,1,19212,26.0,,,,https://asimfish.github.io/astra-control-dashboard/media/Lift__code__privileged__codex-gpt-6-astra__s0__20260908T132433Z/ep01.mp4,https://asimfish.github.io/astra-control-dashboard/#vid-Lift,https://asimfish.github.io/astra-control-dashboard/,published_trial_card,20260908T132433Z
robosuite:20260908T132433Z:ep02,robosuite,Panda / MuJoCo,Lift,code/privileged,gpt-6-astra,published Codex configuration; not upstream receipt re-audit,medium,v3,,2,True,published_completed,,2,38590,73.85,,,,https://asimfish.github.io/astra-control-dashboard/media/Lift__code__privileged__codex-gpt-6-astra__s0__20260908T132433Z/ep02.mp4,https://asimfish.github.io/astra-control-dashboard/#vid-Lift,https://asimfish.github.io/astra-control-dashboard/,published_trial_card,20260908T132433Z
robosuite:20260908T132433Z:ep03,robosuite,Panda / MuJoCo,Lift,code/privileged,gpt-6-astra,published Codex configuration; not upstream receipt re-audit,medium,v3,,3,True,published_completed,,1,19228,19.47,,,,https://asimfish.github.io/astra-control-dashboard/media/Lift__code__privileged__codex-gpt-6-astra__s0__20260908T132433Z/ep03.mp4,https://asimfish.github.io/astra-control-dashboard/#vid-Lift,https://asimfish.github.io/astra-control-dashboard/,published_trial_card,20260908T132433Z
robosuite:20260908T132433Z:ep04,robosuite,Panda / MuJoCo,Lift,code/privileged,gpt-6-astra,published Codex configuration; not upstream receipt re-audit,medium,v3,,4,True,published_completed,,1,19239,21.75,,,,https://asimfish.github.io/astra-control-dashboard/media/Lift__code__privileged__codex-gpt-6-astra__s0__20260908T132433Z/ep04.mp4,https://asimfish.github.io/astra-control-dashboard/#vid-Lift,https://asimfish.github.io/astra-control-dashboard/,published_trial_card,20260908T132433Z
robosuite:20260908T132433Z:ep05,robosuite,Panda / MuJoCo,Lift,code/privileged,gpt-6-astra,published Codex configuration; not upstream receipt re-audit,medium,v3,,5,True,published_completed,,1,19218,21.73,,,,https://asimfish.github.io/astra-control-dashboard/media/Lift__code__privileged__codex-gpt-6-astra__s0__20260908T132433Z/ep05.mp4,https://asimfish.github.io/astra-control-dashboard/#vid-Lift,https://asimfish.github.io/astra-control-dashboard/,published_trial_card,20260908T132433Z
robosuite:20260908T132433Z:ep06,robosuite,Panda / MuJoCo,Lift,code/privileged,gpt-6-astra,published Codex configuration; not upstream receipt re-audit,medium,v3,,6,True,published_completed,,1,19231,30.52,,,,https://asimfish.github.io/astra-control-dashboard/media/Lift__code__privileged__codex-gpt-6-astra__s0__20260908T132433Z/ep06.mp4,https://asimfish.github.io/astra-control-dashboard/#vid-Lift,https://asimfish.github.io/astra-control-dashboard/,published_trial_card,20260908T132433Z
robosuite:20260908T132433Z:ep07,robosuite,Panda / MuJoCo,Lift,code/privileged,gpt-6-astra,published Codex configuration; not upstream receipt re-audit,medium,v3,,7,True,published_completed,,1,19274,22.66,,,,https://asimfish.github.io/astra-control-dashboard/media/Lift__code__privileged__codex-gpt-6-astra__s0__20260908T132433Z/ep07.mp4,https://asimfish.github.io/astra-control-dashboard/#vid-Lift,https://asimfish.github.io/astra-control-dashboard/,published_trial_card,20260908T132433Z
robosuite:20260908T132433Z:ep08,robosuite,Panda / MuJoCo,Lift,code/privileged,gpt-6-astra,published Codex configuration; not upstream receipt re-audit,medium,v3,,8,True,published_completed,,1,19396,39.26,,,,https://asimfish.github.io/astra-control-dashboard/media/Lift__code__privileged__codex-gpt-6-astra__s0__20260908T132433Z/ep08.mp4,https://asimfish.github.io/astra-control-dashboard/#vid-Lift,https://asimfish.github.io/astra-control-dashboard/,published_trial_card,20260908T132433Z
robosuite:20260908T132433Z:ep09,robosuite,Panda / MuJoCo,Lift,code/privileged,gpt-6-astra,published Codex configuration; not upstream receipt re-audit,medium,v3,,9,True,published_completed,,1,19282,184.21,,,,https://asimfish.github.io/astra-control-dashboard/media/Lift__code__privileged__codex-gpt-6-astra__s0__20260908T132433Z/ep09.mp4,https://asimfish.github.io/astra-control-dashboard/#vid-Lift,https://asimfish.github.io/astra-control-dashboard/,published_trial_card,20260908T132433Z
robosuite:20260908T132433Z:ep10,robosuite,Panda / MuJoCo,Lift,code/privileged,gpt-6-astra,published Codex configuration; not upstream receipt re-audit,medium,v3,,10,True,published_completed,,2,35632,121.76,,,,https://asimfish.github.io/astra-control-dashboard/media/Lift__code__privileged__codex-gpt-6-astra__s0__20260908T132433Z/ep10.mp4,https://asimfish.github.io/astra-control-dashboard/#vid-Lift,https://asimfish.github.io/astra-control-dashboard/,published_trial_card,20260908T132433Z
robosuite:20260908T132433Z:ep11,robosuite,Panda / MuJoCo,Lift,code/privileged,gpt-6-astra,published Codex configuration; not upstream receipt re-audit,medium,v3,,11,True,published_completed,,1,19216,38.19,,,,https://asimfish.github.io/astra-control-dashboard/media/Lift__code__privileged__codex-gpt-6-astra__s0__20260908T132433Z/ep11.mp4,https://asimfish.github.io/astra-control-dashboard/#vid-Lift,https://asimfish.github.io/astra-control-dashboard/,published_trial_card,20260908T132433Z
robosuite:20260908T132433Z:ep12,robosuite,Panda / MuJoCo,Lift,code/privileged,gpt-6-astra,published Codex configuration; not upstream receipt re-audit,medium,v3,,12,True,published_completed,,2,38650,57.71,,,,https://asimfish.github.io/astra-control-dashboard/media/Lift__code__privileged__codex-gpt-6-astra__s0__20260908T132433Z/ep12.mp4,https://asimfish.github.io/astra-control-dashboard/#vid-Lift,https://asimfish.github.io/astra-control-dashboard/,published_trial_card,20260908T132433Z
robosuite:20260908T132433Z:ep13,robosuite,Panda / MuJoCo,Lift,code/privileged,gpt-6-astra,published Codex configuration; not upstream receipt re-audit,medium,v3,,13,True,published_completed,,2,23019,46.98,,,,https://asimfish.github.io/astra-control-dashboard/media/Lift__code__privileged__codex-gpt-6-astra__s0__20260908T132433Z/ep13.mp4,https://asimfish.github.io/astra-control-dashboard/#vid-Lift,https://asimfish.github.io/astra-control-dashboard/,published_trial_card,20260908T132433Z
robosuite:20260908T132433Z:ep14,robosuite,Panda / MuJoCo,Lift,code/privileged,gpt-6-astra,published Codex configuration; not upstream receipt re-audit,medium,v3,,14,True,published_completed,,2,19707,70.44,,,,https://asimfish.github.io/astra-control-dashboard/media/Lift__code__privileged__codex-gpt-6-astra__s0__20260908T132433Z/ep14.mp4,https://asimfish.github.io/astra-control-dashboard/#vid-Lift,https://asimfish.github.io/astra-control-dashboard/,published_trial_card,20260908T132433Z
robosuite:20260908T132433Z:ep15,robosuite,Panda / MuJoCo,Lift,code/privileged,gpt-6-astra,published Codex configuration; not upstream receipt re-audit,medium,v3,,15,True,published_completed,,1,19212,23.07,,,,https://asimfish.github.io/astra-control-dashboard/media/Lift__code__privileged__codex-gpt-6-astra__s0__20260908T132433Z/ep15.mp4,https://asimfish.github.io/astra-control-dashboard/#vid-Lift,https://asimfish.github.io/astra-control-dashboard/,published_trial_card,20260908T132433Z
robosuite:20260908T132433Z:ep16,robosuite,Panda / MuJoCo,Lift,code/privileged,gpt-6-astra,published Codex configuration; not upstream receipt re-audit,medium,v3,,16,True,published_completed,,1,19223,33.34,,,,https://asimfish.github.io/astra-control-dashboard/media/Lift__code__privileged__codex-gpt-6-astra__s0__20260908T132433Z/ep16.mp4,https://asimfish.github.io/astra-control-dashboard/#vid-Lift,https://asimfish.github.io/astra-control-dashboard/,published_trial_card,20260908T132433Z
robosuite:20260908T132433Z:ep17,robosuite,Panda / MuJoCo,Lift,code/privileged,gpt-6-astra,published Codex configuration; not upstream receipt re-audit,medium,v3,,17,True,published_completed,,1,19214,23.96,,,,https://asimfish.github.io/astra-control-dashboard/media/Lift__code__privileged__codex-gpt-6-astra__s0__20260908T132433Z/ep17.mp4,https://asimfish.github.io/astra-control-dashboard/#vid-Lift,https://asimfish.github.io/astra-control-dashboard/,published_trial_card,20260908T132433Z
robosuite:20260908T132433Z:ep18,robosuite,Panda / MuJoCo,Lift,code/privileged,gpt-6-astra,published Codex configuration; not upstream receipt re-audit,medium,v3,,18,True,published_completed,,2,38537,85.78,,,,https://asimfish.github.io/astra-control-dashboard/media/Lift__code__privileged__codex-gpt-6-astra__s0__20260908T132433Z/ep18.mp4,https://asimfish.github.io/astra-control-dashboard/#vid-Lift,https://asimfish.github.io/astra-control-dashboard/,published_trial_card,20260908T132433Z
robosuite:20260908T132433Z:ep19,robosuite,Panda / MuJoCo,Lift,code/privileged,gpt-6-astra,published Codex configuration; not upstream receipt re-audit,medium,v3,,19,True,published_completed,,2,38873,79.25,,,,https://asimfish.github.io/astra-control-dashboard/media/Lift__code__privileged__codex-gpt-6-astra__s0__20260908T132433Z/ep19.mp4,https://asimfish.github.io/astra-control-dashboard/#vid-Lift,https://asimfish.github.io/astra-control-dashboard/,published_trial_card,20260908T132433Z
robosuite:20260907T135833Z:ep00,robosuite,Panda / MuJoCo,Can,delta/proprio,gpt-6-astra,published Codex configuration; not upstream receipt re-audit,medium,v2,,0,True,published_completed,,8,184163,252.72,,,,https://asimfish.github.io/astra-control-dashboard/media/Can__delta__proprio__codex-gpt-6-astra__s0__20260907T135833Z/ep00.mp4,https://asimfish.github.io/astra-control-dashboard/#vid-Can,https://asimfish.github.io/astra-control-dashboard/,published_trial_card,20260907T135833Z
robosuite:20260907T135833Z:ep01,robosuite,Panda / MuJoCo,Can,delta/proprio,gpt-6-astra,published Codex configuration; not upstream receipt re-audit,medium,v2,,1,False,published_completed,,10,230801,347.2,,,,https://asimfish.github.io/astra-control-dashboard/media/Can__delta__proprio__codex-gpt-6-astra__s0__20260907T135833Z/ep01.mp4,https://asimfish.github.io/astra-control-dashboard/#vid-Can,https://asimfish.github.io/astra-control-dashboard/,published_trial_card,20260907T135833Z
robosuite:20260907T135833Z:ep02,robosuite,Panda / MuJoCo,Can,delta/proprio,gpt-6-astra,published Codex configuration; not upstream receipt re-audit,medium,v2,,2,True,published_completed,,8,166097,228.2,,,,https://asimfish.github.io/astra-control-dashboard/media/Can__delta__proprio__codex-gpt-6-astra__s0__20260907T135833Z/ep02.mp4,https://asimfish.github.io/astra-control-dashboard/#vid-Can,https://asimfish.github.io/astra-control-dashboard/,published_trial_card,20260907T135833Z
robosuite:20260907T135833Z:ep03,robosuite,Panda / MuJoCo,Can,delta/proprio,gpt-6-astra,published Codex configuration; not upstream receipt re-audit,medium,v2,,3,True,published_completed,,8,148684,268.08,,,,https://asimfish.github.io/astra-control-dashboard/media/Can__delta__proprio__codex-gpt-6-astra__s0__20260907T135833Z/ep03.mp4,https://asimfish.github.io/astra-control-dashboard/#vid-Can,https://asimfish.github.io/astra-control-dashboard/,published_trial_card,20260907T135833Z
robosuite:20260907T135833Z:ep04,robosuite,Panda / MuJoCo,Can,delta/proprio,gpt-6-astra,published Codex configuration; not upstream receipt re-audit,medium,v2,,4,True,published_completed,,7,95909,268.06,,,,https://asimfish.github.io/astra-control-dashboard/media/Can__delta__proprio__codex-gpt-6-astra__s0__20260907T135833Z/ep04.mp4,https://asimfish.github.io/astra-control-dashboard/#vid-Can,https://asimfish.github.io/astra-control-dashboard/,published_trial_card,20260907T135833Z
robosuite:20260908T135533Z:ep00,robosuite,Panda / MuJoCo,Can,delta/proprio,gpt-6-astra,published Codex configuration; not upstream receipt re-audit,medium,v3,,0,True,published_completed,,7,38647,174.77,,,,https://asimfish.github.io/astra-control-dashboard/media/Can__delta__proprio__codex-gpt-6-astra__s0__20260908T135533Z/ep00.mp4,https://asimfish.github.io/astra-control-dashboard/#vid-Can,https://asimfish.github.io/astra-control-dashboard/,published_trial_card,20260908T135533Z
robosuite:20260908T135533Z:ep01,robosuite,Panda / MuJoCo,Can,delta/proprio,gpt-6-astra,published Codex configuration; not upstream receipt re-audit,medium,v3,,1,True,published_completed,,10,89286,256.45,,,,https://asimfish.github.io/astra-control-dashboard/media/Can__delta__proprio__codex-gpt-6-astra__s0__20260908T135533Z/ep01.mp4,https://asimfish.github.io/astra-control-dashboard/#vid-Can,https://asimfish.github.io/astra-control-dashboard/,published_trial_card,20260908T135533Z
robosuite:20260908T135533Z:ep02,robosuite,Panda / MuJoCo,Can,delta/proprio,gpt-6-astra,published Codex configuration; not upstream receipt re-audit,medium,v3,,2,True,published_completed,,10,47140,291.89,,,,https://asimfish.github.io/astra-control-dashboard/media/Can__delta__proprio__codex-gpt-6-astra__s0__20260908T135533Z/ep02.mp4,https://asimfish.github.io/astra-control-dashboard/#vid-Can,https://asimfish.github.io/astra-control-dashboard/,published_trial_card,20260908T135533Z
robosuite:20260908T135533Z:ep03,robosuite,Panda / MuJoCo,Can,delta/proprio,gpt-6-astra,published Codex configuration; not upstream receipt re-audit,medium,v3,,3,True,published_completed,,8,65797,193.26,,,,https://asimfish.github.io/astra-control-dashboard/media/Can__delta__proprio__codex-gpt-6-astra__s0__20260908T135533Z/ep03.mp4,https://asimfish.github.io/astra-control-dashboard/#vid-Can,https://asimfish.github.io/astra-control-dashboard/,published_trial_card,20260908T135533Z
robosuite:20260908T135533Z:ep04,robosuite,Panda / MuJoCo,Can,delta/proprio,gpt-6-astra,published Codex configuration; not upstream receipt re-audit,medium,v3,,4,True,published_completed,,8,54494,206.11,,,,https://asimfish.github.io/astra-control-dashboard/media/Can__delta__proprio__codex-gpt-6-astra__s0__20260908T135533Z/ep04.mp4,https://asimfish.github.io/astra-control-dashboard/#vid-Can,https://asimfish.github.io/astra-control-dashboard/,published_trial_card,20260908T135533Z
robosuite:20260908T135533Z:ep05,robosuite,Panda / MuJoCo,Can,delta/proprio,gpt-6-astra,published Codex configuration; not upstream receipt re-audit,medium,v3,,5,False,published_completed,,10,51825,273.47,,,,https://asimfish.github.io/astra-control-dashboard/media/Can__delta__proprio__codex-gpt-6-astra__s0__20260908T135533Z/ep05.mp4,https://asimfish.github.io/astra-control-dashboard/#vid-Can,https://asimfish.github.io/astra-control-dashboard/,published_trial_card,20260908T135533Z
robosuite:20260908T135533Z:ep06,robosuite,Panda / MuJoCo,Can,delta/proprio,gpt-6-astra,published Codex configuration; not upstream receipt re-audit,medium,v3,,6,True,published_completed,,7,28786,177.59,,,,https://asimfish.github.io/astra-control-dashboard/media/Can__delta__proprio__codex-gpt-6-astra__s0__20260908T135533Z/ep06.mp4,https://asimfish.github.io/astra-control-dashboard/#vid-Can,https://asimfish.github.io/astra-control-dashboard/,published_trial_card,20260908T135533Z
robosuite:20260908T135533Z:ep07,robosuite,Panda / MuJoCo,Can,delta/proprio,gpt-6-astra,published Codex configuration; not upstream receipt re-audit,medium,v3,,7,True,published_completed,,8,38355,215.88,,,,https://asimfish.github.io/astra-control-dashboard/media/Can__delta__proprio__codex-gpt-6-astra__s0__20260908T135533Z/ep07.mp4,https://asimfish.github.io/astra-control-dashboard/#vid-Can,https://asimfish.github.io/astra-control-dashboard/,published_trial_card,20260908T135533Z
robosuite:20260908T135533Z:ep08,robosuite,Panda / MuJoCo,Can,delta/proprio,gpt-6-astra,published Codex configuration; not upstream receipt re-audit,medium,v3,,8,True,published_completed,,10,41668,259.15,,,,https://asimfish.github.io/astra-control-dashboard/media/Can__delta__proprio__codex-gpt-6-astra__s0__20260908T135533Z/ep08.mp4,https://asimfish.github.io/astra-control-dashboard/#vid-Can,https://asimfish.github.io/astra-control-dashboard/,published_trial_card,20260908T135533Z
robosuite:20260908T135533Z:ep09,robosuite,Panda / MuJoCo,Can,delta/proprio,gpt-6-astra,published Codex configuration; not upstream receipt re-audit,medium,v3,,9,True,published_completed,,7,33645,172.77,,,,https://asimfish.github.io/astra-control-dashboard/media/Can__delta__proprio__codex-gpt-6-astra__s0__20260908T135533Z/ep09.mp4,https://asimfish.github.io/astra-control-dashboard/#vid-Can,https://asimfish.github.io/astra-control-dashboard/,published_trial_card,20260908T135533Z
robosuite:20260908T135533Z:ep10,robosuite,Panda / MuJoCo,Can,delta/proprio,gpt-6-astra,published Codex configuration; not upstream receipt re-audit,medium,v3,,10,True,published_completed,,10,58323,272.5,,,,https://asimfish.github.io/astra-control-dashboard/media/Can__delta__proprio__codex-gpt-6-astra__s0__20260908T135533Z/ep10.mp4,https://asimfish.github.io/astra-control-dashboard/#vid-Can,https://asimfish.github.io/astra-control-dashboard/,published_trial_card,20260908T135533Z
robosuite:20260908T135533Z:ep11,robosuite,Panda / MuJoCo,Can,delta/proprio,gpt-6-astra,published Codex configuration; not upstream receipt re-audit,medium,v3,,11,True,published_completed,,7,45271,171.83,,,,https://asimfish.github.io/astra-control-dashboard/media/Can__delta__proprio__codex-gpt-6-astra__s0__20260908T135533Z/ep11.mp4,https://asimfish.github.io/astra-control-dashboard/#vid-Can,https://asimfish.github.io/astra-control-dashboard/,published_trial_card,20260908T135533Z
robosuite:20260908T135533Z:ep12,robosuite,Panda / MuJoCo,Can,delta/proprio,gpt-6-astra,published Codex configuration; not upstream receipt re-audit,medium,v3,,12,True,published_completed,,8,32801,188.48,,,,https://asimfish.github.io/astra-control-dashboard/media/Can__delta__proprio__codex-gpt-6-astra__s0__20260908T135533Z/ep12.mp4,https://asimfish.github.io/astra-control-dashboard/#vid-Can,https://asimfish.github.io/astra-control-dashboard/,published_trial_card,20260908T135533Z
robosuite:20260908T135533Z:ep13,robosuite,Panda / MuJoCo,Can,delta/proprio,gpt-6-astra,published Codex configuration; not upstream receipt re-audit,medium,v3,,13,True,published_completed,,8,38480,223.28,,,,https://asimfish.github.io/astra-control-dashboard/media/Can__delta__proprio__codex-gpt-6-astra__s0__20260908T135533Z/ep13.mp4,https://asimfish.github.io/astra-control-dashboard/#vid-Can,https://asimfish.github.io/astra-control-dashboard/,published_trial_card,20260908T135533Z
robosuite:20260908T135533Z:ep14,robosuite,Panda / MuJoCo,Can,delta/proprio,gpt-6-astra,published Codex configuration; not upstream receipt re-audit,medium,v3,,14,True,published_completed,,8,32888,200.63,,,,https://asimfish.github.io/astra-control-dashboard/media/Can__delta__proprio__codex-gpt-6-astra__s0__20260908T135533Z/ep14.mp4,https://asimfish.github.io/astra-control-dashboard/#vid-Can,https://asimfish.github.io/astra-control-dashboard/,published_trial_card,20260908T135533Z
robosuite:20260908T135533Z:ep15,robosuite,Panda / MuJoCo,Can,delta/proprio,gpt-6-astra,published Codex configuration; not upstream receipt re-audit,medium,v3,,15,True,published_completed,,9,53962,229.98,,,,https://asimfish.github.io/astra-control-dashboard/media/Can__delta__proprio__codex-gpt-6-astra__s0__20260908T135533Z/ep15.mp4,https://asimfish.github.io/astra-control-dashboard/#vid-Can,https://asimfish.github.io/astra-control-dashboard/,published_trial_card,20260908T135533Z
robosuite:20260908T135533Z:ep16,robosuite,Panda / MuJoCo,Can,delta/proprio,gpt-6-astra,published Codex configuration; not upstream receipt re-audit,medium,v3,,16,False,published_completed,,10,42177,291.8,,,,https://asimfish.github.io/astra-control-dashboard/media/Can__delta__proprio__codex-gpt-6-astra__s0__20260908T135533Z/ep16.mp4,https://asimfish.github.io/astra-control-dashboard/#vid-Can,https://asimfish.github.io/astra-control-dashboard/,published_trial_card,20260908T135533Z
robosuite:20260908T135533Z:ep17,robosuite,Panda / MuJoCo,Can,delta/proprio,gpt-6-astra,published Codex configuration; not upstream receipt re-audit,medium,v3,,17,True,published_completed,,8,37966,204.12,,,,https://asimfish.github.io/astra-control-dashboard/media/Can__delta__proprio__codex-gpt-6-astra__s0__20260908T135533Z/ep17.mp4,https://asimfish.github.io/astra-control-dashboard/#vid-Can,https://asimfish.github.io/astra-control-dashboard/,published_trial_card,20260908T135533Z
robosuite:20260908T135533Z:ep18,robosuite,Panda / MuJoCo,Can,delta/proprio,gpt-6-astra,published Codex configuration; not upstream receipt re-audit,medium,v3,,18,True,published_completed,,9,70589,236.7,,,,https://asimfish.github.io/astra-control-dashboard/media/Can__delta__proprio__codex-gpt-6-astra__s0__20260908T135533Z/ep18.mp4,https://asimfish.github.io/astra-control-dashboard/#vid-Can,https://asimfish.github.io/astra-control-dashboard/,published_trial_card,20260908T135533Z
robosuite:20260908T135533Z:ep19,robosuite,Panda / MuJoCo,Can,delta/proprio,gpt-6-astra,published Codex configuration; not upstream receipt re-audit,medium,v3,,19,True,published_completed,,8,33059,202.38,,,,https://asimfish.github.io/astra-control-dashboard/media/Can__delta__proprio__codex-gpt-6-astra__s0__20260908T135533Z/ep19.mp4,https://asimfish.github.io/astra-control-dashboard/#vid-Can,https://asimfish.github.io/astra-control-dashboard/,published_trial_card,20260908T135533Z
robosuite:20260907T120006Z:ep00,robosuite,Panda / MuJoCo,Can,waypoint/none,gpt-6-astra,published Codex configuration; not upstream receipt re-audit,medium,v2,,0,True,published_completed,,2,9710,59.71,,,,https://asimfish.github.io/astra-control-dashboard/media/Can__waypoint__none__codex-gpt-6-astra__s0__20260907T120006Z/ep00.mp4,https://asimfish.github.io/astra-control-dashboard/#vid-Can,https://asimfish.github.io/astra-control-dashboard/,published_trial_card,20260907T120006Z
robosuite:20260907T120006Z:ep01,robosuite,Panda / MuJoCo,Can,waypoint/none,gpt-6-astra,published Codex configuration; not upstream receipt re-audit,medium,v2,,1,False,published_completed,,5,83200,139.63,,,,https://asimfish.github.io/astra-control-dashboard/media/Can__waypoint__none__codex-gpt-6-astra__s0__20260907T120006Z/ep01.mp4,https://asimfish.github.io/astra-control-dashboard/#vid-Can,https://asimfish.github.io/astra-control-dashboard/,published_trial_card,20260907T120006Z
robosuite:20260907T120006Z:ep02,robosuite,Panda / MuJoCo,Can,waypoint/none,gpt-6-astra,published Codex configuration; not upstream receipt re-audit,medium,v2,,2,True,published_completed,,2,27328,71.63,,,,https://asimfish.github.io/astra-control-dashboard/media/Can__waypoint__none__codex-gpt-6-astra__s0__20260907T120006Z/ep02.mp4,https://asimfish.github.io/astra-control-dashboard/#vid-Can,https://asimfish.github.io/astra-control-dashboard/,published_trial_card,20260907T120006Z
robosuite:20260907T120006Z:ep03,robosuite,Panda / MuJoCo,Can,waypoint/none,gpt-6-astra,published Codex configuration; not upstream receipt re-audit,medium,v2,,3,True,published_completed,,3,37930,87.85,,,,https://asimfish.github.io/astra-control-dashboard/media/Can__waypoint__none__codex-gpt-6-astra__s0__20260907T120006Z/ep03.mp4,https://asimfish.github.io/astra-control-dashboard/#vid-Can,https://asimfish.github.io/astra-control-dashboard/,published_trial_card,20260907T120006Z
robosuite:20260907T120006Z:ep04,robosuite,Panda / MuJoCo,Can,waypoint/none,gpt-6-astra,published Codex configuration; not upstream receipt re-audit,medium,v2,,4,True,published_completed,,7,83169,225.45,,,,https://asimfish.github.io/astra-control-dashboard/media/Can__waypoint__none__codex-gpt-6-astra__s0__20260907T120006Z/ep04.mp4,https://asimfish.github.io/astra-control-dashboard/#vid-Can,https://asimfish.github.io/astra-control-dashboard/,published_trial_card,20260907T120006Z
robosuite:20260908T132033Z:ep00,robosuite,Panda / MuJoCo,Can,waypoint/none,gpt-6-astra,published Codex configuration; not upstream receipt re-audit,medium,v3,,0,True,published_completed,,4,34778,117.38,,,,https://asimfish.github.io/astra-control-dashboard/media/Can__waypoint__none__codex-gpt-6-astra__s0__20260908T132033Z/ep00.mp4,https://asimfish.github.io/astra-control-dashboard/#vid-Can,https://asimfish.github.io/astra-control-dashboard/,published_trial_card,20260908T132033Z
robosuite:20260908T132033Z:ep01,robosuite,Panda / MuJoCo,Can,waypoint/none,gpt-6-astra,published Codex configuration; not upstream receipt re-audit,medium,v3,,1,True,published_completed,,3,25746,76.18,,,,https://asimfish.github.io/astra-control-dashboard/media/Can__waypoint__none__codex-gpt-6-astra__s0__20260908T132033Z/ep01.mp4,https://asimfish.github.io/astra-control-dashboard/#vid-Can,https://asimfish.github.io/astra-control-dashboard/,published_trial_card,20260908T132033Z
robosuite:20260908T132033Z:ep02,robosuite,Panda / MuJoCo,Can,waypoint/none,gpt-6-astra,published Codex configuration; not upstream receipt re-audit,medium,v3,,2,True,published_completed,,2,7466,64.07,,,,https://asimfish.github.io/astra-control-dashboard/media/Can__waypoint__none__codex-gpt-6-astra__s0__20260908T132033Z/ep02.mp4,https://asimfish.github.io/astra-control-dashboard/#vid-Can,https://asimfish.github.io/astra-control-dashboard/,published_trial_card,20260908T132033Z
robosuite:20260908T132033Z:ep03,robosuite,Panda / MuJoCo,Can,waypoint/none,gpt-6-astra,published Codex configuration; not upstream receipt re-audit,medium,v3,,3,True,published_completed,,3,32683,87.26,,,,https://asimfish.github.io/astra-control-dashboard/media/Can__waypoint__none__codex-gpt-6-astra__s0__20260908T132033Z/ep03.mp4,https://asimfish.github.io/astra-control-dashboard/#vid-Can,https://asimfish.github.io/astra-control-dashboard/,published_trial_card,20260908T132033Z
robosuite:20260908T132033Z:ep04,robosuite,Panda / MuJoCo,Can,waypoint/none,gpt-6-astra,published Codex configuration; not upstream receipt re-audit,medium,v3,,4,True,published_completed,,3,21005,80.31,,,,https://asimfish.github.io/astra-control-dashboard/media/Can__waypoint__none__codex-gpt-6-astra__s0__20260908T132033Z/ep04.mp4,https://asimfish.github.io/astra-control-dashboard/#vid-Can,https://asimfish.github.io/astra-control-dashboard/,published_trial_card,20260908T132033Z
robosuite:20260908T132033Z:ep05,robosuite,Panda / MuJoCo,Can,waypoint/none,gpt-6-astra,published Codex configuration; not upstream receipt re-audit,medium,v3,,5,False,published_completed,,4,20180,133.45,,,,https://asimfish.github.io/astra-control-dashboard/media/Can__waypoint__none__codex-gpt-6-astra__s0__20260908T132033Z/ep05.mp4,https://asimfish.github.io/astra-control-dashboard/#vid-Can,https://asimfish.github.io/astra-control-dashboard/,published_trial_card,20260908T132033Z
robosuite:20260908T132033Z:ep06,robosuite,Panda / MuJoCo,Can,waypoint/none,gpt-6-astra,published Codex configuration; not upstream receipt re-audit,medium,v3,,6,True,published_completed,,3,20914,85.03,,,,https://asimfish.github.io/astra-control-dashboard/media/Can__waypoint__none__codex-gpt-6-astra__s0__20260908T132033Z/ep06.mp4,https://asimfish.github.io/astra-control-dashboard/#vid-Can,https://asimfish.github.io/astra-control-dashboard/,published_trial_card,20260908T132033Z
robosuite:20260908T132033Z:ep07,robosuite,Panda / MuJoCo,Can,waypoint/none,gpt-6-astra,published Codex configuration; not upstream receipt re-audit,medium,v3,,7,True,published_completed,,4,29823,113.63,,,,https://asimfish.github.io/astra-control-dashboard/media/Can__waypoint__none__codex-gpt-6-astra__s0__20260908T132033Z/ep07.mp4,https://asimfish.github.io/astra-control-dashboard/#vid-Can,https://asimfish.github.io/astra-control-dashboard/,published_trial_card,20260908T132033Z
robosuite:20260908T132033Z:ep08,robosuite,Panda / MuJoCo,Can,waypoint/none,gpt-6-astra,published Codex configuration; not upstream receipt re-audit,medium,v3,,8,True,published_completed,,2,12197,47.89,,,,https://asimfish.github.io/astra-control-dashboard/media/Can__waypoint__none__codex-gpt-6-astra__s0__20260908T132033Z/ep08.mp4,https://asimfish.github.io/astra-control-dashboard/#vid-Can,https://asimfish.github.io/astra-control-dashboard/,published_trial_card,20260908T132033Z
robosuite:20260908T132033Z:ep09,robosuite,Panda / MuJoCo,Can,waypoint/none,gpt-6-astra,published Codex configuration; not upstream receipt re-audit,medium,v3,,9,False,published_completed,,9,65687,256.3,,,,https://asimfish.github.io/astra-control-dashboard/media/Can__waypoint__none__codex-gpt-6-astra__s0__20260908T132033Z/ep09.mp4,https://asimfish.github.io/astra-control-dashboard/#vid-Can,https://asimfish.github.io/astra-control-dashboard/,published_trial_card,20260908T132033Z
robosuite:20260908T132033Z:ep10,robosuite,Panda / MuJoCo,Can,waypoint/none,gpt-6-astra,published Codex configuration; not upstream receipt re-audit,medium,v3,,10,False,published_completed,,6,49214,180.54,,,,https://asimfish.github.io/astra-control-dashboard/media/Can__waypoint__none__codex-gpt-6-astra__s0__20260908T132033Z/ep10.mp4,https://asimfish.github.io/astra-control-dashboard/#vid-Can,https://asimfish.github.io/astra-control-dashboard/,published_trial_card,20260908T132033Z
robosuite:20260908T132033Z:ep11,robosuite,Panda / MuJoCo,Can,waypoint/none,gpt-6-astra,published Codex configuration; not upstream receipt re-audit,medium,v3,,11,True,published_completed,,3,11209,85.95,,,,https://asimfish.github.io/astra-control-dashboard/media/Can__waypoint__none__codex-gpt-6-astra__s0__20260908T132033Z/ep11.mp4,https://asimfish.github.io/astra-control-dashboard/#vid-Can,https://asimfish.github.io/astra-control-dashboard/,published_trial_card,20260908T132033Z
robosuite:20260908T132033Z:ep12,robosuite,Panda / MuJoCo,Can,waypoint/none,gpt-6-astra,published Codex configuration; not upstream receipt re-audit,medium,v3,,12,True,published_completed,,3,20913,75.33,,,,https://asimfish.github.io/astra-control-dashboard/media/Can__waypoint__none__codex-gpt-6-astra__s0__20260908T132033Z/ep12.mp4,https://asimfish.github.io/astra-control-dashboard/#vid-Can,https://asimfish.github.io/astra-control-dashboard/,published_trial_card,20260908T132033Z
robosuite:20260908T132033Z:ep13,robosuite,Panda / MuJoCo,Can,waypoint/none,gpt-6-astra,published Codex configuration; not upstream receipt re-audit,medium,v3,,13,True,published_completed,,2,12274,58.26,,,,https://asimfish.github.io/astra-control-dashboard/media/Can__waypoint__none__codex-gpt-6-astra__s0__20260908T132033Z/ep13.mp4,https://asimfish.github.io/astra-control-dashboard/#vid-Can,https://asimfish.github.io/astra-control-dashboard/,published_trial_card,20260908T132033Z
robosuite:20260908T132033Z:ep14,robosuite,Panda / MuJoCo,Can,waypoint/none,gpt-6-astra,published Codex configuration; not upstream receipt re-audit,medium,v3,,14,False,published_completed,,4,15162,126.92,,,,https://asimfish.github.io/astra-control-dashboard/media/Can__waypoint__none__codex-gpt-6-astra__s0__20260908T132033Z/ep14.mp4,https://asimfish.github.io/astra-control-dashboard/#vid-Can,https://asimfish.github.io/astra-control-dashboard/,published_trial_card,20260908T132033Z
robosuite:20260908T132033Z:ep15,robosuite,Panda / MuJoCo,Can,waypoint/none,gpt-6-astra,published Codex configuration; not upstream receipt re-audit,medium,v3,,15,True,published_completed,,3,10661,70.65,,,,https://asimfish.github.io/astra-control-dashboard/media/Can__waypoint__none__codex-gpt-6-astra__s0__20260908T132033Z/ep15.mp4,https://asimfish.github.io/astra-control-dashboard/#vid-Can,https://asimfish.github.io/astra-control-dashboard/,published_trial_card,20260908T132033Z
robosuite:20260908T132033Z:ep16,robosuite,Panda / MuJoCo,Can,waypoint/none,gpt-6-astra,published Codex configuration; not upstream receipt re-audit,medium,v3,,16,True,published_completed,,3,10852,82.46,,,,https://asimfish.github.io/astra-control-dashboard/media/Can__waypoint__none__codex-gpt-6-astra__s0__20260908T132033Z/ep16.mp4,https://asimfish.github.io/astra-control-dashboard/#vid-Can,https://asimfish.github.io/astra-control-dashboard/,published_trial_card,20260908T132033Z
robosuite:20260908T132033Z:ep17,robosuite,Panda / MuJoCo,Can,waypoint/none,gpt-6-astra,published Codex configuration; not upstream receipt re-audit,medium,v3,,17,True,published_completed,,2,12196,48.4,,,,https://asimfish.github.io/astra-control-dashboard/media/Can__waypoint__none__codex-gpt-6-astra__s0__20260908T132033Z/ep17.mp4,https://asimfish.github.io/astra-control-dashboard/#vid-Can,https://asimfish.github.io/astra-control-dashboard/,published_trial_card,20260908T132033Z
robosuite:20260908T132033Z:ep18,robosuite,Panda / MuJoCo,Can,waypoint/none,gpt-6-astra,published Codex configuration; not upstream receipt re-audit,medium,v3,,18,True,published_completed,,3,10882,89.59,,,,https://asimfish.github.io/astra-control-dashboard/media/Can__waypoint__none__codex-gpt-6-astra__s0__20260908T132033Z/ep18.mp4,https://asimfish.github.io/astra-control-dashboard/#vid-Can,https://asimfish.github.io/astra-control-dashboard/,published_trial_card,20260908T132033Z
robosuite:20260908T132033Z:ep19,robosuite,Panda / MuJoCo,Can,waypoint/none,gpt-6-astra,published Codex configuration; not upstream receipt re-audit,medium,v3,,19,False,published_completed,,7,41820,213.95,,,,https://asimfish.github.io/astra-control-dashboard/media/Can__waypoint__none__codex-gpt-6-astra__s0__20260908T132033Z/ep19.mp4,https://asimfish.github.io/astra-control-dashboard/#vid-Can,https://asimfish.github.io/astra-control-dashboard/,published_trial_card,20260908T132033Z
robosuite:20260907T115255Z:ep00,robosuite,Panda / MuJoCo,Can,waypoint/proprio,gpt-6-astra,published Codex configuration; not upstream receipt re-audit,medium,v2,,0,True,published_completed,,2,33331,59.67,,,,https://asimfish.github.io/astra-control-dashboard/media/Can__waypoint__proprio__codex-gpt-6-astra__s0__20260907T115255Z/ep00.mp4,https://asimfish.github.io/astra-control-dashboard/#vid-Can,https://asimfish.github.io/astra-control-dashboard/,published_trial_card,20260907T115255Z
robosuite:20260907T115255Z:ep01,robosuite,Panda / MuJoCo,Can,waypoint/proprio,gpt-6-astra,published Codex configuration; not upstream receipt re-audit,medium,v2,,1,True,published_completed,,3,32817,76.89,,,,https://asimfish.github.io/astra-control-dashboard/media/Can__waypoint__proprio__codex-gpt-6-astra__s0__20260907T115255Z/ep01.mp4,https://asimfish.github.io/astra-control-dashboard/#vid-Can,https://asimfish.github.io/astra-control-dashboard/,published_trial_card,20260907T115255Z
robosuite:20260907T115255Z:ep02,robosuite,Panda / MuJoCo,Can,waypoint/proprio,gpt-6-astra,published Codex configuration; not upstream receipt re-audit,medium,v2,,2,True,published_completed,,4,55713,107.36,,,,https://asimfish.github.io/astra-control-dashboard/media/Can__waypoint__proprio__codex-gpt-6-astra__s0__20260907T115255Z/ep02.mp4,https://asimfish.github.io/astra-control-dashboard/#vid-Can,https://asimfish.github.io/astra-control-dashboard/,published_trial_card,20260907T115255Z
robosuite:20260907T115255Z:ep03,robosuite,Panda / MuJoCo,Can,waypoint/proprio,gpt-6-astra,published Codex configuration; not upstream receipt re-audit,medium,v2,,3,True,published_completed,,4,55867,122.99,,,,https://asimfish.github.io/astra-control-dashboard/media/Can__waypoint__proprio__codex-gpt-6-astra__s0__20260907T115255Z/ep03.mp4,https://asimfish.github.io/astra-control-dashboard/#vid-Can,https://asimfish.github.io/astra-control-dashboard/,published_trial_card,20260907T115255Z
robosuite:20260907T115255Z:ep04,robosuite,Panda / MuJoCo,Can,waypoint/proprio,gpt-6-astra,published Codex configuration; not upstream receipt re-audit,medium,v2,,4,True,published_completed,,2,15788,59.1,,,,https://asimfish.github.io/astra-control-dashboard/media/Can__waypoint__proprio__codex-gpt-6-astra__s0__20260907T115255Z/ep04.mp4,https://asimfish.github.io/astra-control-dashboard/#vid-Can,https://asimfish.github.io/astra-control-dashboard/,published_trial_card,20260907T115255Z
robosuite:20260908T122925Z:ep00,robosuite,Panda / MuJoCo,Can,waypoint/proprio,gpt-6-astra,published Codex configuration; not upstream receipt re-audit,medium,v3,,0,True,published_completed,,3,58064,83.34,,,,https://asimfish.github.io/astra-control-dashboard/media/Can__waypoint__proprio__codex-gpt-6-astra__s0__20260908T122925Z/ep00.mp4,https://asimfish.github.io/astra-control-dashboard/#vid-Can,https://asimfish.github.io/astra-control-dashboard/,published_trial_card,20260908T122925Z
robosuite:20260908T122925Z:ep01,robosuite,Panda / MuJoCo,Can,waypoint/proprio,gpt-6-astra,published Codex configuration; not upstream receipt re-audit,medium,v3,,1,False,published_completed,,4,77861,129.62,,,,https://asimfish.github.io/astra-control-dashboard/media/Can__waypoint__proprio__codex-gpt-6-astra__s0__20260908T122925Z/ep01.mp4,https://asimfish.github.io/astra-control-dashboard/#vid-Can,https://asimfish.github.io/astra-control-dashboard/,published_trial_card,20260908T122925Z
robosuite:20260908T122925Z:ep02,robosuite,Panda / MuJoCo,Can,waypoint/proprio,gpt-6-astra,published Codex configuration; not upstream receipt re-audit,medium,v3,,2,True,published_completed,,3,58095,96.82,,,,https://asimfish.github.io/astra-control-dashboard/media/Can__waypoint__proprio__codex-gpt-6-astra__s0__20260908T122925Z/ep02.mp4,https://asimfish.github.io/astra-control-dashboard/#vid-Can,https://asimfish.github.io/astra-control-dashboard/,published_trial_card,20260908T122925Z
robosuite:20260908T122925Z:ep03,robosuite,Panda / MuJoCo,Can,waypoint/proprio,gpt-6-astra,published Codex configuration; not upstream receipt re-audit,medium,v3,,3,True,published_completed,,3,27101,77.13,,,,https://asimfish.github.io/astra-control-dashboard/media/Can__waypoint__proprio__codex-gpt-6-astra__s0__20260908T122925Z/ep03.mp4,https://asimfish.github.io/astra-control-dashboard/#vid-Can,https://asimfish.github.io/astra-control-dashboard/,published_trial_card,20260908T122925Z
robosuite:20260908T122925Z:ep04,robosuite,Panda / MuJoCo,Can,waypoint/proprio,gpt-6-astra,published Codex configuration; not upstream receipt re-audit,medium,v3,,4,True,published_completed,,3,42644,89.77,,,,https://asimfish.github.io/astra-control-dashboard/media/Can__waypoint__proprio__codex-gpt-6-astra__s0__20260908T122925Z/ep04.mp4,https://asimfish.github.io/astra-control-dashboard/#vid-Can,https://asimfish.github.io/astra-control-dashboard/,published_trial_card,20260908T122925Z
robosuite:20260908T122925Z:ep05,robosuite,Panda / MuJoCo,Can,waypoint/proprio,gpt-6-astra,published Codex configuration; not upstream receipt re-audit,medium,v3,,5,True,published_completed,,2,38680,53.89,,,,https://asimfish.github.io/astra-control-dashboard/media/Can__waypoint__proprio__codex-gpt-6-astra__s0__20260908T122925Z/ep05.mp4,https://asimfish.github.io/astra-control-dashboard/#vid-Can,https://asimfish.github.io/astra-control-dashboard/,published_trial_card,20260908T122925Z
robosuite:20260908T122925Z:ep06,robosuite,Panda / MuJoCo,Can,waypoint/proprio,gpt-6-astra,published Codex configuration; not upstream receipt re-audit,medium,v3,,6,True,published_completed,,3,25552,75.17,,,,https://asimfish.github.io/astra-control-dashboard/media/Can__waypoint__proprio__codex-gpt-6-astra__s0__20260908T122925Z/ep06.mp4,https://asimfish.github.io/astra-control-dashboard/#vid-Can,https://asimfish.github.io/astra-control-dashboard/,published_trial_card,20260908T122925Z
robosuite:20260908T122925Z:ep07,robosuite,Panda / MuJoCo,Can,waypoint/proprio,gpt-6-astra,published Codex configuration; not upstream receipt re-audit,medium,v3,,7,True,published_completed,,3,11615,90.17,,,,https://asimfish.github.io/astra-control-dashboard/media/Can__waypoint__proprio__codex-gpt-6-astra__s0__20260908T122925Z/ep07.mp4,https://asimfish.github.io/astra-control-dashboard/#vid-Can,https://asimfish.github.io/astra-control-dashboard/,published_trial_card,20260908T122925Z
robosuite:20260908T122925Z:ep08,robosuite,Panda / MuJoCo,Can,waypoint/proprio,gpt-6-astra,published Codex configuration; not upstream receipt re-audit,medium,v3,,8,True,published_completed,,3,26941,74.04,,,,https://asimfish.github.io/astra-control-dashboard/media/Can__waypoint__proprio__codex-gpt-6-astra__s0__20260908T122925Z/ep08.mp4,https://asimfish.github.io/astra-control-dashboard/#vid-Can,https://asimfish.github.io/astra-control-dashboard/,published_trial_card,20260908T122925Z
robosuite:20260908T122925Z:ep09,robosuite,Panda / MuJoCo,Can,waypoint/proprio,gpt-6-astra,published Codex configuration; not upstream receipt re-audit,medium,v3,,9,True,published_completed,,3,42737,82.54,,,,https://asimfish.github.io/astra-control-dashboard/media/Can__waypoint__proprio__codex-gpt-6-astra__s0__20260908T122925Z/ep09.mp4,https://asimfish.github.io/astra-control-dashboard/#vid-Can,https://asimfish.github.io/astra-control-dashboard/,published_trial_card,20260908T122925Z
robosuite:20260908T122925Z:ep10,robosuite,Panda / MuJoCo,Can,waypoint/proprio,gpt-6-astra,published Codex configuration; not upstream receipt re-audit,medium,v3,,10,True,published_completed,,3,11619,81.54,,,,https://asimfish.github.io/astra-control-dashboard/media/Can__waypoint__proprio__codex-gpt-6-astra__s0__20260908T122925Z/ep10.mp4,https://asimfish.github.io/astra-control-dashboard/#vid-Can,https://asimfish.github.io/astra-control-dashboard/,published_trial_card,20260908T122925Z
robosuite:20260908T122925Z:ep11,robosuite,Panda / MuJoCo,Can,waypoint/proprio,gpt-6-astra,published Codex configuration; not upstream receipt re-audit,medium,v3,,11,False,published_completed,,8,78818,211.1,,,,https://asimfish.github.io/astra-control-dashboard/media/Can__waypoint__proprio__codex-gpt-6-astra__s0__20260908T122925Z/ep11.mp4,https://asimfish.github.io/astra-control-dashboard/#vid-Can,https://asimfish.github.io/astra-control-dashboard/,published_trial_card,20260908T122925Z
robosuite:20260908T122925Z:ep12,robosuite,Panda / MuJoCo,Can,waypoint/proprio,gpt-6-astra,published Codex configuration; not upstream receipt re-audit,medium,v3,,12,True,published_completed,,4,27680,120.16,,,,https://asimfish.github.io/astra-control-dashboard/media/Can__waypoint__proprio__codex-gpt-6-astra__s0__20260908T122925Z/ep12.mp4,https://asimfish.github.io/astra-control-dashboard/#vid-Can,https://asimfish.github.io/astra-control-dashboard/,published_trial_card,20260908T122925Z
robosuite:20260908T122925Z:ep13,robosuite,Panda / MuJoCo,Can,waypoint/proprio,gpt-6-astra,published Codex configuration; not upstream receipt re-audit,medium,v3,,13,True,published_completed,,3,11523,68.99,,,,https://asimfish.github.io/astra-control-dashboard/media/Can__waypoint__proprio__codex-gpt-6-astra__s0__20260908T122925Z/ep13.mp4,https://asimfish.github.io/astra-control-dashboard/#vid-Can,https://asimfish.github.io/astra-control-dashboard/,published_trial_card,20260908T122925Z
robosuite:20260908T122925Z:ep14,robosuite,Panda / MuJoCo,Can,waypoint/proprio,gpt-6-astra,published Codex configuration; not upstream receipt re-audit,medium,v3,,14,True,published_completed,,3,11561,64.48,,,,https://asimfish.github.io/astra-control-dashboard/media/Can__waypoint__proprio__codex-gpt-6-astra__s0__20260908T122925Z/ep14.mp4,https://asimfish.github.io/astra-control-dashboard/#vid-Can,https://asimfish.github.io/astra-control-dashboard/,published_trial_card,20260908T122925Z
robosuite:20260908T122925Z:ep15,robosuite,Panda / MuJoCo,Can,waypoint/proprio,gpt-6-astra,published Codex configuration; not upstream receipt re-audit,medium,v3,,15,True,published_completed,,3,11520,72.3,,,,https://asimfish.github.io/astra-control-dashboard/media/Can__waypoint__proprio__codex-gpt-6-astra__s0__20260908T122925Z/ep15.mp4,https://asimfish.github.io/astra-control-dashboard/#vid-Can,https://asimfish.github.io/astra-control-dashboard/,published_trial_card,20260908T122925Z
robosuite:20260908T122925Z:ep16,robosuite,Panda / MuJoCo,Can,waypoint/proprio,gpt-6-astra,published Codex configuration; not upstream receipt re-audit,medium,v3,,16,True,published_completed,,4,30977,96.24,,,,https://asimfish.github.io/astra-control-dashboard/media/Can__waypoint__proprio__codex-gpt-6-astra__s0__20260908T122925Z/ep16.mp4,https://asimfish.github.io/astra-control-dashboard/#vid-Can,https://asimfish.github.io/astra-control-dashboard/,published_trial_card,20260908T122925Z
robosuite:20260908T122925Z:ep17,robosuite,Panda / MuJoCo,Can,waypoint/proprio,gpt-6-astra,published Codex configuration; not upstream receipt re-audit,medium,v3,,17,True,published_completed,,3,11681,80.17,,,,https://asimfish.github.io/astra-control-dashboard/media/Can__waypoint__proprio__codex-gpt-6-astra__s0__20260908T122925Z/ep17.mp4,https://asimfish.github.io/astra-control-dashboard/#vid-Can,https://asimfish.github.io/astra-control-dashboard/,published_trial_card,20260908T122925Z
robosuite:20260908T122925Z:ep18,robosuite,Panda / MuJoCo,Can,waypoint/proprio,gpt-6-astra,published Codex configuration; not upstream receipt re-audit,medium,v3,,18,False,published_completed,,3,27298,76.41,,,,https://asimfish.github.io/astra-control-dashboard/media/Can__waypoint__proprio__codex-gpt-6-astra__s0__20260908T122925Z/ep18.mp4,https://asimfish.github.io/astra-control-dashboard/#vid-Can,https://asimfish.github.io/astra-control-dashboard/,published_trial_card,20260908T122925Z
robosuite:20260908T122925Z:ep19,robosuite,Panda / MuJoCo,Can,waypoint/proprio,gpt-6-astra,published Codex configuration; not upstream receipt re-audit,medium,v3,,19,True,published_completed,,4,31068,109.9,,,,https://asimfish.github.io/astra-control-dashboard/media/Can__waypoint__proprio__codex-gpt-6-astra__s0__20260908T122925Z/ep19.mp4,https://asimfish.github.io/astra-control-dashboard/#vid-Can,https://asimfish.github.io/astra-control-dashboard/,published_trial_card,20260908T122925Z
robosuite:20260907T123628Z:ep00,robosuite,Panda / MuJoCo,Can,code/proprio,gpt-6-astra,published Codex configuration; not upstream receipt re-audit,medium,v2,,0,True,published_completed,,1,5517,46.28,,,,https://asimfish.github.io/astra-control-dashboard/media/Can__code__proprio__codex-gpt-6-astra__s0__20260907T123628Z/ep00.mp4,https://asimfish.github.io/astra-control-dashboard/#vid-Can,https://asimfish.github.io/astra-control-dashboard/,published_trial_card,20260907T123628Z
robosuite:20260907T123628Z:ep01,robosuite,Panda / MuJoCo,Can,code/proprio,gpt-6-astra,published Codex configuration; not upstream receipt re-audit,medium,v2,,1,True,published_completed,,1,22921,29.27,,,,https://asimfish.github.io/astra-control-dashboard/media/Can__code__proprio__codex-gpt-6-astra__s0__20260907T123628Z/ep01.mp4,https://asimfish.github.io/astra-control-dashboard/#vid-Can,https://asimfish.github.io/astra-control-dashboard/,published_trial_card,20260907T123628Z
robosuite:20260907T123628Z:ep02,robosuite,Panda / MuJoCo,Can,code/proprio,gpt-6-astra,published Codex configuration; not upstream receipt re-audit,medium,v2,,2,False,published_completed,,2,28787,79.22,,,,https://asimfish.github.io/astra-control-dashboard/media/Can__code__proprio__codex-gpt-6-astra__s0__20260907T123628Z/ep02.mp4,https://asimfish.github.io/astra-control-dashboard/#vid-Can,https://asimfish.github.io/astra-control-dashboard/,published_trial_card,20260907T123628Z
robosuite:20260907T123628Z:ep03,robosuite,Panda / MuJoCo,Can,code/proprio,gpt-6-astra,published Codex configuration; not upstream receipt re-audit,medium,v2,,3,False,published_completed,,1,10946,52.53,,,,https://asimfish.github.io/astra-control-dashboard/media/Can__code__proprio__codex-gpt-6-astra__s0__20260907T123628Z/ep03.mp4,https://asimfish.github.io/astra-control-dashboard/#vid-Can,https://asimfish.github.io/astra-control-dashboard/,published_trial_card,20260907T123628Z
robosuite:20260907T123628Z:ep04,robosuite,Panda / MuJoCo,Can,code/proprio,gpt-6-astra,published Codex configuration; not upstream receipt re-audit,medium,v2,,4,True,published_completed,,1,23108,40.03,,,,https://asimfish.github.io/astra-control-dashboard/media/Can__code__proprio__codex-gpt-6-astra__s0__20260907T123628Z/ep04.mp4,https://asimfish.github.io/astra-control-dashboard/#vid-Can,https://asimfish.github.io/astra-control-dashboard/,published_trial_card,20260907T123628Z
robosuite:20260908T152543Z:ep00,robosuite,Panda / MuJoCo,Can,code/proprio,gpt-6-astra,published Codex configuration; not upstream receipt re-audit,medium,v3,,0,True,published_completed,,1,4643,55.26,,,,https://asimfish.github.io/astra-control-dashboard/media/Can__code__proprio__codex-gpt-6-astra__s0__20260908T152543Z/ep00.mp4,https://asimfish.github.io/astra-control-dashboard/#vid-Can,https://asimfish.github.io/astra-control-dashboard/,published_trial_card,20260908T152543Z
robosuite:20260908T152543Z:ep01,robosuite,Panda / MuJoCo,Can,code/proprio,gpt-6-astra,published Codex configuration; not upstream receipt re-audit,medium,v3,,1,False,published_completed,,1,20883,45.62,,,,https://asimfish.github.io/astra-control-dashboard/media/Can__code__proprio__codex-gpt-6-astra__s0__20260908T152543Z/ep01.mp4,https://asimfish.github.io/astra-control-dashboard/#vid-Can,https://asimfish.github.io/astra-control-dashboard/,published_trial_card,20260908T152543Z
robosuite:20260908T152543Z:ep02,robosuite,Panda / MuJoCo,Can,code/proprio,gpt-6-astra,published Codex configuration; not upstream receipt re-audit,medium,v3,,2,True,published_completed,,1,20796,36.68,,,,https://asimfish.github.io/astra-control-dashboard/media/Can__code__proprio__codex-gpt-6-astra__s0__20260908T152543Z/ep02.mp4,https://asimfish.github.io/astra-control-dashboard/#vid-Can,https://asimfish.github.io/astra-control-dashboard/,published_trial_card,20260908T152543Z
robosuite:20260908T152543Z:ep03,robosuite,Panda / MuJoCo,Can,code/proprio,gpt-6-astra,published Codex configuration; not upstream receipt re-audit,medium,v3,,3,False,published_completed,,1,4133,31.19,,,,https://asimfish.github.io/astra-control-dashboard/media/Can__code__proprio__codex-gpt-6-astra__s0__20260908T152543Z/ep03.mp4,https://asimfish.github.io/astra-control-dashboard/#vid-Can,https://asimfish.github.io/astra-control-dashboard/,published_trial_card,20260908T152543Z
robosuite:20260908T152543Z:ep04,robosuite,Panda / MuJoCo,Can,code/proprio,gpt-6-astra,published Codex configuration; not upstream receipt re-audit,medium,v3,,4,False,published_completed,,2,25287,70.04,,,,https://asimfish.github.io/astra-control-dashboard/media/Can__code__proprio__codex-gpt-6-astra__s0__20260908T152543Z/ep04.mp4,https://asimfish.github.io/astra-control-dashboard/#vid-Can,https://asimfish.github.io/astra-control-dashboard/,published_trial_card,20260908T152543Z
robosuite:20260908T152543Z:ep05,robosuite,Panda / MuJoCo,Can,code/proprio,gpt-6-astra,published Codex configuration; not upstream receipt re-audit,medium,v3,,5,False,published_completed,,2,8672,68.0,,,,https://asimfish.github.io/astra-control-dashboard/media/Can__code__proprio__codex-gpt-6-astra__s0__20260908T152543Z/ep05.mp4,https://asimfish.github.io/astra-control-dashboard/#vid-Can,https://asimfish.github.io/astra-control-dashboard/,published_trial_card,20260908T152543Z
robosuite:20260908T152543Z:ep06,robosuite,Panda / MuJoCo,Can,code/proprio,gpt-6-astra,published Codex configuration; not upstream receipt re-audit,medium,v3,,6,False,published_completed,,1,20681,31.51,,,,https://asimfish.github.io/astra-control-dashboard/media/Can__code__proprio__codex-gpt-6-astra__s0__20260908T152543Z/ep06.mp4,https://asimfish.github.io/astra-control-dashboard/#vid-Can,https://asimfish.github.io/astra-control-dashboard/,published_trial_card,20260908T152543Z
robosuite:20260908T152543Z:ep07,robosuite,Panda / MuJoCo,Can,code/proprio,gpt-6-astra,published Codex configuration; not upstream receipt re-audit,medium,v3,,7,True,published_completed,,1,4188,34.39,,,,https://asimfish.github.io/astra-control-dashboard/media/Can__code__proprio__codex-gpt-6-astra__s0__20260908T152543Z/ep07.mp4,https://asimfish.github.io/astra-control-dashboard/#vid-Can,https://asimfish.github.io/astra-control-dashboard/,published_trial_card,20260908T152543Z
robosuite:20260908T152543Z:ep08,robosuite,Panda / MuJoCo,Can,code/proprio,gpt-6-astra,published Codex configuration; not upstream receipt re-audit,medium,v3,,8,False,published_completed,,2,8710,64.05,,,,https://asimfish.github.io/astra-control-dashboard/media/Can__code__proprio__codex-gpt-6-astra__s0__20260908T152543Z/ep08.mp4,https://asimfish.github.io/astra-control-dashboard/#vid-Can,https://asimfish.github.io/astra-control-dashboard/,published_trial_card,20260908T152543Z
robosuite:20260908T152543Z:ep09,robosuite,Panda / MuJoCo,Can,code/proprio,gpt-6-astra,published Codex configuration; not upstream receipt re-audit,medium,v3,,9,True,published_completed,,1,4202,34.4,,,,https://asimfish.github.io/astra-control-dashboard/media/Can__code__proprio__codex-gpt-6-astra__s0__20260908T152543Z/ep09.mp4,https://asimfish.github.io/astra-control-dashboard/#vid-Can,https://asimfish.github.io/astra-control-dashboard/,published_trial_card,20260908T152543Z
robosuite:20260908T152543Z:ep10,robosuite,Panda / MuJoCo,Can,code/proprio,gpt-6-astra,published Codex configuration; not upstream receipt re-audit,medium,v3,,10,False,published_completed,,2,14292,93.79,,,,https://asimfish.github.io/astra-control-dashboard/media/Can__code__proprio__codex-gpt-6-astra__s0__20260908T152543Z/ep10.mp4,https://asimfish.github.io/astra-control-dashboard/#vid-Can,https://asimfish.github.io/astra-control-dashboard/,published_trial_card,20260908T152543Z
robosuite:20260908T152543Z:ep11,robosuite,Panda / MuJoCo,Can,code/proprio,gpt-6-astra,published Codex configuration; not upstream receipt re-audit,medium,v3,,11,False,published_completed,,2,8564,58.17,,,,https://asimfish.github.io/astra-control-dashboard/media/Can__code__proprio__codex-gpt-6-astra__s0__20260908T152543Z/ep11.mp4,https://asimfish.github.io/astra-control-dashboard/#vid-Can,https://asimfish.github.io/astra-control-dashboard/,published_trial_card,20260908T152543Z
robosuite:20260908T152543Z:ep12,robosuite,Panda / MuJoCo,Can,code/proprio,gpt-6-astra,published Codex configuration; not upstream receipt re-audit,medium,v3,,12,False,published_completed,,2,9025,81.05,,,,https://asimfish.github.io/astra-control-dashboard/media/Can__code__proprio__codex-gpt-6-astra__s0__20260908T152543Z/ep12.mp4,https://asimfish.github.io/astra-control-dashboard/#vid-Can,https://asimfish.github.io/astra-control-dashboard/,published_trial_card,20260908T152543Z
robosuite:20260908T152543Z:ep13,robosuite,Panda / MuJoCo,Can,code/proprio,gpt-6-astra,published Codex configuration; not upstream receipt re-audit,medium,v3,,13,True,published_completed,,1,4215,34.56,,,,https://asimfish.github.io/astra-control-dashboard/media/Can__code__proprio__codex-gpt-6-astra__s0__20260908T152543Z/ep13.mp4,https://asimfish.github.io/astra-control-dashboard/#vid-Can,https://asimfish.github.io/astra-control-dashboard/,published_trial_card,20260908T152543Z
robosuite:20260908T152543Z:ep14,robosuite,Panda / MuJoCo,Can,code/proprio,gpt-6-astra,published Codex configuration; not upstream receipt re-audit,medium,v3,,14,True,published_completed,,1,4290,36.49,,,,https://asimfish.github.io/astra-control-dashboard/media/Can__code__proprio__codex-gpt-6-astra__s0__20260908T152543Z/ep14.mp4,https://asimfish.github.io/astra-control-dashboard/#vid-Can,https://asimfish.github.io/astra-control-dashboard/,published_trial_card,20260908T152543Z
robosuite:20260908T152543Z:ep15,robosuite,Panda / MuJoCo,Can,code/proprio,gpt-6-astra,published Codex configuration; not upstream receipt re-audit,medium,v3,,15,False,published_completed,,2,8830,74.49,,,,https://asimfish.github.io/astra-control-dashboard/media/Can__code__proprio__codex-gpt-6-astra__s0__20260908T152543Z/ep15.mp4,https://asimfish.github.io/astra-control-dashboard/#vid-Can,https://asimfish.github.io/astra-control-dashboard/,published_trial_card,20260908T152543Z
robosuite:20260908T152543Z:ep16,robosuite,Panda / MuJoCo,Can,code/proprio,gpt-6-astra,published Codex configuration; not upstream receipt re-audit,medium,v3,,16,False,published_completed,,2,25137,62.0,,,,https://asimfish.github.io/astra-control-dashboard/media/Can__code__proprio__codex-gpt-6-astra__s0__20260908T152543Z/ep16.mp4,https://asimfish.github.io/astra-control-dashboard/#vid-Can,https://asimfish.github.io/astra-control-dashboard/,published_trial_card,20260908T152543Z
robosuite:20260908T152543Z:ep17,robosuite,Panda / MuJoCo,Can,code/proprio,gpt-6-astra,published Codex configuration; not upstream receipt re-audit,medium,v3,,17,True,published_completed,,1,4499,49.8,,,,https://asimfish.github.io/astra-control-dashboard/media/Can__code__proprio__codex-gpt-6-astra__s0__20260908T152543Z/ep17.mp4,https://asimfish.github.io/astra-control-dashboard/#vid-Can,https://asimfish.github.io/astra-control-dashboard/,published_trial_card,20260908T152543Z
robosuite:20260908T152543Z:ep18,robosuite,Panda / MuJoCo,Can,code/proprio,gpt-6-astra,published Codex configuration; not upstream receipt re-audit,medium,v3,,18,False,published_completed,,2,25344,66.9,,,,https://asimfish.github.io/astra-control-dashboard/media/Can__code__proprio__codex-gpt-6-astra__s0__20260908T152543Z/ep18.mp4,https://asimfish.github.io/astra-control-dashboard/#vid-Can,https://asimfish.github.io/astra-control-dashboard/,published_trial_card,20260908T152543Z
robosuite:20260908T152543Z:ep19,robosuite,Panda / MuJoCo,Can,code/proprio,gpt-6-astra,published Codex configuration; not upstream receipt re-audit,medium,v3,,19,False,published_completed,,1,4454,47.78,,,,https://asimfish.github.io/astra-control-dashboard/media/Can__code__proprio__codex-gpt-6-astra__s0__20260908T152543Z/ep19.mp4,https://asimfish.github.io/astra-control-dashboard/#vid-Can,https://asimfish.github.io/astra-control-dashboard/,published_trial_card,20260908T152543Z
robosuite:20260907T123134Z:ep00,robosuite,Panda / MuJoCo,Can,code/privileged,gpt-6-astra,published Codex configuration; not upstream receipt re-audit,medium,v2,,0,True,published_completed,,2,28323,58.13,,,,https://asimfish.github.io/astra-control-dashboard/media/Can__code__privileged__codex-gpt-6-astra__s0__20260907T123134Z/ep00.mp4,https://asimfish.github.io/astra-control-dashboard/#vid-Can,https://asimfish.github.io/astra-control-dashboard/,published_trial_card,20260907T123134Z
robosuite:20260907T123134Z:ep01,robosuite,Panda / MuJoCo,Can,code/privileged,gpt-6-astra,published Codex configuration; not upstream receipt re-audit,medium,v2,,1,True,published_completed,,2,46143,60.45,,,,https://asimfish.github.io/astra-control-dashboard/media/Can__code__privileged__codex-gpt-6-astra__s0__20260907T123134Z/ep01.mp4,https://asimfish.github.io/astra-control-dashboard/#vid-Can,https://asimfish.github.io/astra-control-dashboard/,published_trial_card,20260907T123134Z
robosuite:20260907T123134Z:ep02,robosuite,Panda / MuJoCo,Can,code/privileged,gpt-6-astra,published Codex configuration; not upstream receipt re-audit,medium,v2,,2,True,published_completed,,2,45931,54.0,,,,https://asimfish.github.io/astra-control-dashboard/media/Can__code__privileged__codex-gpt-6-astra__s0__20260907T123134Z/ep02.mp4,https://asimfish.github.io/astra-control-dashboard/#vid-Can,https://asimfish.github.io/astra-control-dashboard/,published_trial_card,20260907T123134Z
robosuite:20260907T123134Z:ep03,robosuite,Panda / MuJoCo,Can,code/privileged,gpt-6-astra,published Codex configuration; not upstream receipt re-audit,medium,v2,,3,True,published_completed,,2,10680,59.18,,,,https://asimfish.github.io/astra-control-dashboard/media/Can__code__privileged__codex-gpt-6-astra__s0__20260907T123134Z/ep03.mp4,https://asimfish.github.io/astra-control-dashboard/#vid-Can,https://asimfish.github.io/astra-control-dashboard/,published_trial_card,20260907T123134Z
robosuite:20260907T123134Z:ep04,robosuite,Panda / MuJoCo,Can,code/privileged,gpt-6-astra,published Codex configuration; not upstream receipt re-audit,medium,v2,,4,True,published_completed,,2,16148,56.45,,,,https://asimfish.github.io/astra-control-dashboard/media/Can__code__privileged__codex-gpt-6-astra__s0__20260907T123134Z/ep04.mp4,https://asimfish.github.io/astra-control-dashboard/#vid-Can,https://asimfish.github.io/astra-control-dashboard/,published_trial_card,20260907T123134Z
robosuite:20260908T150945Z:ep00,robosuite,Panda / MuJoCo,Can,code/privileged,gpt-6-astra,published Codex configuration; not upstream receipt re-audit,medium,v3,,0,True,published_completed,,2,24699,43.93,,,,https://asimfish.github.io/astra-control-dashboard/media/Can__code__privileged__codex-gpt-6-astra__s0__20260908T150945Z/ep00.mp4,https://asimfish.github.io/astra-control-dashboard/#vid-Can,https://asimfish.github.io/astra-control-dashboard/,published_trial_card,20260908T150945Z
robosuite:20260908T150945Z:ep01,robosuite,Panda / MuJoCo,Can,code/privileged,gpt-6-astra,published Codex configuration; not upstream receipt re-audit,medium,v3,,1,True,published_completed,,2,13146,47.02,,,,https://asimfish.github.io/astra-control-dashboard/media/Can__code__privileged__codex-gpt-6-astra__s0__20260908T150945Z/ep01.mp4,https://asimfish.github.io/astra-control-dashboard/#vid-Can,https://asimfish.github.io/astra-control-dashboard/,published_trial_card,20260908T150945Z
robosuite:20260908T150945Z:ep02,robosuite,Panda / MuJoCo,Can,code/privileged,gpt-6-astra,published Codex configuration; not upstream receipt re-audit,medium,v3,,2,True,published_completed,,2,8235,51.74,,,,https://asimfish.github.io/astra-control-dashboard/media/Can__code__privileged__codex-gpt-6-astra__s0__20260908T150945Z/ep02.mp4,https://asimfish.github.io/astra-control-dashboard/#vid-Can,https://asimfish.github.io/astra-control-dashboard/,published_trial_card,20260908T150945Z
robosuite:20260908T150945Z:ep03,robosuite,Panda / MuJoCo,Can,code/privileged,gpt-6-astra,published Codex configuration; not upstream receipt re-audit,medium,v3,,3,True,published_completed,,2,13088,47.6,,,,https://asimfish.github.io/astra-control-dashboard/media/Can__code__privileged__codex-gpt-6-astra__s0__20260908T150945Z/ep03.mp4,https://asimfish.github.io/astra-control-dashboard/#vid-Can,https://asimfish.github.io/astra-control-dashboard/,published_trial_card,20260908T150945Z
robosuite:20260908T150945Z:ep04,robosuite,Panda / MuJoCo,Can,code/privileged,gpt-6-astra,published Codex configuration; not upstream receipt re-audit,medium,v3,,4,True,published_completed,,2,41150,45.19,,,,https://asimfish.github.io/astra-control-dashboard/media/Can__code__privileged__codex-gpt-6-astra__s0__20260908T150945Z/ep04.mp4,https://asimfish.github.io/astra-control-dashboard/#vid-Can,https://asimfish.github.io/astra-control-dashboard/,published_trial_card,20260908T150945Z
robosuite:20260908T150945Z:ep05,robosuite,Panda / MuJoCo,Can,code/privileged,gpt-6-astra,published Codex configuration; not upstream receipt re-audit,medium,v3,,5,True,published_completed,,2,8199,47.6,,,,https://asimfish.github.io/astra-control-dashboard/media/Can__code__privileged__codex-gpt-6-astra__s0__20260908T150945Z/ep05.mp4,https://asimfish.github.io/astra-control-dashboard/#vid-Can,https://asimfish.github.io/astra-control-dashboard/,published_trial_card,20260908T150945Z
robosuite:20260908T150945Z:ep06,robosuite,Panda / MuJoCo,Can,code/privileged,gpt-6-astra,published Codex configuration; not upstream receipt re-audit,medium,v3,,6,True,published_completed,,2,8203,45.72,,,,https://asimfish.github.io/astra-control-dashboard/media/Can__code__privileged__codex-gpt-6-astra__s0__20260908T150945Z/ep06.mp4,https://asimfish.github.io/astra-control-dashboard/#vid-Can,https://asimfish.github.io/astra-control-dashboard/,published_trial_card,20260908T150945Z
robosuite:20260908T150945Z:ep07,robosuite,Panda / MuJoCo,Can,code/privileged,gpt-6-astra,published Codex configuration; not upstream receipt re-audit,medium,v3,,7,True,published_completed,,2,8164,48.64,,,,https://asimfish.github.io/astra-control-dashboard/media/Can__code__privileged__codex-gpt-6-astra__s0__20260908T150945Z/ep07.mp4,https://asimfish.github.io/astra-control-dashboard/#vid-Can,https://asimfish.github.io/astra-control-dashboard/,published_trial_card,20260908T150945Z
robosuite:20260908T150945Z:ep08,robosuite,Panda / MuJoCo,Can,code/privileged,gpt-6-astra,published Codex configuration; not upstream receipt re-audit,medium,v3,,8,True,published_completed,,2,29783,54.39,,,,https://asimfish.github.io/astra-control-dashboard/media/Can__code__privileged__codex-gpt-6-astra__s0__20260908T150945Z/ep08.mp4,https://asimfish.github.io/astra-control-dashboard/#vid-Can,https://asimfish.github.io/astra-control-dashboard/,published_trial_card,20260908T150945Z
robosuite:20260908T150945Z:ep09,robosuite,Panda / MuJoCo,Can,code/privileged,gpt-6-astra,published Codex configuration; not upstream receipt re-audit,medium,v3,,9,True,published_completed,,2,8274,46.49,,,,https://asimfish.github.io/astra-control-dashboard/media/Can__code__privileged__codex-gpt-6-astra__s0__20260908T150945Z/ep09.mp4,https://asimfish.github.io/astra-control-dashboard/#vid-Can,https://asimfish.github.io/astra-control-dashboard/,published_trial_card,20260908T150945Z
robosuite:20260908T150945Z:ep10,robosuite,Panda / MuJoCo,Can,code/privileged,gpt-6-astra,published Codex configuration; not upstream receipt re-audit,medium,v3,,10,True,published_completed,,2,24841,51.72,,,,https://asimfish.github.io/astra-control-dashboard/media/Can__code__privileged__codex-gpt-6-astra__s0__20260908T150945Z/ep10.mp4,https://asimfish.github.io/astra-control-dashboard/#vid-Can,https://asimfish.github.io/astra-control-dashboard/,published_trial_card,20260908T150945Z
robosuite:20260908T150945Z:ep11,robosuite,Panda / MuJoCo,Can,code/privileged,gpt-6-astra,published Codex configuration; not upstream receipt re-audit,medium,v3,,11,True,published_completed,,2,24814,54.14,,,,https://asimfish.github.io/astra-control-dashboard/media/Can__code__privileged__codex-gpt-6-astra__s0__20260908T150945Z/ep11.mp4,https://asimfish.github.io/astra-control-dashboard/#vid-Can,https://asimfish.github.io/astra-control-dashboard/,published_trial_card,20260908T150945Z
robosuite:20260908T150945Z:ep12,robosuite,Panda / MuJoCo,Can,code/privileged,gpt-6-astra,published Codex configuration; not upstream receipt re-audit,medium,v3,,12,True,published_completed,,2,8125,43.61,,,,https://asimfish.github.io/astra-control-dashboard/media/Can__code__privileged__codex-gpt-6-astra__s0__20260908T150945Z/ep12.mp4,https://asimfish.github.io/astra-control-dashboard/#vid-Can,https://asimfish.github.io/astra-control-dashboard/,published_trial_card,20260908T150945Z
robosuite:20260908T150945Z:ep13,robosuite,Panda / MuJoCo,Can,code/privileged,gpt-6-astra,published Codex configuration; not upstream receipt re-audit,medium,v3,,13,True,published_completed,,2,29753,51.29,,,,https://asimfish.github.io/astra-control-dashboard/media/Can__code__privileged__codex-gpt-6-astra__s0__20260908T150945Z/ep13.mp4,https://asimfish.github.io/astra-control-dashboard/#vid-Can,https://asimfish.github.io/astra-control-dashboard/,published_trial_card,20260908T150945Z
robosuite:20260908T150945Z:ep14,robosuite,Panda / MuJoCo,Can,code/privileged,gpt-6-astra,published Codex configuration; not upstream receipt re-audit,medium,v3,,14,True,published_completed,,2,8132,49.18,,,,https://asimfish.github.io/astra-control-dashboard/media/Can__code__privileged__codex-gpt-6-astra__s0__20260908T150945Z/ep14.mp4,https://asimfish.github.io/astra-control-dashboard/#vid-Can,https://asimfish.github.io/astra-control-dashboard/,published_trial_card,20260908T150945Z
robosuite:20260908T150945Z:ep15,robosuite,Panda / MuJoCo,Can,code/privileged,gpt-6-astra,published Codex configuration; not upstream receipt re-audit,medium,v3,,15,True,published_completed,,2,17960,44.94,,,,https://asimfish.github.io/astra-control-dashboard/media/Can__code__privileged__codex-gpt-6-astra__s0__20260908T150945Z/ep15.mp4,https://asimfish.github.io/astra-control-dashboard/#vid-Can,https://asimfish.github.io/astra-control-dashboard/,published_trial_card,20260908T150945Z
robosuite:20260908T150945Z:ep16,robosuite,Panda / MuJoCo,Can,code/privileged,gpt-6-astra,published Codex configuration; not upstream receipt re-audit,medium,v3,,16,True,published_completed,,2,13049,45.24,,,,https://asimfish.github.io/astra-control-dashboard/media/Can__code__privileged__codex-gpt-6-astra__s0__20260908T150945Z/ep16.mp4,https://asimfish.github.io/astra-control-dashboard/#vid-Can,https://asimfish.github.io/astra-control-dashboard/,published_trial_card,20260908T150945Z
robosuite:20260908T150945Z:ep17,robosuite,Panda / MuJoCo,Can,code/privileged,gpt-6-astra,published Codex configuration; not upstream receipt re-audit,medium,v3,,17,True,published_completed,,2,8157,45.03,,,,https://asimfish.github.io/astra-control-dashboard/media/Can__code__privileged__codex-gpt-6-astra__s0__20260908T150945Z/ep17.mp4,https://asimfish.github.io/astra-control-dashboard/#vid-Can,https://asimfish.github.io/astra-control-dashboard/,published_trial_card,20260908T150945Z
robosuite:20260908T150945Z:ep18,robosuite,Panda / MuJoCo,Can,code/privileged,gpt-6-astra,published Codex configuration; not upstream receipt re-audit,medium,v3,,18,True,published_completed,,2,24659,44.29,,,,https://asimfish.github.io/astra-control-dashboard/media/Can__code__privileged__codex-gpt-6-astra__s0__20260908T150945Z/ep18.mp4,https://asimfish.github.io/astra-control-dashboard/#vid-Can,https://asimfish.github.io/astra-control-dashboard/,published_trial_card,20260908T150945Z
robosuite:20260908T150945Z:ep19,robosuite,Panda / MuJoCo,Can,code/privileged,gpt-6-astra,published Codex configuration; not upstream receipt re-audit,medium,v3,,19,True,published_completed,,2,24737,45.8,,,,https://asimfish.github.io/astra-control-dashboard/media/Can__code__privileged__codex-gpt-6-astra__s0__20260908T150945Z/ep19.mp4,https://asimfish.github.io/astra-control-dashboard/#vid-Can,https://asimfish.github.io/astra-control-dashboard/,published_trial_card,20260908T150945Z
robosuite:20260907T142127Z:ep00,robosuite,Panda / MuJoCo,Square,delta/proprio,gpt-6-astra,published Codex configuration; not upstream receipt re-audit,medium,v2,,0,False,published_completed,,10,124463,390.94,,,,https://asimfish.github.io/astra-control-dashboard/media/Square__delta__proprio__codex-gpt-6-astra__s0__20260907T142127Z/ep00.mp4,https://asimfish.github.io/astra-control-dashboard/#vid-Square,https://asimfish.github.io/astra-control-dashboard/,published_trial_card,20260907T142127Z
robosuite:20260907T142127Z:ep01,robosuite,Panda / MuJoCo,Square,delta/proprio,gpt-6-astra,published Codex configuration; not upstream receipt re-audit,medium,v2,,1,False,published_completed,,10,136585,385.06,,,,https://asimfish.github.io/astra-control-dashboard/media/Square__delta__proprio__codex-gpt-6-astra__s0__20260907T142127Z/ep01.mp4,https://asimfish.github.io/astra-control-dashboard/#vid-Square,https://asimfish.github.io/astra-control-dashboard/,published_trial_card,20260907T142127Z
robosuite:20260907T142127Z:ep02,robosuite,Panda / MuJoCo,Square,delta/proprio,gpt-6-astra,published Codex configuration; not upstream receipt re-audit,medium,v2,,2,False,published_completed,,10,114507,440.08,,,,https://asimfish.github.io/astra-control-dashboard/media/Square__delta__proprio__codex-gpt-6-astra__s0__20260907T142127Z/ep02.mp4,https://asimfish.github.io/astra-control-dashboard/#vid-Square,https://asimfish.github.io/astra-control-dashboard/,published_trial_card,20260907T142127Z
robosuite:20260907T142127Z:ep03,robosuite,Panda / MuJoCo,Square,delta/proprio,gpt-6-astra,published Codex configuration; not upstream receipt re-audit,medium,v2,,3,False,published_completed,,10,91244,511.06,,,,https://asimfish.github.io/astra-control-dashboard/media/Square__delta__proprio__codex-gpt-6-astra__s0__20260907T142127Z/ep03.mp4,https://asimfish.github.io/astra-control-dashboard/#vid-Square,https://asimfish.github.io/astra-control-dashboard/,published_trial_card,20260907T142127Z
robosuite:20260907T142127Z:ep04,robosuite,Panda / MuJoCo,Square,delta/proprio,gpt-6-astra,published Codex configuration; not upstream receipt re-audit,medium,v2,,4,False,published_completed,,10,78910,415.16,,,,https://asimfish.github.io/astra-control-dashboard/media/Square__delta__proprio__codex-gpt-6-astra__s0__20260907T142127Z/ep04.mp4,https://asimfish.github.io/astra-control-dashboard/#vid-Square,https://asimfish.github.io/astra-control-dashboard/,published_trial_card,20260907T142127Z
robosuite:20260908T131857Z:ep00,robosuite,Panda / MuJoCo,Square,delta/proprio,gpt-6-astra,published Codex configuration; not upstream receipt re-audit,medium,v3,,0,False,published_completed,,10,105808,322.88,,,,https://asimfish.github.io/astra-control-dashboard/media/Square__delta__proprio__codex-gpt-6-astra__s0__20260908T131857Z/ep00.mp4,https://asimfish.github.io/astra-control-dashboard/#vid-Square,https://asimfish.github.io/astra-control-dashboard/,published_trial_card,20260908T131857Z
robosuite:20260908T131857Z:ep01,robosuite,Panda / MuJoCo,Square,delta/proprio,gpt-6-astra,published Codex configuration; not upstream receipt re-audit,medium,v3,,1,False,published_completed,,10,82181,325.52,,,,https://asimfish.github.io/astra-control-dashboard/media/Square__delta__proprio__codex-gpt-6-astra__s0__20260908T131857Z/ep01.mp4,https://asimfish.github.io/astra-control-dashboard/#vid-Square,https://asimfish.github.io/astra-control-dashboard/,published_trial_card,20260908T131857Z
robosuite:20260908T131857Z:ep02,robosuite,Panda / MuJoCo,Square,delta/proprio,gpt-6-astra,published Codex configuration; not upstream receipt re-audit,medium,v3,,2,False,published_completed,,10,101579,360.21,,,,https://asimfish.github.io/astra-control-dashboard/media/Square__delta__proprio__codex-gpt-6-astra__s0__20260908T131857Z/ep02.mp4,https://asimfish.github.io/astra-control-dashboard/#vid-Square,https://asimfish.github.io/astra-control-dashboard/,published_trial_card,20260908T131857Z
robosuite:20260908T131857Z:ep03,robosuite,Panda / MuJoCo,Square,delta/proprio,gpt-6-astra,published Codex configuration; not upstream receipt re-audit,medium,v3,,3,False,published_completed,,10,84287,325.84,,,,https://asimfish.github.io/astra-control-dashboard/media/Square__delta__proprio__codex-gpt-6-astra__s0__20260908T131857Z/ep03.mp4,https://asimfish.github.io/astra-control-dashboard/#vid-Square,https://asimfish.github.io/astra-control-dashboard/,published_trial_card,20260908T131857Z
robosuite:20260908T131857Z:ep04,robosuite,Panda / MuJoCo,Square,delta/proprio,gpt-6-astra,published Codex configuration; not upstream receipt re-audit,medium,v3,,4,False,published_completed,,10,85186,363.34,,,,https://asimfish.github.io/astra-control-dashboard/media/Square__delta__proprio__codex-gpt-6-astra__s0__20260908T131857Z/ep04.mp4,https://asimfish.github.io/astra-control-dashboard/#vid-Square,https://asimfish.github.io/astra-control-dashboard/,published_trial_card,20260908T131857Z
robosuite:20260908T131857Z:ep05,robosuite,Panda / MuJoCo,Square,delta/proprio,gpt-6-astra,published Codex configuration; not upstream receipt re-audit,medium,v3,,5,False,published_completed,,10,119990,357.62,,,,https://asimfish.github.io/astra-control-dashboard/media/Square__delta__proprio__codex-gpt-6-astra__s0__20260908T131857Z/ep05.mp4,https://asimfish.github.io/astra-control-dashboard/#vid-Square,https://asimfish.github.io/astra-control-dashboard/,published_trial_card,20260908T131857Z
robosuite:20260908T131857Z:ep06,robosuite,Panda / MuJoCo,Square,delta/proprio,gpt-6-astra,published Codex configuration; not upstream receipt re-audit,medium,v3,,6,False,published_completed,,10,77648,333.86,,,,https://asimfish.github.io/astra-control-dashboard/media/Square__delta__proprio__codex-gpt-6-astra__s0__20260908T131857Z/ep06.mp4,https://asimfish.github.io/astra-control-dashboard/#vid-Square,https://asimfish.github.io/astra-control-dashboard/,published_trial_card,20260908T131857Z
robosuite:20260908T131857Z:ep07,robosuite,Panda / MuJoCo,Square,delta/proprio,gpt-6-astra,published Codex configuration; not upstream receipt re-audit,medium,v3,,7,False,published_completed,,10,48424,337.58,,,,https://asimfish.github.io/astra-control-dashboard/media/Square__delta__proprio__codex-gpt-6-astra__s0__20260908T131857Z/ep07.mp4,https://asimfish.github.io/astra-control-dashboard/#vid-Square,https://asimfish.github.io/astra-control-dashboard/,published_trial_card,20260908T131857Z
robosuite:20260908T131857Z:ep08,robosuite,Panda / MuJoCo,Square,delta/proprio,gpt-6-astra,published Codex configuration; not upstream receipt re-audit,medium,v3,,8,False,published_completed,,10,87137,361.63,,,,https://asimfish.github.io/astra-control-dashboard/media/Square__delta__proprio__codex-gpt-6-astra__s0__20260908T131857Z/ep08.mp4,https://asimfish.github.io/astra-control-dashboard/#vid-Square,https://asimfish.github.io/astra-control-dashboard/,published_trial_card,20260908T131857Z
robosuite:20260908T131857Z:ep09,robosuite,Panda / MuJoCo,Square,delta/proprio,gpt-6-astra,published Codex configuration; not upstream receipt re-audit,medium,v3,,9,False,published_completed,,10,87134,367.07,,,,https://asimfish.github.io/astra-control-dashboard/media/Square__delta__proprio__codex-gpt-6-astra__s0__20260908T131857Z/ep09.mp4,https://asimfish.github.io/astra-control-dashboard/#vid-Square,https://asimfish.github.io/astra-control-dashboard/,published_trial_card,20260908T131857Z
robosuite:20260908T131857Z:ep10,robosuite,Panda / MuJoCo,Square,delta/proprio,gpt-6-astra,published Codex configuration; not upstream receipt re-audit,medium,v3,,10,False,published_completed,,10,43992,350.38,,,,https://asimfish.github.io/astra-control-dashboard/media/Square__delta__proprio__codex-gpt-6-astra__s0__20260908T131857Z/ep10.mp4,https://asimfish.github.io/astra-control-dashboard/#vid-Square,https://asimfish.github.io/astra-control-dashboard/,published_trial_card,20260908T131857Z
robosuite:20260908T131857Z:ep11,robosuite,Panda / MuJoCo,Square,delta/proprio,gpt-6-astra,published Codex configuration; not upstream receipt re-audit,medium,v3,,11,False,published_completed,,10,59904,323.54,,,,https://asimfish.github.io/astra-control-dashboard/media/Square__delta__proprio__codex-gpt-6-astra__s0__20260908T131857Z/ep11.mp4,https://asimfish.github.io/astra-control-dashboard/#vid-Square,https://asimfish.github.io/astra-control-dashboard/,published_trial_card,20260908T131857Z
robosuite:20260908T131857Z:ep12,robosuite,Panda / MuJoCo,Square,delta/proprio,gpt-6-astra,published Codex configuration; not upstream receipt re-audit,medium,v3,,12,False,published_completed,,10,61103,387.16,,,,https://asimfish.github.io/astra-control-dashboard/media/Square__delta__proprio__codex-gpt-6-astra__s0__20260908T131857Z/ep12.mp4,https://asimfish.github.io/astra-control-dashboard/#vid-Square,https://asimfish.github.io/astra-control-dashboard/,published_trial_card,20260908T131857Z
robosuite:20260908T131857Z:ep13,robosuite,Panda / MuJoCo,Square,delta/proprio,gpt-6-astra,published Codex configuration; not upstream receipt re-audit,medium,v3,,13,False,published_completed,,10,44285,357.64,,,,https://asimfish.github.io/astra-control-dashboard/media/Square__delta__proprio__codex-gpt-6-astra__s0__20260908T131857Z/ep13.mp4,https://asimfish.github.io/astra-control-dashboard/#vid-Square,https://asimfish.github.io/astra-control-dashboard/,published_trial_card,20260908T131857Z
robosuite:20260908T131857Z:ep14,robosuite,Panda / MuJoCo,Square,delta/proprio,gpt-6-astra,published Codex configuration; not upstream receipt re-audit,medium,v3,,14,False,published_completed,,10,65141,336.5,,,,https://asimfish.github.io/astra-control-dashboard/media/Square__delta__proprio__codex-gpt-6-astra__s0__20260908T131857Z/ep14.mp4,https://asimfish.github.io/astra-control-dashboard/#vid-Square,https://asimfish.github.io/astra-control-dashboard/,published_trial_card,20260908T131857Z
robosuite:20260908T131857Z:ep15,robosuite,Panda / MuJoCo,Square,delta/proprio,gpt-6-astra,published Codex configuration; not upstream receipt re-audit,medium,v3,,15,True,published_completed,,10,43332,312.49,,,,https://asimfish.github.io/astra-control-dashboard/media/Square__delta__proprio__codex-gpt-6-astra__s0__20260908T131857Z/ep15.mp4,https://asimfish.github.io/astra-control-dashboard/#vid-Square,https://asimfish.github.io/astra-control-dashboard/,published_trial_card,20260908T131857Z
robosuite:20260908T131857Z:ep16,robosuite,Panda / MuJoCo,Square,delta/proprio,gpt-6-astra,published Codex configuration; not upstream receipt re-audit,medium,v3,,16,False,published_completed,,10,60115,317.37,,,,https://asimfish.github.io/astra-control-dashboard/media/Square__delta__proprio__codex-gpt-6-astra__s0__20260908T131857Z/ep16.mp4,https://asimfish.github.io/astra-control-dashboard/#vid-Square,https://asimfish.github.io/astra-control-dashboard/,published_trial_card,20260908T131857Z
robosuite:20260908T131857Z:ep17,robosuite,Panda / MuJoCo,Square,delta/proprio,gpt-6-astra,published Codex configuration; not upstream receipt re-audit,medium,v3,,17,False,published_completed,,10,43843,335.3,,,,https://asimfish.github.io/astra-control-dashboard/media/Square__delta__proprio__codex-gpt-6-astra__s0__20260908T131857Z/ep17.mp4,https://asimfish.github.io/astra-control-dashboard/#vid-Square,https://asimfish.github.io/astra-control-dashboard/,published_trial_card,20260908T131857Z
robosuite:20260908T131857Z:ep18,robosuite,Panda / MuJoCo,Square,delta/proprio,gpt-6-astra,published Codex configuration; not upstream receipt re-audit,medium,v3,,18,False,published_completed,,10,44072,357.05,,,,https://asimfish.github.io/astra-control-dashboard/media/Square__delta__proprio__codex-gpt-6-astra__s0__20260908T131857Z/ep18.mp4,https://asimfish.github.io/astra-control-dashboard/#vid-Square,https://asimfish.github.io/astra-control-dashboard/,published_trial_card,20260908T131857Z
robosuite:20260908T131857Z:ep19,robosuite,Panda / MuJoCo,Square,delta/proprio,gpt-6-astra,published Codex configuration; not upstream receipt re-audit,medium,v3,,19,False,published_completed,,10,43965,342.81,,,,https://asimfish.github.io/astra-control-dashboard/media/Square__delta__proprio__codex-gpt-6-astra__s0__20260908T131857Z/ep19.mp4,https://asimfish.github.io/astra-control-dashboard/#vid-Square,https://asimfish.github.io/astra-control-dashboard/,published_trial_card,20260908T131857Z
robosuite:20260908T151342Z:ep00,robosuite,Panda / MuJoCo,Square,waypoint/none,gpt-6-astra,published Codex configuration; not upstream receipt re-audit,medium,v3,,0,False,published_completed,,11,68822,546.97,,,,https://asimfish.github.io/astra-control-dashboard/media/Square__waypoint__none__codex-gpt-6-astra__s0__20260908T151342Z/ep00.mp4,https://asimfish.github.io/astra-control-dashboard/#vid-Square,https://asimfish.github.io/astra-control-dashboard/,published_trial_card,20260908T151342Z
robosuite:20260908T151342Z:ep01,robosuite,Panda / MuJoCo,Square,waypoint/none,gpt-6-astra,published Codex configuration; not upstream receipt re-audit,medium,v3,,1,False,published_completed,,16,63699,579.06,,,,https://asimfish.github.io/astra-control-dashboard/media/Square__waypoint__none__codex-gpt-6-astra__s0__20260908T151342Z/ep01.mp4,https://asimfish.github.io/astra-control-dashboard/#vid-Square,https://asimfish.github.io/astra-control-dashboard/,published_trial_card,20260908T151342Z
robosuite:20260908T151342Z:ep02,robosuite,Panda / MuJoCo,Square,waypoint/none,gpt-6-astra,published Codex configuration; not upstream receipt re-audit,medium,v3,,2,False,published_completed,,8,33917,367.02,,,,https://asimfish.github.io/astra-control-dashboard/media/Square__waypoint__none__codex-gpt-6-astra__s0__20260908T151342Z/ep02.mp4,https://asimfish.github.io/astra-control-dashboard/#vid-Square,https://asimfish.github.io/astra-control-dashboard/,published_trial_card,20260908T151342Z
robosuite:20260908T151342Z:ep03,robosuite,Panda / MuJoCo,Square,waypoint/none,gpt-6-astra,published Codex configuration; not upstream receipt re-audit,medium,v3,,3,False,published_completed,,16,112994,550.67,,,,https://asimfish.github.io/astra-control-dashboard/media/Square__waypoint__none__codex-gpt-6-astra__s0__20260908T151342Z/ep03.mp4,https://asimfish.github.io/astra-control-dashboard/#vid-Square,https://asimfish.github.io/astra-control-dashboard/,published_trial_card,20260908T151342Z
robosuite:20260908T151342Z:ep04,robosuite,Panda / MuJoCo,Square,waypoint/none,gpt-6-astra,published Codex configuration; not upstream receipt re-audit,medium,v3,,4,False,published_completed,,16,81931,650.65,,,,https://asimfish.github.io/astra-control-dashboard/media/Square__waypoint__none__codex-gpt-6-astra__s0__20260908T151342Z/ep04.mp4,https://asimfish.github.io/astra-control-dashboard/#vid-Square,https://asimfish.github.io/astra-control-dashboard/,published_trial_card,20260908T151342Z
robosuite:20260908T151342Z:ep05,robosuite,Panda / MuJoCo,Square,waypoint/none,gpt-6-astra,published Codex configuration; not upstream receipt re-audit,medium,v3,,5,False,published_completed,,9,40509,488.88,,,,https://asimfish.github.io/astra-control-dashboard/media/Square__waypoint__none__codex-gpt-6-astra__s0__20260908T151342Z/ep05.mp4,https://asimfish.github.io/astra-control-dashboard/#vid-Square,https://asimfish.github.io/astra-control-dashboard/,published_trial_card,20260908T151342Z
robosuite:20260908T151342Z:ep06,robosuite,Panda / MuJoCo,Square,waypoint/none,gpt-6-astra,published Codex configuration; not upstream receipt re-audit,medium,v3,,6,False,published_completed,,15,83228,630.99,,,,https://asimfish.github.io/astra-control-dashboard/media/Square__waypoint__none__codex-gpt-6-astra__s0__20260908T151342Z/ep06.mp4,https://asimfish.github.io/astra-control-dashboard/#vid-Square,https://asimfish.github.io/astra-control-dashboard/,published_trial_card,20260908T151342Z
robosuite:20260908T151342Z:ep07,robosuite,Panda / MuJoCo,Square,waypoint/none,gpt-6-astra,published Codex configuration; not upstream receipt re-audit,medium,v3,,7,False,published_completed,,16,62687,595.53,,,,https://asimfish.github.io/astra-control-dashboard/media/Square__waypoint__none__codex-gpt-6-astra__s0__20260908T151342Z/ep07.mp4,https://asimfish.github.io/astra-control-dashboard/#vid-Square,https://asimfish.github.io/astra-control-dashboard/,published_trial_card,20260908T151342Z
robosuite:20260908T151342Z:ep08,robosuite,Panda / MuJoCo,Square,waypoint/none,gpt-6-astra,published Codex configuration; not upstream receipt re-audit,medium,v3,,8,False,published_completed,,16,131304,650.88,,,,https://asimfish.github.io/astra-control-dashboard/media/Square__waypoint__none__codex-gpt-6-astra__s0__20260908T151342Z/ep08.mp4,https://asimfish.github.io/astra-control-dashboard/#vid-Square,https://asimfish.github.io/astra-control-dashboard/,published_trial_card,20260908T151342Z
robosuite:20260908T151342Z:ep09,robosuite,Panda / MuJoCo,Square,waypoint/none,gpt-6-astra,published Codex configuration; not upstream receipt re-audit,medium,v3,,9,False,published_completed,,16,97802,657.86,,,,https://asimfish.github.io/astra-control-dashboard/media/Square__waypoint__none__codex-gpt-6-astra__s0__20260908T151342Z/ep09.mp4,https://asimfish.github.io/astra-control-dashboard/#vid-Square,https://asimfish.github.io/astra-control-dashboard/,published_trial_card,20260908T151342Z
robosuite:20260908T151342Z:ep10,robosuite,Panda / MuJoCo,Square,waypoint/none,gpt-6-astra,published Codex configuration; not upstream receipt re-audit,medium,v3,,10,False,published_completed,,10,73508,559.41,,,,https://asimfish.github.io/astra-control-dashboard/media/Square__waypoint__none__codex-gpt-6-astra__s0__20260908T151342Z/ep10.mp4,https://asimfish.github.io/astra-control-dashboard/#vid-Square,https://asimfish.github.io/astra-control-dashboard/,published_trial_card,20260908T151342Z
robosuite:20260908T151342Z:ep11,robosuite,Panda / MuJoCo,Square,waypoint/none,gpt-6-astra,published Codex configuration; not upstream receipt re-audit,medium,v3,,11,False,published_completed,,14,90378,555.48,,,,https://asimfish.github.io/astra-control-dashboard/media/Square__waypoint__none__codex-gpt-6-astra__s0__20260908T151342Z/ep11.mp4,https://asimfish.github.io/astra-control-dashboard/#vid-Square,https://asimfish.github.io/astra-control-dashboard/,published_trial_card,20260908T151342Z
robosuite:20260908T151342Z:ep12,robosuite,Panda / MuJoCo,Square,waypoint/none,gpt-6-astra,published Codex configuration; not upstream receipt re-audit,medium,v3,,12,False,published_completed,,12,65179,460.61,,,,https://asimfish.github.io/astra-control-dashboard/media/Square__waypoint__none__codex-gpt-6-astra__s0__20260908T151342Z/ep12.mp4,https://asimfish.github.io/astra-control-dashboard/#vid-Square,https://asimfish.github.io/astra-control-dashboard/,published_trial_card,20260908T151342Z
robosuite:20260908T151342Z:ep13,robosuite,Panda / MuJoCo,Square,waypoint/none,gpt-6-astra,published Codex configuration; not upstream receipt re-audit,medium,v3,,13,False,published_completed,,16,113695,596.92,,,,https://asimfish.github.io/astra-control-dashboard/media/Square__waypoint__none__codex-gpt-6-astra__s0__20260908T151342Z/ep13.mp4,https://asimfish.github.io/astra-control-dashboard/#vid-Square,https://asimfish.github.io/astra-control-dashboard/,published_trial_card,20260908T151342Z
robosuite:20260908T151342Z:ep14,robosuite,Panda / MuJoCo,Square,waypoint/none,gpt-6-astra,published Codex configuration; not upstream receipt re-audit,medium,v3,,14,False,published_completed,,16,79886,540.06,,,,https://asimfish.github.io/astra-control-dashboard/media/Square__waypoint__none__codex-gpt-6-astra__s0__20260908T151342Z/ep14.mp4,https://asimfish.github.io/astra-control-dashboard/#vid-Square,https://asimfish.github.io/astra-control-dashboard/,published_trial_card,20260908T151342Z
robosuite:20260908T151342Z:ep15,robosuite,Panda / MuJoCo,Square,waypoint/none,gpt-6-astra,published Codex configuration; not upstream receipt re-audit,medium,v3,,15,False,published_completed,,16,80319,547.05,,,,https://asimfish.github.io/astra-control-dashboard/media/Square__waypoint__none__codex-gpt-6-astra__s0__20260908T151342Z/ep15.mp4,https://asimfish.github.io/astra-control-dashboard/#vid-Square,https://asimfish.github.io/astra-control-dashboard/,published_trial_card,20260908T151342Z
robosuite:20260908T151342Z:ep16,robosuite,Panda / MuJoCo,Square,waypoint/none,gpt-6-astra,published Codex configuration; not upstream receipt re-audit,medium,v3,,16,False,published_completed,,10,43666,518.76,,,,https://asimfish.github.io/astra-control-dashboard/media/Square__waypoint__none__codex-gpt-6-astra__s0__20260908T151342Z/ep16.mp4,https://asimfish.github.io/astra-control-dashboard/#vid-Square,https://asimfish.github.io/astra-control-dashboard/,published_trial_card,20260908T151342Z
robosuite:20260908T151342Z:ep17,robosuite,Panda / MuJoCo,Square,waypoint/none,gpt-6-astra,published Codex configuration; not upstream receipt re-audit,medium,v3,,17,False,published_completed,,16,64929,672.54,,,,https://asimfish.github.io/astra-control-dashboard/media/Square__waypoint__none__codex-gpt-6-astra__s0__20260908T151342Z/ep17.mp4,https://asimfish.github.io/astra-control-dashboard/#vid-Square,https://asimfish.github.io/astra-control-dashboard/,published_trial_card,20260908T151342Z
robosuite:20260908T151342Z:ep18,robosuite,Panda / MuJoCo,Square,waypoint/none,gpt-6-astra,published Codex configuration; not upstream receipt re-audit,medium,v3,,18,False,published_completed,,16,80391,654.47,,,,https://asimfish.github.io/astra-control-dashboard/media/Square__waypoint__none__codex-gpt-6-astra__s0__20260908T151342Z/ep18.mp4,https://asimfish.github.io/astra-control-dashboard/#vid-Square,https://asimfish.github.io/astra-control-dashboard/,published_trial_card,20260908T151342Z
robosuite:20260908T151342Z:ep19,robosuite,Panda / MuJoCo,Square,waypoint/none,gpt-6-astra,published Codex configuration; not upstream receipt re-audit,medium,v3,,19,False,published_completed,,16,112831,577.04,,,,https://asimfish.github.io/astra-control-dashboard/media/Square__waypoint__none__codex-gpt-6-astra__s0__20260908T151342Z/ep19.mp4,https://asimfish.github.io/astra-control-dashboard/#vid-Square,https://asimfish.github.io/astra-control-dashboard/,published_trial_card,20260908T151342Z
robosuite:20260907T145719Z:ep00,robosuite,Panda / MuJoCo,Square,waypoint/proprio,gpt-6-astra,published Codex configuration; not upstream receipt re-audit,medium,v2,,0,True,published_completed,,8,130764,245.64,,,,https://asimfish.github.io/astra-control-dashboard/media/Square__waypoint__proprio__codex-gpt-6-astra__s0__20260907T145719Z/ep00.mp4,https://asimfish.github.io/astra-control-dashboard/#vid-Square,https://asimfish.github.io/astra-control-dashboard/,published_trial_card,20260907T145719Z
robosuite:20260907T145719Z:ep01,robosuite,Panda / MuJoCo,Square,waypoint/proprio,gpt-6-astra,published Codex configuration; not upstream receipt re-audit,medium,v2,,1,True,published_completed,,8,95135,237.34,,,,https://asimfish.github.io/astra-control-dashboard/media/Square__waypoint__proprio__codex-gpt-6-astra__s0__20260907T145719Z/ep01.mp4,https://asimfish.github.io/astra-control-dashboard/#vid-Square,https://asimfish.github.io/astra-control-dashboard/,published_trial_card,20260907T145719Z
robosuite:20260907T145719Z:ep02,robosuite,Panda / MuJoCo,Square,waypoint/proprio,gpt-6-astra,published Codex configuration; not upstream receipt re-audit,medium,v2,,2,True,published_completed,,6,84110,179.65,,,,https://asimfish.github.io/astra-control-dashboard/media/Square__waypoint__proprio__codex-gpt-6-astra__s0__20260907T145719Z/ep02.mp4,https://asimfish.github.io/astra-control-dashboard/#vid-Square,https://asimfish.github.io/astra-control-dashboard/,published_trial_card,20260907T145719Z
robosuite:20260907T145719Z:ep03,robosuite,Panda / MuJoCo,Square,waypoint/proprio,gpt-6-astra,published Codex configuration; not upstream receipt re-audit,medium,v2,,3,False,published_completed,,7,72041,206.04,,,,https://asimfish.github.io/astra-control-dashboard/media/Square__waypoint__proprio__codex-gpt-6-astra__s0__20260907T145719Z/ep03.mp4,https://asimfish.github.io/astra-control-dashboard/#vid-Square,https://asimfish.github.io/astra-control-dashboard/,published_trial_card,20260907T145719Z
robosuite:20260907T145719Z:ep04,robosuite,Panda / MuJoCo,Square,waypoint/proprio,gpt-6-astra,published Codex configuration; not upstream receipt re-audit,medium,v2,,4,False,published_completed,,9,53315,289.7,,,,https://asimfish.github.io/astra-control-dashboard/media/Square__waypoint__proprio__codex-gpt-6-astra__s0__20260907T145719Z/ep04.mp4,https://asimfish.github.io/astra-control-dashboard/#vid-Square,https://asimfish.github.io/astra-control-dashboard/,published_trial_card,20260907T145719Z
robosuite:20260908T132052Z:ep00,robosuite,Panda / MuJoCo,Square,waypoint/proprio,gpt-6-astra,published Codex configuration; not upstream receipt re-audit,medium,v3,,0,True,published_completed,,6,53641,141.27,,,,https://asimfish.github.io/astra-control-dashboard/media/Square__waypoint__proprio__codex-gpt-6-astra__s0__20260908T132052Z/ep00.mp4,https://asimfish.github.io/astra-control-dashboard/#vid-Square,https://asimfish.github.io/astra-control-dashboard/,published_trial_card,20260908T132052Z
robosuite:20260908T132052Z:ep01,robosuite,Panda / MuJoCo,Square,waypoint/proprio,gpt-6-astra,published Codex configuration; not upstream receipt re-audit,medium,v3,,1,True,published_completed,,7,74669,168.54,,,,https://asimfish.github.io/astra-control-dashboard/media/Square__waypoint__proprio__codex-gpt-6-astra__s0__20260908T132052Z/ep01.mp4,https://asimfish.github.io/astra-control-dashboard/#vid-Square,https://asimfish.github.io/astra-control-dashboard/,published_trial_card,20260908T132052Z
robosuite:20260908T132052Z:ep02,robosuite,Panda / MuJoCo,Square,waypoint/proprio,gpt-6-astra,published Codex configuration; not upstream receipt re-audit,medium,v3,,2,True,published_completed,,7,64721,192.32,,,,https://asimfish.github.io/astra-control-dashboard/media/Square__waypoint__proprio__codex-gpt-6-astra__s0__20260908T132052Z/ep02.mp4,https://asimfish.github.io/astra-control-dashboard/#vid-Square,https://asimfish.github.io/astra-control-dashboard/,published_trial_card,20260908T132052Z
robosuite:20260908T132052Z:ep03,robosuite,Panda / MuJoCo,Square,waypoint/proprio,gpt-6-astra,published Codex configuration; not upstream receipt re-audit,medium,v3,,3,False,published_completed,,10,75693,251.67,,,,https://asimfish.github.io/astra-control-dashboard/media/Square__waypoint__proprio__codex-gpt-6-astra__s0__20260908T132052Z/ep03.mp4,https://asimfish.github.io/astra-control-dashboard/#vid-Square,https://asimfish.github.io/astra-control-dashboard/,published_trial_card,20260908T132052Z
robosuite:20260908T132052Z:ep04,robosuite,Panda / MuJoCo,Square,waypoint/proprio,gpt-6-astra,published Codex configuration; not upstream receipt re-audit,medium,v3,,4,True,published_completed,,5,29272,111.51,,,,https://asimfish.github.io/astra-control-dashboard/media/Square__waypoint__proprio__codex-gpt-6-astra__s0__20260908T132052Z/ep04.mp4,https://asimfish.github.io/astra-control-dashboard/#vid-Square,https://asimfish.github.io/astra-control-dashboard/,published_trial_card,20260908T132052Z
robosuite:20260908T132052Z:ep05,robosuite,Panda / MuJoCo,Square,waypoint/proprio,gpt-6-astra,published Codex configuration; not upstream receipt re-audit,medium,v3,,5,True,published_completed,,6,29426,186.14,,,,https://asimfish.github.io/astra-control-dashboard/media/Square__waypoint__proprio__codex-gpt-6-astra__s0__20260908T132052Z/ep05.mp4,https://asimfish.github.io/astra-control-dashboard/#vid-Square,https://asimfish.github.io/astra-control-dashboard/,published_trial_card,20260908T132052Z
robosuite:20260908T132052Z:ep06,robosuite,Panda / MuJoCo,Square,waypoint/proprio,gpt-6-astra,published Codex configuration; not upstream receipt re-audit,medium,v3,,6,False,published_completed,,12,90721,334.78,,,,https://asimfish.github.io/astra-control-dashboard/media/Square__waypoint__proprio__codex-gpt-6-astra__s0__20260908T132052Z/ep06.mp4,https://asimfish.github.io/astra-control-dashboard/#vid-Square,https://asimfish.github.io/astra-control-dashboard/,published_trial_card,20260908T132052Z
robosuite:20260908T132052Z:ep07,robosuite,Panda / MuJoCo,Square,waypoint/proprio,gpt-6-astra,published Codex configuration; not upstream receipt re-audit,medium,v3,,7,True,published_completed,,9,58988,267.74,,,,https://asimfish.github.io/astra-control-dashboard/media/Square__waypoint__proprio__codex-gpt-6-astra__s0__20260908T132052Z/ep07.mp4,https://asimfish.github.io/astra-control-dashboard/#vid-Square,https://asimfish.github.io/astra-control-dashboard/,published_trial_card,20260908T132052Z
robosuite:20260908T132052Z:ep08,robosuite,Panda / MuJoCo,Square,waypoint/proprio,gpt-6-astra,published Codex configuration; not upstream receipt re-audit,medium,v3,,8,True,published_completed,,8,42641,234.95,,,,https://asimfish.github.io/astra-control-dashboard/media/Square__waypoint__proprio__codex-gpt-6-astra__s0__20260908T132052Z/ep08.mp4,https://asimfish.github.io/astra-control-dashboard/#vid-Square,https://asimfish.github.io/astra-control-dashboard/,published_trial_card,20260908T132052Z
robosuite:20260908T132052Z:ep09,robosuite,Panda / MuJoCo,Square,waypoint/proprio,gpt-6-astra,published Codex configuration; not upstream receipt re-audit,medium,v3,,9,True,published_completed,,5,41050,112.67,,,,https://asimfish.github.io/astra-control-dashboard/media/Square__waypoint__proprio__codex-gpt-6-astra__s0__20260908T132052Z/ep09.mp4,https://asimfish.github.io/astra-control-dashboard/#vid-Square,https://asimfish.github.io/astra-control-dashboard/,published_trial_card,20260908T132052Z
robosuite:20260908T132052Z:ep10,robosuite,Panda / MuJoCo,Square,waypoint/proprio,gpt-6-astra,published Codex configuration; not upstream receipt re-audit,medium,v3,,10,True,published_completed,,5,19196,101.72,,,,https://asimfish.github.io/astra-control-dashboard/media/Square__waypoint__proprio__codex-gpt-6-astra__s0__20260908T132052Z/ep10.mp4,https://asimfish.github.io/astra-control-dashboard/#vid-Square,https://asimfish.github.io/astra-control-dashboard/,published_trial_card,20260908T132052Z
robosuite:20260908T132052Z:ep11,robosuite,Panda / MuJoCo,Square,waypoint/proprio,gpt-6-astra,published Codex configuration; not upstream receipt re-audit,medium,v3,,11,True,published_completed,,6,23549,140.15,,,,https://asimfish.github.io/astra-control-dashboard/media/Square__waypoint__proprio__codex-gpt-6-astra__s0__20260908T132052Z/ep11.mp4,https://asimfish.github.io/astra-control-dashboard/#vid-Square,https://asimfish.github.io/astra-control-dashboard/,published_trial_card,20260908T132052Z
robosuite:20260908T132052Z:ep12,robosuite,Panda / MuJoCo,Square,waypoint/proprio,gpt-6-astra,published Codex configuration; not upstream receipt re-audit,medium,v3,,12,True,published_completed,,6,23287,130.72,,,,https://asimfish.github.io/astra-control-dashboard/media/Square__waypoint__proprio__codex-gpt-6-astra__s0__20260908T132052Z/ep12.mp4,https://asimfish.github.io/astra-control-dashboard/#vid-Square,https://asimfish.github.io/astra-control-dashboard/,published_trial_card,20260908T132052Z
robosuite:20260908T132052Z:ep13,robosuite,Panda / MuJoCo,Square,waypoint/proprio,gpt-6-astra,published Codex configuration; not upstream receipt re-audit,medium,v3,,13,True,published_completed,,6,23605,145.32,,,,https://asimfish.github.io/astra-control-dashboard/media/Square__waypoint__proprio__codex-gpt-6-astra__s0__20260908T132052Z/ep13.mp4,https://asimfish.github.io/astra-control-dashboard/#vid-Square,https://asimfish.github.io/astra-control-dashboard/,published_trial_card,20260908T132052Z
robosuite:20260908T132052Z:ep14,robosuite,Panda / MuJoCo,Square,waypoint/proprio,gpt-6-astra,published Codex configuration; not upstream receipt re-audit,medium,v3,,14,True,published_completed,,7,28483,204.98,,,,https://asimfish.github.io/astra-control-dashboard/media/Square__waypoint__proprio__codex-gpt-6-astra__s0__20260908T132052Z/ep14.mp4,https://asimfish.github.io/astra-control-dashboard/#vid-Square,https://asimfish.github.io/astra-control-dashboard/,published_trial_card,20260908T132052Z
robosuite:20260908T132052Z:ep15,robosuite,Panda / MuJoCo,Square,waypoint/proprio,gpt-6-astra,published Codex configuration; not upstream receipt re-audit,medium,v3,,15,True,published_completed,,7,27443,154.19,,,,https://asimfish.github.io/astra-control-dashboard/media/Square__waypoint__proprio__codex-gpt-6-astra__s0__20260908T132052Z/ep15.mp4,https://asimfish.github.io/astra-control-dashboard/#vid-Square,https://asimfish.github.io/astra-control-dashboard/,published_trial_card,20260908T132052Z
robosuite:20260908T132052Z:ep16,robosuite,Panda / MuJoCo,Square,waypoint/proprio,gpt-6-astra,published Codex configuration; not upstream receipt re-audit,medium,v3,,16,True,published_completed,,8,32393,220.66,,,,https://asimfish.github.io/astra-control-dashboard/media/Square__waypoint__proprio__codex-gpt-6-astra__s0__20260908T132052Z/ep16.mp4,https://asimfish.github.io/astra-control-dashboard/#vid-Square,https://asimfish.github.io/astra-control-dashboard/,published_trial_card,20260908T132052Z
robosuite:20260908T132052Z:ep17,robosuite,Panda / MuJoCo,Square,waypoint/proprio,gpt-6-astra,published Codex configuration; not upstream receipt re-audit,medium,v3,,17,True,published_completed,,7,32761,174.3,,,,https://asimfish.github.io/astra-control-dashboard/media/Square__waypoint__proprio__codex-gpt-6-astra__s0__20260908T132052Z/ep17.mp4,https://asimfish.github.io/astra-control-dashboard/#vid-Square,https://asimfish.github.io/astra-control-dashboard/,published_trial_card,20260908T132052Z
robosuite:20260908T132052Z:ep18,robosuite,Panda / MuJoCo,Square,waypoint/proprio,gpt-6-astra,published Codex configuration; not upstream receipt re-audit,medium,v3,,18,True,published_completed,,6,23902,159.6,,,,https://asimfish.github.io/astra-control-dashboard/media/Square__waypoint__proprio__codex-gpt-6-astra__s0__20260908T132052Z/ep18.mp4,https://asimfish.github.io/astra-control-dashboard/#vid-Square,https://asimfish.github.io/astra-control-dashboard/,published_trial_card,20260908T132052Z
robosuite:20260908T132052Z:ep19,robosuite,Panda / MuJoCo,Square,waypoint/proprio,gpt-6-astra,published Codex configuration; not upstream receipt re-audit,medium,v3,,19,True,published_completed,,6,23261,135.45,,,,https://asimfish.github.io/astra-control-dashboard/media/Square__waypoint__proprio__codex-gpt-6-astra__s0__20260908T132052Z/ep19.mp4,https://asimfish.github.io/astra-control-dashboard/#vid-Square,https://asimfish.github.io/astra-control-dashboard/,published_trial_card,20260908T132052Z
robosuite:20260907T151651Z:ep00,robosuite,Panda / MuJoCo,Square,code/proprio,gpt-6-astra,published Codex configuration; not upstream receipt re-audit,medium,v2,,0,True,published_completed,,1,11009,44.77,,,,https://asimfish.github.io/astra-control-dashboard/media/Square__code__proprio__codex-gpt-6-astra__s0__20260907T151651Z/ep00.mp4,https://asimfish.github.io/astra-control-dashboard/#vid-Square,https://asimfish.github.io/astra-control-dashboard/,published_trial_card,20260907T151651Z
robosuite:20260907T151651Z:ep01,robosuite,Panda / MuJoCo,Square,code/proprio,gpt-6-astra,published Codex configuration; not upstream receipt re-audit,medium,v2,,1,True,published_completed,,1,23316,50.22,,,,https://asimfish.github.io/astra-control-dashboard/media/Square__code__proprio__codex-gpt-6-astra__s0__20260907T151651Z/ep01.mp4,https://asimfish.github.io/astra-control-dashboard/#vid-Square,https://asimfish.github.io/astra-control-dashboard/,published_trial_card,20260907T151651Z
robosuite:20260907T151651Z:ep02,robosuite,Panda / MuJoCo,Square,code/proprio,gpt-6-astra,published Codex configuration; not upstream receipt re-audit,medium,v2,,2,True,published_completed,,1,23220,42.97,,,,https://asimfish.github.io/astra-control-dashboard/media/Square__code__proprio__codex-gpt-6-astra__s0__20260907T151651Z/ep02.mp4,https://asimfish.github.io/astra-control-dashboard/#vid-Square,https://asimfish.github.io/astra-control-dashboard/,published_trial_card,20260907T151651Z
robosuite:20260907T151651Z:ep03,robosuite,Panda / MuJoCo,Square,code/proprio,gpt-6-astra,published Codex configuration; not upstream receipt re-audit,medium,v2,,3,True,published_completed,,1,23381,55.55,,,,https://asimfish.github.io/astra-control-dashboard/media/Square__code__proprio__codex-gpt-6-astra__s0__20260907T151651Z/ep03.mp4,https://asimfish.github.io/astra-control-dashboard/#vid-Square,https://asimfish.github.io/astra-control-dashboard/,published_trial_card,20260907T151651Z
robosuite:20260907T151651Z:ep04,robosuite,Panda / MuJoCo,Square,code/proprio,gpt-6-astra,published Codex configuration; not upstream receipt re-audit,medium,v2,,4,True,published_completed,,1,23641,61.31,,,,https://asimfish.github.io/astra-control-dashboard/media/Square__code__proprio__codex-gpt-6-astra__s0__20260907T151651Z/ep04.mp4,https://asimfish.github.io/astra-control-dashboard/#vid-Square,https://asimfish.github.io/astra-control-dashboard/,published_trial_card,20260907T151651Z
robosuite:20260908T142029Z:ep00,robosuite,Panda / MuJoCo,Square,code/proprio,gpt-6-astra,published Codex configuration; not upstream receipt re-audit,medium,v3,,0,True,published_completed,,1,9442,42.42,,,,https://asimfish.github.io/astra-control-dashboard/media/Square__code__proprio__codex-gpt-6-astra__s0__20260908T142029Z/ep00.mp4,https://asimfish.github.io/astra-control-dashboard/#vid-Square,https://asimfish.github.io/astra-control-dashboard/,published_trial_card,20260908T142029Z
robosuite:20260908T142029Z:ep01,robosuite,Panda / MuJoCo,Square,code/proprio,gpt-6-astra,published Codex configuration; not upstream receipt re-audit,medium,v3,,1,True,published_completed,,1,9767,65.97,,,,https://asimfish.github.io/astra-control-dashboard/media/Square__code__proprio__codex-gpt-6-astra__s0__20260908T142029Z/ep01.mp4,https://asimfish.github.io/astra-control-dashboard/#vid-Square,https://asimfish.github.io/astra-control-dashboard/,published_trial_card,20260908T142029Z
robosuite:20260908T142029Z:ep02,robosuite,Panda / MuJoCo,Square,code/proprio,gpt-6-astra,published Codex configuration; not upstream receipt re-audit,medium,v3,,2,False,published_completed,,3,41292,177.14,,,,https://asimfish.github.io/astra-control-dashboard/media/Square__code__proprio__codex-gpt-6-astra__s0__20260908T142029Z/ep02.mp4,https://asimfish.github.io/astra-control-dashboard/#vid-Square,https://asimfish.github.io/astra-control-dashboard/,published_trial_card,20260908T142029Z
robosuite:20260908T142029Z:ep03,robosuite,Panda / MuJoCo,Square,code/proprio,gpt-6-astra,published Codex configuration; not upstream receipt re-audit,medium,v3,,3,False,published_completed,,2,19177,95.57,,,,https://asimfish.github.io/astra-control-dashboard/media/Square__code__proprio__codex-gpt-6-astra__s0__20260908T142029Z/ep03.mp4,https://asimfish.github.io/astra-control-dashboard/#vid-Square,https://asimfish.github.io/astra-control-dashboard/,published_trial_card,20260908T142029Z
robosuite:20260908T142029Z:ep04,robosuite,Panda / MuJoCo,Square,code/proprio,gpt-6-astra,published Codex configuration; not upstream receipt re-audit,medium,v3,,4,True,published_completed,,1,20969,38.65,,,,https://asimfish.github.io/astra-control-dashboard/media/Square__code__proprio__codex-gpt-6-astra__s0__20260908T142029Z/ep04.mp4,https://asimfish.github.io/astra-control-dashboard/#vid-Square,https://asimfish.github.io/astra-control-dashboard/,published_trial_card,20260908T142029Z
robosuite:20260908T142029Z:ep05,robosuite,Panda / MuJoCo,Square,code/proprio,gpt-6-astra,published Codex configuration; not upstream receipt re-audit,medium,v3,,5,False,published_completed,,2,31281,109.22,,,,https://asimfish.github.io/astra-control-dashboard/media/Square__code__proprio__codex-gpt-6-astra__s0__20260908T142029Z/ep05.mp4,https://asimfish.github.io/astra-control-dashboard/#vid-Square,https://asimfish.github.io/astra-control-dashboard/,published_trial_card,20260908T142029Z
robosuite:20260908T142029Z:ep06,robosuite,Panda / MuJoCo,Square,code/proprio,gpt-6-astra,published Codex configuration; not upstream receipt re-audit,medium,v3,,6,True,published_completed,,1,9388,49.4,,,,https://asimfish.github.io/astra-control-dashboard/media/Square__code__proprio__codex-gpt-6-astra__s0__20260908T142029Z/ep06.mp4,https://asimfish.github.io/astra-control-dashboard/#vid-Square,https://asimfish.github.io/astra-control-dashboard/,published_trial_card,20260908T142029Z
robosuite:20260908T142029Z:ep07,robosuite,Panda / MuJoCo,Square,code/proprio,gpt-6-astra,published Codex configuration; not upstream receipt re-audit,medium,v3,,7,False,published_completed,,2,19316,103.33,,,,https://asimfish.github.io/astra-control-dashboard/media/Square__code__proprio__codex-gpt-6-astra__s0__20260908T142029Z/ep07.mp4,https://asimfish.github.io/astra-control-dashboard/#vid-Square,https://asimfish.github.io/astra-control-dashboard/,published_trial_card,20260908T142029Z
robosuite:20260908T142029Z:ep08,robosuite,Panda / MuJoCo,Square,code/proprio,gpt-6-astra,published Codex configuration; not upstream receipt re-audit,medium,v3,,8,True,published_completed,,1,4533,43.21,,,,https://asimfish.github.io/astra-control-dashboard/media/Square__code__proprio__codex-gpt-6-astra__s0__20260908T142029Z/ep08.mp4,https://asimfish.github.io/astra-control-dashboard/#vid-Square,https://asimfish.github.io/astra-control-dashboard/,published_trial_card,20260908T142029Z
robosuite:20260908T142029Z:ep09,robosuite,Panda / MuJoCo,Square,code/proprio,gpt-6-astra,published Codex configuration; not upstream receipt re-audit,medium,v3,,9,True,published_completed,,1,20998,42.92,,,,https://asimfish.github.io/astra-control-dashboard/media/Square__code__proprio__codex-gpt-6-astra__s0__20260908T142029Z/ep09.mp4,https://asimfish.github.io/astra-control-dashboard/#vid-Square,https://asimfish.github.io/astra-control-dashboard/,published_trial_card,20260908T142029Z
robosuite:20260908T142029Z:ep10,robosuite,Panda / MuJoCo,Square,code/proprio,gpt-6-astra,published Codex configuration; not upstream receipt re-audit,medium,v3,,10,True,published_completed,,1,21442,61.6,,,,https://asimfish.github.io/astra-control-dashboard/media/Square__code__proprio__codex-gpt-6-astra__s0__20260908T142029Z/ep10.mp4,https://asimfish.github.io/astra-control-dashboard/#vid-Square,https://asimfish.github.io/astra-control-dashboard/,published_trial_card,20260908T142029Z
robosuite:20260908T142029Z:ep11,robosuite,Panda / MuJoCo,Square,code/proprio,gpt-6-astra,published Codex configuration; not upstream receipt re-audit,medium,v3,,11,True,published_completed,,1,21104,44.0,,,,https://asimfish.github.io/astra-control-dashboard/media/Square__code__proprio__codex-gpt-6-astra__s0__20260908T142029Z/ep11.mp4,https://asimfish.github.io/astra-control-dashboard/#vid-Square,https://asimfish.github.io/astra-control-dashboard/,published_trial_card,20260908T142029Z
robosuite:20260908T142029Z:ep12,robosuite,Panda / MuJoCo,Square,code/proprio,gpt-6-astra,published Codex configuration; not upstream receipt re-audit,medium,v3,,12,True,published_completed,,1,21036,43.47,,,,https://asimfish.github.io/astra-control-dashboard/media/Square__code__proprio__codex-gpt-6-astra__s0__20260908T142029Z/ep12.mp4,https://asimfish.github.io/astra-control-dashboard/#vid-Square,https://asimfish.github.io/astra-control-dashboard/,published_trial_card,20260908T142029Z
robosuite:20260908T142029Z:ep13,robosuite,Panda / MuJoCo,Square,code/proprio,gpt-6-astra,published Codex configuration; not upstream receipt re-audit,medium,v3,,13,True,published_completed,,1,21344,55.3,,,,https://asimfish.github.io/astra-control-dashboard/media/Square__code__proprio__codex-gpt-6-astra__s0__20260908T142029Z/ep13.mp4,https://asimfish.github.io/astra-control-dashboard/#vid-Square,https://asimfish.github.io/astra-control-dashboard/,published_trial_card,20260908T142029Z
robosuite:20260908T142029Z:ep14,robosuite,Panda / MuJoCo,Square,code/proprio,gpt-6-astra,published Codex configuration; not upstream receipt re-audit,medium,v3,,14,True,published_completed,,1,4552,41.36,,,,https://asimfish.github.io/astra-control-dashboard/media/Square__code__proprio__codex-gpt-6-astra__s0__20260908T142029Z/ep14.mp4,https://asimfish.github.io/astra-control-dashboard/#vid-Square,https://asimfish.github.io/astra-control-dashboard/,published_trial_card,20260908T142029Z
robosuite:20260908T142029Z:ep15,robosuite,Panda / MuJoCo,Square,code/proprio,gpt-6-astra,published Codex configuration; not upstream receipt re-audit,medium,v3,,15,True,published_completed,,2,26163,99.35,,,,https://asimfish.github.io/astra-control-dashboard/media/Square__code__proprio__codex-gpt-6-astra__s0__20260908T142029Z/ep15.mp4,https://asimfish.github.io/astra-control-dashboard/#vid-Square,https://asimfish.github.io/astra-control-dashboard/,published_trial_card,20260908T142029Z
robosuite:20260908T142029Z:ep16,robosuite,Panda / MuJoCo,Square,code/proprio,gpt-6-astra,published Codex configuration; not upstream receipt re-audit,medium,v3,,16,True,published_completed,,2,26303,110.08,,,,https://asimfish.github.io/astra-control-dashboard/media/Square__code__proprio__codex-gpt-6-astra__s0__20260908T142029Z/ep16.mp4,https://asimfish.github.io/astra-control-dashboard/#vid-Square,https://asimfish.github.io/astra-control-dashboard/,published_trial_card,20260908T142029Z
robosuite:20260908T142029Z:ep17,robosuite,Panda / MuJoCo,Square,code/proprio,gpt-6-astra,published Codex configuration; not upstream receipt re-audit,medium,v3,,17,True,published_completed,,1,4658,47.61,,,,https://asimfish.github.io/astra-control-dashboard/media/Square__code__proprio__codex-gpt-6-astra__s0__20260908T142029Z/ep17.mp4,https://asimfish.github.io/astra-control-dashboard/#vid-Square,https://asimfish.github.io/astra-control-dashboard/,published_trial_card,20260908T142029Z
robosuite:20260908T142029Z:ep18,robosuite,Panda / MuJoCo,Square,code/proprio,gpt-6-astra,published Codex configuration; not upstream receipt re-audit,medium,v3,,18,True,published_completed,,1,9469,47.27,,,,https://asimfish.github.io/astra-control-dashboard/media/Square__code__proprio__codex-gpt-6-astra__s0__20260908T142029Z/ep18.mp4,https://asimfish.github.io/astra-control-dashboard/#vid-Square,https://asimfish.github.io/astra-control-dashboard/,published_trial_card,20260908T142029Z
robosuite:20260908T142029Z:ep19,robosuite,Panda / MuJoCo,Square,code/proprio,gpt-6-astra,published Codex configuration; not upstream receipt re-audit,medium,v3,,19,True,published_completed,,1,21103,39.01,,,,https://asimfish.github.io/astra-control-dashboard/media/Square__code__proprio__codex-gpt-6-astra__s0__20260908T142029Z/ep19.mp4,https://asimfish.github.io/astra-control-dashboard/#vid-Square,https://asimfish.github.io/astra-control-dashboard/,published_trial_card,20260908T142029Z
robosuite:20260907T135143Z:ep00,robosuite,Panda / MuJoCo,Square,code/privileged,gpt-6-astra,published Codex configuration; not upstream receipt re-audit,medium,v2,,0,True,published_completed,,1,23237,37.31,,,,https://asimfish.github.io/astra-control-dashboard/media/Square__code__privileged__codex-gpt-6-astra__s0__20260907T135143Z/ep00.mp4,https://asimfish.github.io/astra-control-dashboard/#vid-Square,https://asimfish.github.io/astra-control-dashboard/,published_trial_card,20260907T135143Z
robosuite:20260907T135143Z:ep01,robosuite,Panda / MuJoCo,Square,code/privileged,gpt-6-astra,published Codex configuration; not upstream receipt re-audit,medium,v2,,1,True,published_completed,,1,5727,47.64,,,,https://asimfish.github.io/astra-control-dashboard/media/Square__code__privileged__codex-gpt-6-astra__s0__20260907T135143Z/ep01.mp4,https://asimfish.github.io/astra-control-dashboard/#vid-Square,https://asimfish.github.io/astra-control-dashboard/,published_trial_card,20260907T135143Z
robosuite:20260907T135143Z:ep02,robosuite,Panda / MuJoCo,Square,code/privileged,gpt-6-astra,published Codex configuration; not upstream receipt re-audit,medium,v2,,2,True,published_completed,,1,5760,48.17,,,,https://asimfish.github.io/astra-control-dashboard/media/Square__code__privileged__codex-gpt-6-astra__s0__20260907T135143Z/ep02.mp4,https://asimfish.github.io/astra-control-dashboard/#vid-Square,https://asimfish.github.io/astra-control-dashboard/,published_trial_card,20260907T135143Z
robosuite:20260907T135143Z:ep03,robosuite,Panda / MuJoCo,Square,code/privileged,gpt-6-astra,published Codex configuration; not upstream receipt re-audit,medium,v2,,3,True,published_completed,,1,5628,38.43,,,,https://asimfish.github.io/astra-control-dashboard/media/Square__code__privileged__codex-gpt-6-astra__s0__20260907T135143Z/ep03.mp4,https://asimfish.github.io/astra-control-dashboard/#vid-Square,https://asimfish.github.io/astra-control-dashboard/,published_trial_card,20260907T135143Z
robosuite:20260907T135143Z:ep04,robosuite,Panda / MuJoCo,Square,code/privileged,gpt-6-astra,published Codex configuration; not upstream receipt re-audit,medium,v2,,4,False,published_completed,,3,71053,139.36,,,,https://asimfish.github.io/astra-control-dashboard/media/Square__code__privileged__codex-gpt-6-astra__s0__20260907T135143Z/ep04.mp4,https://asimfish.github.io/astra-control-dashboard/#vid-Square,https://asimfish.github.io/astra-control-dashboard/,published_trial_card,20260907T135143Z
robosuite:20260908T144311Z:ep00,robosuite,Panda / MuJoCo,Square,code/privileged,gpt-6-astra,published Codex configuration; not upstream receipt re-audit,medium,v3,,0,True,published_completed,,1,21041,36.23,,,,https://asimfish.github.io/astra-control-dashboard/media/Square__code__privileged__codex-gpt-6-astra__s0__20260908T144311Z/ep00.mp4,https://asimfish.github.io/astra-control-dashboard/#vid-Square,https://asimfish.github.io/astra-control-dashboard/,published_trial_card,20260908T144311Z
robosuite:20260908T144311Z:ep01,robosuite,Panda / MuJoCo,Square,code/privileged,gpt-6-astra,published Codex configuration; not upstream receipt re-audit,medium,v3,,1,True,published_completed,,1,9381,38.13,,,,https://asimfish.github.io/astra-control-dashboard/media/Square__code__privileged__codex-gpt-6-astra__s0__20260908T144311Z/ep01.mp4,https://asimfish.github.io/astra-control-dashboard/#vid-Square,https://asimfish.github.io/astra-control-dashboard/,published_trial_card,20260908T144311Z
robosuite:20260908T144311Z:ep02,robosuite,Panda / MuJoCo,Square,code/privileged,gpt-6-astra,published Codex configuration; not upstream receipt re-audit,medium,v3,,2,True,published_completed,,1,21119,40.22,,,,https://asimfish.github.io/astra-control-dashboard/media/Square__code__privileged__codex-gpt-6-astra__s0__20260908T144311Z/ep02.mp4,https://asimfish.github.io/astra-control-dashboard/#vid-Square,https://asimfish.github.io/astra-control-dashboard/,published_trial_card,20260908T144311Z
robosuite:20260908T144311Z:ep03,robosuite,Panda / MuJoCo,Square,code/privileged,gpt-6-astra,published Codex configuration; not upstream receipt re-audit,medium,v3,,3,True,published_completed,,1,21150,42.23,,,,https://asimfish.github.io/astra-control-dashboard/media/Square__code__privileged__codex-gpt-6-astra__s0__20260908T144311Z/ep03.mp4,https://asimfish.github.io/astra-control-dashboard/#vid-Square,https://asimfish.github.io/astra-control-dashboard/,published_trial_card,20260908T144311Z
robosuite:20260908T144311Z:ep04,robosuite,Panda / MuJoCo,Square,code/privileged,gpt-6-astra,published Codex configuration; not upstream receipt re-audit,medium,v3,,4,True,published_completed,,1,20965,34.15,,,,https://asimfish.github.io/astra-control-dashboard/media/Square__code__privileged__codex-gpt-6-astra__s0__20260908T144311Z/ep04.mp4,https://asimfish.github.io/astra-control-dashboard/#vid-Square,https://asimfish.github.io/astra-control-dashboard/,published_trial_card,20260908T144311Z
robosuite:20260908T144311Z:ep05,robosuite,Panda / MuJoCo,Square,code/privileged,gpt-6-astra,published Codex configuration; not upstream receipt re-audit,medium,v3,,5,True,published_completed,,1,9358,34.91,,,,https://asimfish.github.io/astra-control-dashboard/media/Square__code__privileged__codex-gpt-6-astra__s0__20260908T144311Z/ep05.mp4,https://asimfish.github.io/astra-control-dashboard/#vid-Square,https://asimfish.github.io/astra-control-dashboard/,published_trial_card,20260908T144311Z
robosuite:20260908T144311Z:ep06,robosuite,Panda / MuJoCo,Square,code/privileged,gpt-6-astra,published Codex configuration; not upstream receipt re-audit,medium,v3,,6,True,published_completed,,1,4533,35.24,,,,https://asimfish.github.io/astra-control-dashboard/media/Square__code__privileged__codex-gpt-6-astra__s0__20260908T144311Z/ep06.mp4,https://asimfish.github.io/astra-control-dashboard/#vid-Square,https://asimfish.github.io/astra-control-dashboard/,published_trial_card,20260908T144311Z
robosuite:20260908T144311Z:ep07,robosuite,Panda / MuJoCo,Square,code/privileged,gpt-6-astra,published Codex configuration; not upstream receipt re-audit,medium,v3,,7,True,published_completed,,1,21080,37.61,,,,https://asimfish.github.io/astra-control-dashboard/media/Square__code__privileged__codex-gpt-6-astra__s0__20260908T144311Z/ep07.mp4,https://asimfish.github.io/astra-control-dashboard/#vid-Square,https://asimfish.github.io/astra-control-dashboard/,published_trial_card,20260908T144311Z
robosuite:20260908T144311Z:ep08,robosuite,Panda / MuJoCo,Square,code/privileged,gpt-6-astra,published Codex configuration; not upstream receipt re-audit,medium,v3,,8,True,published_completed,,1,9429,37.75,,,,https://asimfish.github.io/astra-control-dashboard/media/Square__code__privileged__codex-gpt-6-astra__s0__20260908T144311Z/ep08.mp4,https://asimfish.github.io/astra-control-dashboard/#vid-Square,https://asimfish.github.io/astra-control-dashboard/,published_trial_card,20260908T144311Z
robosuite:20260908T144311Z:ep09,robosuite,Panda / MuJoCo,Square,code/privileged,gpt-6-astra,published Codex configuration; not upstream receipt re-audit,medium,v3,,9,True,published_completed,,1,9384,34.56,,,,https://asimfish.github.io/astra-control-dashboard/media/Square__code__privileged__codex-gpt-6-astra__s0__20260908T144311Z/ep09.mp4,https://asimfish.github.io/astra-control-dashboard/#vid-Square,https://asimfish.github.io/astra-control-dashboard/,published_trial_card,20260908T144311Z
robosuite:20260908T144311Z:ep10,robosuite,Panda / MuJoCo,Square,code/privileged,gpt-6-astra,published Codex configuration; not upstream receipt re-audit,medium,v3,,10,True,published_completed,,1,4515,34.55,,,,https://asimfish.github.io/astra-control-dashboard/media/Square__code__privileged__codex-gpt-6-astra__s0__20260908T144311Z/ep10.mp4,https://asimfish.github.io/astra-control-dashboard/#vid-Square,https://asimfish.github.io/astra-control-dashboard/,published_trial_card,20260908T144311Z
robosuite:20260908T144311Z:ep11,robosuite,Panda / MuJoCo,Square,code/privileged,gpt-6-astra,published Codex configuration; not upstream receipt re-audit,medium,v3,,11,True,published_completed,,1,4399,32.89,,,,https://asimfish.github.io/astra-control-dashboard/media/Square__code__privileged__codex-gpt-6-astra__s0__20260908T144311Z/ep11.mp4,https://asimfish.github.io/astra-control-dashboard/#vid-Square,https://asimfish.github.io/astra-control-dashboard/,published_trial_card,20260908T144311Z
robosuite:20260908T144311Z:ep12,robosuite,Panda / MuJoCo,Square,code/privileged,gpt-6-astra,published Codex configuration; not upstream receipt re-audit,medium,v3,,12,True,published_completed,,1,4526,37.89,,,,https://asimfish.github.io/astra-control-dashboard/media/Square__code__privileged__codex-gpt-6-astra__s0__20260908T144311Z/ep12.mp4,https://asimfish.github.io/astra-control-dashboard/#vid-Square,https://asimfish.github.io/astra-control-dashboard/,published_trial_card,20260908T144311Z
robosuite:20260908T144311Z:ep13,robosuite,Panda / MuJoCo,Square,code/privileged,gpt-6-astra,published Codex configuration; not upstream receipt re-audit,medium,v3,,13,True,published_completed,,1,4487,35.63,,,,https://asimfish.github.io/astra-control-dashboard/media/Square__code__privileged__codex-gpt-6-astra__s0__20260908T144311Z/ep13.mp4,https://asimfish.github.io/astra-control-dashboard/#vid-Square,https://asimfish.github.io/astra-control-dashboard/,published_trial_card,20260908T144311Z
robosuite:20260908T144311Z:ep14,robosuite,Panda / MuJoCo,Square,code/privileged,gpt-6-astra,published Codex configuration; not upstream receipt re-audit,medium,v3,,14,True,published_completed,,3,52439,109.13,,,,https://asimfish.github.io/astra-control-dashboard/media/Square__code__privileged__codex-gpt-6-astra__s0__20260908T144311Z/ep14.mp4,https://asimfish.github.io/astra-control-dashboard/#vid-Square,https://asimfish.github.io/astra-control-dashboard/,published_trial_card,20260908T144311Z
robosuite:20260908T144311Z:ep15,robosuite,Panda / MuJoCo,Square,code/privileged,gpt-6-astra,published Codex configuration; not upstream receipt re-audit,medium,v3,,15,True,published_completed,,1,4477,34.68,,,,https://asimfish.github.io/astra-control-dashboard/media/Square__code__privileged__codex-gpt-6-astra__s0__20260908T144311Z/ep15.mp4,https://asimfish.github.io/astra-control-dashboard/#vid-Square,https://asimfish.github.io/astra-control-dashboard/,published_trial_card,20260908T144311Z
robosuite:20260908T144311Z:ep16,robosuite,Panda / MuJoCo,Square,code/privileged,gpt-6-astra,published Codex configuration; not upstream receipt re-audit,medium,v3,,16,False,published_completed,,3,52535,116.26,,,,https://asimfish.github.io/astra-control-dashboard/media/Square__code__privileged__codex-gpt-6-astra__s0__20260908T144311Z/ep16.mp4,https://asimfish.github.io/astra-control-dashboard/#vid-Square,https://asimfish.github.io/astra-control-dashboard/,published_trial_card,20260908T144311Z
robosuite:20260908T144311Z:ep17,robosuite,Panda / MuJoCo,Square,code/privileged,gpt-6-astra,published Codex configuration; not upstream receipt re-audit,medium,v3,,17,True,published_completed,,1,21023,38.3,,,,https://asimfish.github.io/astra-control-dashboard/media/Square__code__privileged__codex-gpt-6-astra__s0__20260908T144311Z/ep17.mp4,https://asimfish.github.io/astra-control-dashboard/#vid-Square,https://asimfish.github.io/astra-control-dashboard/,published_trial_card,20260908T144311Z
robosuite:20260908T144311Z:ep18,robosuite,Panda / MuJoCo,Square,code/privileged,gpt-6-astra,published Codex configuration; not upstream receipt re-audit,medium,v3,,18,True,published_completed,,1,21006,38.68,,,,https://asimfish.github.io/astra-control-dashboard/media/Square__code__privileged__codex-gpt-6-astra__s0__20260908T144311Z/ep18.mp4,https://asimfish.github.io/astra-control-dashboard/#vid-Square,https://asimfish.github.io/astra-control-dashboard/,published_trial_card,20260908T144311Z
robosuite:20260908T144311Z:ep19,robosuite,Panda / MuJoCo,Square,code/privileged,gpt-6-astra,published Codex configuration; not upstream receipt re-audit,medium,v3,,19,True,published_completed,,1,9390,37.91,,,,https://asimfish.github.io/astra-control-dashboard/media/Square__code__privileged__codex-gpt-6-astra__s0__20260908T144311Z/ep19.mp4,https://asimfish.github.io/astra-control-dashboard/#vid-Square,https://asimfish.github.io/astra-control-dashboard/,published_trial_card,20260908T144311Z
fr3_9403_minus_F,fr3_input_dependency,Franka FR3,抓取瓶子，直立放置到绿色目标垫并释放撤离,minus_F,gpt-6-astra,episode field,xhigh,,9403,,False,valid_attempt,geometric_hard_abort,2,,,109.30631616601022,5.158333333333333,,https://asimfish.github.io/safeot-dashboard/agentic/strict_9403_minus_F_head_camera.mp4,https://asimfish.github.io/safeot-dashboard/agentic/decision_evidence/episodes/fr3_9403_minus_F.json,,hashed_public_decision_ledger,
fr3_9403_minus_H,fr3_input_dependency,Franka FR3,抓取瓶子，直立放置到绿色目标垫并释放撤离,minus_H,gpt-6-astra,episode field,xhigh,,9403,,True,valid_attempt,model_claimed_done,6,,,287.81739793601446,22.1,,https://asimfish.github.io/safeot-dashboard/agentic/strict_9403_minus_H_head_camera.mp4,https://asimfish.github.io/safeot-dashboard/agentic/decision_evidence/episodes/fr3_9403_minus_H.json,,hashed_public_decision_ledger,
fr3_9403_minus_J,fr3_input_dependency,Franka FR3,抓取瓶子，直立放置到绿色目标垫并释放撤离,minus_J,gpt-6-astra,episode field,xhigh,,9403,,True,valid_attempt,model_claimed_done,10,,,567.7175849089981,33.1,,https://asimfish.github.io/safeot-dashboard/agentic/strict_9403_minus_J_head_camera.mp4,https://asimfish.github.io/safeot-dashboard/agentic/decision_evidence/episodes/fr3_9403_minus_J.json,,hashed_public_decision_ledger,
fr3_9403_minus_K,fr3_input_dependency,Franka FR3,抓取瓶子，直立放置到绿色目标垫并释放撤离,minus_K,gpt-6-astra,episode field,xhigh,,9403,,True,valid_attempt,model_claimed_done,11,,,592.9101714939752,27.599999999999998,,https://asimfish.github.io/safeot-dashboard/agentic/strict_9403_minus_K_head_camera.mp4,https://asimfish.github.io/safeot-dashboard/agentic/decision_evidence/episodes/fr3_9403_minus_K.json,,hashed_public_decision_ledger,
fr3_9403_minus_S,fr3_input_dependency,Franka FR3,抓取瓶子，直立放置到绿色目标垫并释放撤离,minus_S,gpt-6-astra,episode field,xhigh,,9403,,True,valid_attempt,model_claimed_done,10,,,564.5027046010073,25.5,,https://asimfish.github.io/safeot-dashboard/agentic/strict_9403_minus_S_head_camera.mp4,https://asimfish.github.io/safeot-dashboard/agentic/decision_evidence/episodes/fr3_9403_minus_S.json,,hashed_public_decision_ledger,
fr3_9403_rgb_only,fr3_input_dependency,Franka FR3,抓取瓶子，直立放置到绿色目标垫并释放撤离,rgb_only,gpt-6-astra,episode field,xhigh,,9403,,True,valid_attempt,model_claimed_done,30,,,1366.2596658759867,65.6,,https://asimfish.github.io/safeot-dashboard/agentic/strict_9403_rgb_only_head_camera.mp4,https://asimfish.github.io/safeot-dashboard/agentic/decision_evidence/episodes/fr3_9403_rgb_only.json,,hashed_public_decision_ledger,
fr3_9403_rich,fr3_input_dependency,Franka FR3,抓取瓶子，直立放置到绿色目标垫并释放撤离,rich,gpt-6-astra,episode field,xhigh,,9403,,False,valid_attempt,geometric_hard_abort,2,,,130.10532397701172,5.183333333333334,,https://asimfish.github.io/safeot-dashboard/agentic/strict_9403_rich_head_camera.mp4,https://asimfish.github.io/safeot-dashboard/agentic/decision_evidence/episodes/fr3_9403_rich.json,,hashed_public_decision_ledger,
fr3_9404_minus_F,fr3_input_dependency,Franka FR3,抓取瓶子，直立放置到绿色目标垫并释放撤离,minus_F,gpt-6-astra,episode field,xhigh,,9404,,True,valid_attempt,model_claimed_done,8,,,402.43476635598927,26.599999999999998,,https://asimfish.github.io/safeot-dashboard/agentic/strict_9404_minus_F_head_camera.mp4,https://asimfish.github.io/safeot-dashboard/agentic/decision_evidence/episodes/fr3_9404_minus_F.json,,hashed_public_decision_ledger,
fr3_9404_minus_H,fr3_input_dependency,Franka FR3,抓取瓶子，直立放置到绿色目标垫并释放撤离,minus_H,gpt-6-astra,episode field,xhigh,,9404,,True,valid_attempt,model_claimed_done,8,,,341.89551551800105,24.5,,https://asimfish.github.io/safeot-dashboard/agentic/strict_9404_minus_H_head_camera.mp4,https://asimfish.github.io/safeot-dashboard/agentic/decision_evidence/episodes/fr3_9404_minus_H.json,,hashed_public_decision_ledger,
fr3_9404_minus_J,fr3_input_dependency,Franka FR3,抓取瓶子，直立放置到绿色目标垫并释放撤离,minus_J,gpt-6-astra,episode field,xhigh,,9404,,True,valid_attempt,model_claimed_done,6,,,292.53620063498965,21.6,,https://asimfish.github.io/safeot-dashboard/agentic/strict_9404_minus_J_head_camera.mp4,https://asimfish.github.io/safeot-dashboard/agentic/decision_evidence/episodes/fr3_9404_minus_J.json,,hashed_public_decision_ledger,
fr3_9404_minus_K,fr3_input_dependency,Franka FR3,抓取瓶子，直立放置到绿色目标垫并释放撤离,minus_K,gpt-6-astra,episode field,xhigh,,9404,,False,valid_attempt,geometric_hard_abort,5,,,378.4119662620069,9.816666666666666,,https://asimfish.github.io/safeot-dashboard/agentic/strict_9404_minus_K_head_camera.mp4,https://asimfish.github.io/safeot-dashboard/agentic/decision_evidence/episodes/fr3_9404_minus_K.json,,hashed_public_decision_ledger,
fr3_9404_minus_S,fr3_input_dependency,Franka FR3,抓取瓶子，直立放置到绿色目标垫并释放撤离,minus_S,gpt-6-astra,episode field,xhigh,,9404,,False,valid_attempt,geometric_hard_abort,2,,,129.68783614298445,5.2,,https://asimfish.github.io/safeot-dashboard/agentic/strict_9404_minus_S_head_camera.mp4,https://asimfish.github.io/safeot-dashboard/agentic/decision_evidence/episodes/fr3_9404_minus_S.json,,hashed_public_decision_ledger,
fr3_9404_rgb_only,fr3_input_dependency,Franka FR3,抓取瓶子，直立放置到绿色目标垫并释放撤离,rgb_only,gpt-6-astra,episode field,xhigh,,9404,,,interrupted,provider_error,11,,,509.6237261140195,19.1,,https://asimfish.github.io/safeot-dashboard/agentic/strict_9404_rgb_only_head_camera.mp4,https://asimfish.github.io/safeot-dashboard/agentic/decision_evidence/episodes/fr3_9404_rgb_only.json,,hashed_public_decision_ledger,
fr3_9404_rich,fr3_input_dependency,Franka FR3,抓取瓶子，直立放置到绿色目标垫并释放撤离,rich,gpt-6-astra,episode field,xhigh,,9404,,True,valid_attempt,model_claimed_done,6,,,259.4248929749883,21.1,,https://asimfish.github.io/safeot-dashboard/agentic/strict_9404_rich_head_camera.mp4,https://asimfish.github.io/safeot-dashboard/agentic/decision_evidence/episodes/fr3_9404_rich.json,,hashed_public_decision_ledger,
fr3_long1_minus_S_9403,fr3_long1,Franka FR3,"Pick up the bottle, place it upright on the visible target pad, fully open the gripper and move clear so the bottle rests stably. Then grasp that same bottle again from the pad and lift it visibly clear of the pad, holding it upright and steady. Complete these phases in this order in one uninterrupted scene. Choose all hand motions from the permitted observations; there are no pick/place skills. Only claim done after the second lift is visibly achieved.",minus_S,,inherited protocol; episode model field absent,,,9403,,True,valid_attempt,model_claimed_done,19,,,1502.2729014649813,57.85,,https://asimfish.github.io/safeot-dashboard/agentic/long_regrasp_9403_head_camera.mp4,https://asimfish.github.io/safeot-dashboard/agentic/decision_evidence/episodes/fr3_long1_minus_S_9403.json,,hashed_public_decision_ledger,
psibot_e3_9201,psibot_e3,PsiBot,"Grasp the bottle around its body with the thumb opposing the other fingers, keep the bottle upright, and lift it stably.",historical_xhigh,,inherited protocol; episode model field absent,,,9201,,False,valid_attempt,model_claimed_done,8,,,,,,https://asimfish.github.io/safeot-dashboard/agentic/psibot_history_9201_chest_camera.mp4,https://asimfish.github.io/safeot-dashboard/agentic/decision_evidence/episodes/psibot_e3_9201.json,,hashed_public_decision_ledger,
psibot_e3_9202,psibot_e3,PsiBot,"Grasp the bottle around its body with the thumb opposing the other fingers, keep the bottle upright, and lift it stably.",historical_xhigh,,inherited protocol; episode model field absent,,,9202,,False,valid_attempt,model_claimed_done,8,,,,,,https://asimfish.github.io/safeot-dashboard/agentic/psibot_history_9202_chest_camera.mp4,https://asimfish.github.io/safeot-dashboard/agentic/decision_evidence/episodes/psibot_e3_9202.json,,hashed_public_decision_ledger,
psibot_e3_9203,psibot_e3,PsiBot,"Grasp the bottle around its body with the thumb opposing the other fingers, keep the bottle upright, and lift it stably.",historical_xhigh,,inherited protocol; episode model field absent,,,9203,,False,valid_attempt,geometric_hard_abort,8,,,,,,https://asimfish.github.io/safeot-dashboard/agentic/psibot_history_9203_chest_camera.mp4,https://asimfish.github.io/safeot-dashboard/agentic/decision_evidence/episodes/psibot_e3_9203.json,,hashed_public_decision_ledger,
psibot_e3_9204,psibot_e3,PsiBot,"Grasp the bottle around its body with the thumb opposing the other fingers, keep the bottle upright, and lift it stably.",historical_xhigh,,inherited protocol; episode model field absent,,,9204,,False,valid_attempt,model_claimed_done,6,,,,,,https://asimfish.github.io/safeot-dashboard/agentic/psibot_history_9204_chest_camera.mp4,https://asimfish.github.io/safeot-dashboard/agentic/decision_evidence/episodes/psibot_e3_9204.json,,hashed_public_decision_ledger,
psibot_e3_9211,psibot_e3,PsiBot,"Grasp the bottle around its body with the thumb opposing the other fingers, keep the bottle upright, and lift it stably.",historical_xhigh,,inherited protocol; episode model field absent,,,9211,,False,valid_attempt,model_claimed_done,8,,,,,,https://asimfish.github.io/safeot-dashboard/agentic/psibot_history_9211_chest_camera.mp4,https://asimfish.github.io/safeot-dashboard/agentic/decision_evidence/episodes/psibot_e3_9211.json,,hashed_public_decision_ledger,
psibot_e3_9212,psibot_e3,PsiBot,"Grasp the bottle around its body with the thumb opposing the other fingers, keep the bottle upright, and lift it stably.",historical_xhigh,,inherited protocol; episode model field absent,,,9212,,True,valid_attempt,model_claimed_done,7,,,,,,https://asimfish.github.io/safeot-dashboard/agentic/psibot_history_9212_chest_camera.mp4,https://asimfish.github.io/safeot-dashboard/agentic/decision_evidence/episodes/psibot_e3_9212.json,,hashed_public_decision_ledger,
psibot_e3_9213,psibot_e3,PsiBot,"Grasp the bottle around its body with the thumb opposing the other fingers, keep the bottle upright, and lift it stably.",historical_xhigh,,inherited protocol; episode model field absent,,,9213,,False,valid_attempt,model_claimed_done,8,,,,,,https://asimfish.github.io/safeot-dashboard/agentic/psibot_history_9213_chest_camera.mp4,https://asimfish.github.io/safeot-dashboard/agentic/decision_evidence/episodes/psibot_e3_9213.json,,hashed_public_decision_ledger,
psibot_e3_9214,psibot_e3,PsiBot,"Grasp the bottle around its body with the thumb opposing the other fingers, keep the bottle upright, and lift it stably.",historical_xhigh,,inherited protocol; episode model field absent,,,9214,,True,valid_attempt,model_claimed_done,6,,,,,,https://asimfish.github.io/safeot-dashboard/agentic/psibot_history_9214_chest_camera.mp4,https://asimfish.github.io/safeot-dashboard/agentic/decision_evidence/episodes/psibot_e3_9214.json,,hashed_public_decision_ledger,
psibot_e3_9215,psibot_e3,PsiBot,"Grasp the bottle around its body with the thumb opposing the other fingers, keep the bottle upright, and lift it stably.",historical_xhigh,,inherited protocol; episode model field absent,,,9215,,True,valid_attempt,model_claimed_done,6,,,,,,https://asimfish.github.io/safeot-dashboard/agentic/psibot_history_9215_chest_camera.mp4,https://asimfish.github.io/safeot-dashboard/agentic/decision_evidence/episodes/psibot_e3_9215.json,,hashed_public_decision_ledger,
psibot_e3_9216,psibot_e3,PsiBot,"Grasp the bottle around its body with the thumb opposing the other fingers, keep the bottle upright, and lift it stably.",historical_xhigh,,inherited protocol; episode model field absent,,,9216,,False,valid_attempt,model_claimed_done,8,,,,,,https://asimfish.github.io/safeot-dashboard/agentic/psibot_history_9216_chest_camera.mp4,https://asimfish.github.io/safeot-dashboard/agentic/decision_evidence/episodes/psibot_e3_9216.json,,hashed_public_decision_ledger,
psibot_input_9511_full,psibot_input_pilot,PsiBot,抓取瓶子并稳定抬升；新输入协议中断集,full,,inherited protocol; episode model field absent,,,9511,,,interrupted,provider_error,3,,,,,,,https://asimfish.github.io/safeot-dashboard/agentic/decision_evidence/episodes/psibot_input_9511_full.json,,hashed_public_decision_ledger,
psibot_recovery_9511_full,psibot_input_recovery,PsiBot,原生PsiBot抓取并稳定抬升棕瓶,full,,inherited protocol; episode model field absent,,,9511,,False,valid_attempt,model_claimed_done,7,,,736.5856622309657,26.599999999999998,,https://asimfish.github.io/safeot-dashboard/agentic/psibot_recovery/full_head_camera.mp4,https://asimfish.github.io/safeot-dashboard/agentic/decision_evidence/episodes/psibot_recovery_9511_full.json,,hashed_public_decision_ledger,
psibot_recovery_9511_no_numeric_state,psibot_input_recovery,PsiBot,原生PsiBot抓取并稳定抬升棕瓶,no_numeric_state,,inherited protocol; episode model field absent,,,9511,,False,valid_attempt,request_budget_exhausted,20,,,4171.96569410502,1.1,,https://asimfish.github.io/safeot-dashboard/agentic/psibot_recovery/no_numeric_state_head_camera.mp4,https://asimfish.github.io/safeot-dashboard/agentic/decision_evidence/episodes/psibot_recovery_9511_no_numeric_state.json,,hashed_public_decision_ledger,
psibot_recovery_9511_rgb_only,psibot_input_recovery,PsiBot,原生PsiBot抓取并稳定抬升棕瓶,rgb_only,,inherited protocol; episode model field absent,,,9511,,False,valid_attempt,request_budget_exhausted,20,,,501.90789454599144,1.1,,https://asimfish.github.io/safeot-dashboard/agentic/psibot_recovery/rgb_only_head_camera.mp4,https://asimfish.github.io/safeot-dashboard/agentic/decision_evidence/episodes/psibot_recovery_9511_rgb_only.json,,hashed_public_decision_ledger,
psibot_relative_9511_full,psibot_wrist_relative,PsiBot,原生PsiBot抓取并稳定抬升棕瓶,full,,inherited protocol; episode model field absent,,,9511,,True,valid_attempt,model_claimed_done,17,,,1928.1759332620422,60.1,,https://asimfish.github.io/safeot-dashboard/agentic/psibot_relative/full_head_camera.mp4,https://asimfish.github.io/safeot-dashboard/agentic/decision_evidence/episodes/psibot_relative_9511_full.json,,hashed_public_decision_ledger,
campaign20:fr3_10002_minus_F_v12,campaign20,Franka FR3,place,minus_F,,published campaign configuration; no model receipt in result excerpt,,,10002,,False,valid_attempt,geometric_hard_abort,2,,,138.31576725991908,5.166666666666667,,,https://asimfish.github.io/safeot-dashboard/astra_campaign20/fr3_10002_minus_F_v12/result.json,,public_result_json,
campaign20:fr3_10002_minus_H_v12,campaign20,Franka FR3,place,minus_H,,published campaign configuration; no model receipt in result excerpt,,,10002,,True,valid_attempt,model_claimed_done,8,,,523.0517930999631,25.1,,,https://asimfish.github.io/safeot-dashboard/astra_campaign20/fr3_10002_minus_H_v12/result.json,,public_result_json,
campaign20:fr3_10002_minus_K_v11,campaign20,Franka FR3,place,minus_K,,published campaign configuration; no model receipt in result excerpt,,,10002,,True,valid_attempt,model_claimed_done,11,,,600.3624663630035,26.599999999999998,,,https://asimfish.github.io/safeot-dashboard/astra_campaign20/fr3_10002_minus_K_v11/result.json,,public_result_json,
campaign20:fr3_10002_rgb_only_v12,campaign20,Franka FR3,place,rgb_only,,published campaign configuration; no model receipt in result excerpt,,,10002,,False,valid_attempt,geometric_hard_abort,3,,,168.08689542592037,4.958333333333333,,,https://asimfish.github.io/safeot-dashboard/astra_campaign20/fr3_10002_rgb_only_v12/result.json,,public_result_json,
psibot_roundtrip_collect41,100ml_development_demonstration,PsiBot,psibot_100ml_beaker_A_B_withdraw_A_v1,scene_state_privileged,gpt-6-astra,235 actual upstream receipt bindings in automated acceptance,xhigh,,16091701,,True,valid_attempt,model_claimed_done,235,,,17107.356680921977,330.9,,assets/astra/media/collect41_head_camera.mp4,results/astra/experiments.json,,automated_acceptance_plus_prior_manual_video_review,
