episode_id,robot,task,protocol,condition,seed,prompt_version,metric_success,native_stop_reason,camera,evidence_quality,visible_outcome,viewpoint,rendering,observation,flags,reviewer,sample_times_s,video_url,contact_sheet,bytes,sha256,width,height,fps,duration_s,frames,full_decode_pass
fr3_long1_minus_S_9403,Franka FR3,"Pick up the bottle, place it upright on the visible target pad, fully open the gripper and move clear so the bottle rests stably. Then grasp that same bottle again from the pad and lift it visibly clear of the pad, holding it upright and steady. Complete these phases in this order in one uninterrupted scene. Choose all hand motions from the permitted observations; there are no pick/place skills. Only claim done after the second lift is visibly achieved.",fr3_long1,minus_S,9403,,True,model_claimed_done,head_camera,usable_with_limits,partial_progress_visible,固定斜俯视；物体与目标垫可见，接触处受夹爪遮挡,简化仿真材质，瓶子与绿色垫轮廓清楚；白色夹爪细节较少，接触处会重叠遮挡。所查帧未见明显黑屏或整帧损坏。,43.4–50.6s 瓶子位于垫上；57.733s 末帧再次被夹起。长程任务与一次放置 pilot 的终态不同，不能直接套用释放终态。,contact_occlusion,SafeLab report author,0.0|7.2|14.467|21.667|28.933|36.133|43.4|50.6|57.733,https://asimfish.github.io/safeot-dashboard/agentic/long_regrasp_9403_head_camera.mp4,assets/astra/audit/6e5b7b6cfad940e4.jpg,8702565,e339565c1fa2d5180fb603aeee2abe072932b59f5090a2db0d25fab817b7531d,640,480,15/1,57.866667,868,True
campaign20:fr3_10002_minus_F_v12,Franka FR3,place,campaign20,minus_F,10002,,False,,,missing,not_determined,,,当前公开逐回合记录没有原录像链接，不生成替代画面；结果只按原数值记录承接。,missing_video,,,,,,,,,,,,
campaign20:fr3_10002_minus_H_v12,Franka FR3,place,campaign20,minus_H,10002,,True,,,missing,not_determined,,,当前公开逐回合记录没有原录像链接，不生成替代画面；结果只按原数值记录承接。,missing_video,,,,,,,,,,,,
campaign20:fr3_10002_minus_K_v11,Franka FR3,place,campaign20,minus_K,10002,,True,,,missing,not_determined,,,当前公开逐回合记录没有原录像链接，不生成替代画面；结果只按原数值记录承接。,missing_video,,,,,,,,,,,,
campaign20:fr3_10002_rgb_only_v12,Franka FR3,place,campaign20,rgb_only,10002,,False,,,missing,not_determined,,,当前公开逐回合记录没有原录像链接，不生成替代画面；结果只按原数值记录承接。,missing_video,,,,,,,,,,,,
fr3_9403_minus_F,Franka FR3,抓取瓶子，直立放置到绿色目标垫并释放撤离,fr3_input_dependency,minus_F,9403,,False,geometric_hard_abort,head_camera,usable_with_limits,no_completion_visible,固定斜俯视；物体与目标垫可见，接触处受夹爪遮挡,简化仿真材质，瓶子与绿色垫轮廓清楚；白色夹爪细节较少，接触处会重叠遮挡。所查帧未见明显黑屏或整帧损坏。,末帧夹爪靠近瓶颈，瓶子仍在原位置，绿色目标垫为空；所采样画面未出现完整搬运。,contact_occlusion,SafeLab report author,0.0|0.6|1.267|1.933|2.6|3.2|3.867|4.533|5.067,https://asimfish.github.io/safeot-dashboard/agentic/strict_9403_minus_F_head_camera.mp4,assets/astra/audit/b5defe3ca985fbd9.jpg,761212,4d27244bfc44e8dd2a5e2490f71a91663364bb87f129d6ec928193fb03adb5a3,640,480,15/1,5.2,78,True
fr3_9404_minus_F,Franka FR3,抓取瓶子，直立放置到绿色目标垫并释放撤离,fr3_input_dependency,minus_F,9404,,True,model_claimed_done,head_camera,usable_with_limits,completion_sequence_visible,固定斜俯视；物体与目标垫可见，接触处受夹爪遮挡,简化仿真材质，瓶子与绿色垫轮廓清楚；白色夹爪细节较少，接触处会重叠遮挡。所查帧未见明显黑屏或整帧损坏。,中后段可见瓶子离桌并移到绿色垫，末段瓶子直立留在垫上且夹爪撤开。画面支持完成序列；厘米误差、速度和稳定时长须查原生数值。,contact_occlusion,SafeLab report author,0.0|3.333|6.667|10.0|13.333|16.667|20.0|23.333|26.533,https://asimfish.github.io/safeot-dashboard/agentic/strict_9404_minus_F_head_camera.mp4,assets/astra/audit/0150b407766b9e50.jpg,4145502,55dd152b30f5f4fe2237daab7185f3f29a679fc85ce05235a5910af7075ebe9e,640,480,15/1,26.666667,400,True
fr3_9403_minus_H,Franka FR3,抓取瓶子，直立放置到绿色目标垫并释放撤离,fr3_input_dependency,minus_H,9403,,True,model_claimed_done,head_camera,usable_with_limits,completion_sequence_visible,固定斜俯视；物体与目标垫可见，接触处受夹爪遮挡,简化仿真材质，瓶子与绿色垫轮廓清楚；白色夹爪细节较少，接触处会重叠遮挡。所查帧未见明显黑屏或整帧损坏。,中后段可见瓶子离桌并移到绿色垫，末段瓶子直立留在垫上且夹爪撤开。画面支持完成序列；厘米误差、速度和稳定时长须查原生数值。,contact_occlusion,SafeLab report author,0.0|2.733|5.533|8.267|11.067|13.8|16.6|19.333|22.0,https://asimfish.github.io/safeot-dashboard/agentic/strict_9403_minus_H_head_camera.mp4,assets/astra/audit/e672016610d3ada8.jpg,3449393,e941ce90d412d807a2422be0482ab73ac669818f98fcd7b0971f7f181e2787d1,640,480,15/1,22.133333,332,True
fr3_9404_minus_H,Franka FR3,抓取瓶子，直立放置到绿色目标垫并释放撤离,fr3_input_dependency,minus_H,9404,,True,model_claimed_done,head_camera,usable_with_limits,completion_sequence_visible,固定斜俯视；物体与目标垫可见，接触处受夹爪遮挡,简化仿真材质，瓶子与绿色垫轮廓清楚；白色夹爪细节较少，接触处会重叠遮挡。所查帧未见明显黑屏或整帧损坏。,中后段可见瓶子离桌并移到绿色垫，末段瓶子直立留在垫上且夹爪撤开。画面支持完成序列；厘米误差、速度和稳定时长须查原生数值。,contact_occlusion,SafeLab report author,0.0|3.067|6.133|9.2|12.267|15.333|18.4|21.467|24.4,https://asimfish.github.io/safeot-dashboard/agentic/strict_9404_minus_H_head_camera.mp4,assets/astra/audit/7d100fb5745eb5e4.jpg,3833089,db3d0212d09074512cb4447b6c2a0de274208e1aff17c7e9ee279901efa73057,640,480,15/1,24.533333,368,True
fr3_9403_minus_J,Franka FR3,抓取瓶子，直立放置到绿色目标垫并释放撤离,fr3_input_dependency,minus_J,9403,,True,model_claimed_done,head_camera,usable_with_limits,completion_sequence_visible,固定斜俯视；物体与目标垫可见，接触处受夹爪遮挡,简化仿真材质，瓶子与绿色垫轮廓清楚；白色夹爪细节较少，接触处会重叠遮挡。所查帧未见明显黑屏或整帧损坏。,中后段可见瓶子离桌并移到绿色垫，末段瓶子直立留在垫上且夹爪撤开。画面支持完成序列；厘米误差、速度和稳定时长须查原生数值。,contact_occlusion,SafeLab report author,0.0|4.133|8.267|12.4|16.533|20.667|24.8|28.933|33.0,https://asimfish.github.io/safeot-dashboard/agentic/strict_9403_minus_J_head_camera.mp4,assets/astra/audit/b4fd310f383695b4.jpg,4999162,a4218f2a3e019f117c197c42353d36adbd390912460a3ad989a1c98626540079,640,480,15/1,33.133333,497,True
fr3_9404_minus_J,Franka FR3,抓取瓶子，直立放置到绿色目标垫并释放撤离,fr3_input_dependency,minus_J,9404,,True,model_claimed_done,head_camera,usable_with_limits,completion_sequence_visible,固定斜俯视；物体与目标垫可见，接触处受夹爪遮挡,简化仿真材质，瓶子与绿色垫轮廓清楚；白色夹爪细节较少，接触处会重叠遮挡。所查帧未见明显黑屏或整帧损坏。,中后段可见瓶子离桌并移到绿色垫，末段瓶子直立留在垫上且夹爪撤开。画面支持完成序列；厘米误差、速度和稳定时长须查原生数值。,contact_occlusion,SafeLab report author,0.0|2.667|5.4|8.067|10.8|13.533|16.2|18.933|21.533,https://asimfish.github.io/safeot-dashboard/agentic/strict_9404_minus_J_head_camera.mp4,assets/astra/audit/2edf7eb145a959d3.jpg,3378436,5620570bfc37ef4b8cf79b78065b78ad169d69f9d34b893b07e657338f14651a,640,480,15/1,21.666667,325,True
fr3_9403_minus_K,Franka FR3,抓取瓶子，直立放置到绿色目标垫并释放撤离,fr3_input_dependency,minus_K,9403,,True,model_claimed_done,head_camera,usable_with_limits,completion_sequence_visible,固定斜俯视；物体与目标垫可见，接触处受夹爪遮挡,简化仿真材质，瓶子与绿色垫轮廓清楚；白色夹爪细节较少，接触处会重叠遮挡。所查帧未见明显黑屏或整帧损坏。,中后段可见瓶子离桌并移到绿色垫，末段瓶子直立留在垫上且夹爪撤开。画面支持完成序列；厘米误差、速度和稳定时长须查原生数值。,contact_occlusion,SafeLab report author,0.0|3.4|6.867|10.333|13.8|17.267|20.733|24.2|27.533,https://asimfish.github.io/safeot-dashboard/agentic/strict_9403_minus_K_head_camera.mp4,assets/astra/audit/4c323fdf64462ef3.jpg,4201444,a300450d42d840ec589adfaf029a6311cd9285bc390e1ace10ec1cde52a593fb,640,480,15/1,27.666667,415,True
fr3_9404_minus_K,Franka FR3,抓取瓶子，直立放置到绿色目标垫并释放撤离,fr3_input_dependency,minus_K,9404,,False,geometric_hard_abort,head_camera,usable_with_limits,no_completion_visible,固定斜俯视；物体与目标垫可见，接触处受夹爪遮挡,简化仿真材质，瓶子与绿色垫轮廓清楚；白色夹爪细节较少，接触处会重叠遮挡。所查帧未见明显黑屏或整帧损坏。,末帧夹爪靠近瓶颈，瓶子仍在原位置，绿色目标垫为空；所采样画面未出现完整搬运。,contact_occlusion,SafeLab report author,0.0|1.2|2.467|3.667|4.933|6.133|7.4|8.6|9.733,https://asimfish.github.io/safeot-dashboard/agentic/strict_9404_minus_K_head_camera.mp4,assets/astra/audit/eb31de24d39c3ca2.jpg,1478041,c1f83588facd1f47a792f798f56529ac004b1d826e8ca58579cd8429da38d637,640,480,15/1,9.866667,148,True
fr3_9403_minus_S,Franka FR3,抓取瓶子，直立放置到绿色目标垫并释放撤离,fr3_input_dependency,minus_S,9403,,True,model_claimed_done,head_camera,usable_with_limits,completion_sequence_visible,固定斜俯视；物体与目标垫可见，接触处受夹爪遮挡,简化仿真材质，瓶子与绿色垫轮廓清楚；白色夹爪细节较少，接触处会重叠遮挡。所查帧未见明显黑屏或整帧损坏。,中后段可见瓶子离桌并移到绿色垫，末段瓶子直立留在垫上且夹爪撤开。画面支持完成序列；厘米误差、速度和稳定时长须查原生数值。,contact_occlusion,SafeLab report author,0.0|3.133|6.333|9.533|12.733|15.933|19.133|22.333|25.4,https://asimfish.github.io/safeot-dashboard/agentic/strict_9403_minus_S_head_camera.mp4,assets/astra/audit/c47b9a603685d240.jpg,3942980,e4cea8c5338cdc6d85c1302e5d7c7cc68ee913aa04b466491e1c0adbf9de886c,640,480,15/1,25.533333,383,True
fr3_9404_minus_S,Franka FR3,抓取瓶子，直立放置到绿色目标垫并释放撤离,fr3_input_dependency,minus_S,9404,,False,geometric_hard_abort,head_camera,usable_with_limits,no_completion_visible,固定斜俯视；物体与目标垫可见，接触处受夹爪遮挡,简化仿真材质，瓶子与绿色垫轮廓清楚；白色夹爪细节较少，接触处会重叠遮挡。所查帧未见明显黑屏或整帧损坏。,末帧夹爪靠近瓶颈，瓶子仍在原位置，绿色目标垫为空；所采样画面未出现完整搬运。,contact_occlusion,SafeLab report author,0.0|0.6|1.267|1.933|2.6|3.267|3.933|4.6|5.133,https://asimfish.github.io/safeot-dashboard/agentic/strict_9404_minus_S_head_camera.mp4,assets/astra/audit/ba416063cd2f54b8.jpg,738977,62848fa788afd840f0baebe478157e1e3fd0e143e055a6819d518e4f2d97ff7a,640,480,15/1,5.266667,79,True
fr3_9403_rgb_only,Franka FR3,抓取瓶子，直立放置到绿色目标垫并释放撤离,fr3_input_dependency,rgb_only,9403,,True,model_claimed_done,head_camera,usable_with_limits,completion_sequence_visible,固定斜俯视；物体与目标垫可见，接触处受夹爪遮挡,简化仿真材质，瓶子与绿色垫轮廓清楚；白色夹爪细节较少，接触处会重叠遮挡。所查帧未见明显黑屏或整帧损坏。,8.2–24.6s 夹爪反复接近但瓶子仍在原处；32.8s 后可见抬起与移动，65.533s 瓶子在垫上、夹爪已撤开。,contact_occlusion,SafeLab report author,0.0|8.2|16.4|24.6|32.8|41.0|49.2|57.4|65.533,https://asimfish.github.io/safeot-dashboard/agentic/strict_9403_rgb_only_head_camera.mp4,assets/astra/audit/86b6703ae8b73ae8.jpg,9792301,c27436d1e77b7fa8efd89b191288b8640009c5202c12c52d9ecdc5ec51ba8be5,640,480,15/1,65.666667,985,True
fr3_9404_rgb_only,Franka FR3,抓取瓶子，直立放置到绿色目标垫并释放撤离,fr3_input_dependency,rgb_only,9404,,,provider_error,head_camera,usable_with_limits,incomplete_sequence,固定斜俯视；物体与目标垫可见，接触处受夹爪遮挡,简化仿真材质，瓶子与绿色垫轮廓清楚；白色夹爪细节较少，接触处会重叠遮挡。所查帧未见明显黑屏或整帧损坏。,11.933s 可见一次抬起，后续瓶子回原处；19s 末帧夹爪仍靠近瓶子，目标垫为空。录像无完整放置终态；原记录为 provider 中断，不能重标成任务失败。,contact_occlusion,SafeLab report author,0.0|2.333|4.733|7.133|9.533|11.933|14.333|16.733|19.0,https://asimfish.github.io/safeot-dashboard/agentic/strict_9404_rgb_only_head_camera.mp4,assets/astra/audit/5603b9c1ea67b9a0.jpg,2981974,acf67691f5f8f747287328e2cf29a8aa1dc71dde56254a1e65449febaba1d58d,640,480,15/1,19.133333,287,True
fr3_9403_rich,Franka FR3,抓取瓶子，直立放置到绿色目标垫并释放撤离,fr3_input_dependency,rich,9403,,False,geometric_hard_abort,head_camera,usable_with_limits,no_completion_visible,固定斜俯视；物体与目标垫可见，接触处受夹爪遮挡,简化仿真材质，瓶子与绿色垫轮廓清楚；白色夹爪细节较少，接触处会重叠遮挡。所查帧未见明显黑屏或整帧损坏。,末帧夹爪靠近瓶颈，瓶子仍在原位置，绿色目标垫为空；所采样画面未出现完整搬运。,contact_occlusion,SafeLab report author,0.0|0.6|1.267|1.933|2.6|3.2|3.867|4.533|5.067,https://asimfish.github.io/safeot-dashboard/agentic/strict_9403_rich_head_camera.mp4,assets/astra/audit/c24c32e8c69edc32.jpg,762506,e1342535fc9af2cdc50394e9f6243d831595e87d654c91130e6ceede21c470aa,640,480,15/1,5.2,78,True
fr3_9404_rich,Franka FR3,抓取瓶子，直立放置到绿色目标垫并释放撤离,fr3_input_dependency,rich,9404,,True,model_claimed_done,head_camera,usable_with_limits,completion_sequence_visible,固定斜俯视；物体与目标垫可见，接触处受夹爪遮挡,简化仿真材质，瓶子与绿色垫轮廓清楚；白色夹爪细节较少，接触处会重叠遮挡。所查帧未见明显黑屏或整帧损坏。,中后段可见瓶子离桌并移到绿色垫，末段瓶子直立留在垫上且夹爪撤开。画面支持完成序列；厘米误差、速度和稳定时长须查原生数值。,contact_occlusion,SafeLab report author,0.0|2.6|5.267|7.867|10.533|13.2|15.8|18.467|21.0,https://asimfish.github.io/safeot-dashboard/agentic/strict_9404_rich_head_camera.mp4,assets/astra/audit/6313b534374f15fe.jpg,3304081,fe73c3ecbd3de4ac439daaab22a35b56370d831a5951654b8f9655fd41591965,640,480,15/1,21.133333,317,True
robosuite:20260907T123134Z:ep00,Panda / MuJoCo,Can,robosuite,code/privileged,,v2,True,,agentview,usable_with_limits,partial_progress_visible,固定斜前方 agentview；起始托盘与目标分隔箱可见，末端在画面右缘，夹爪与箱沿遮挡接触/释放。,所查帧场景和机械臂可辨识；固定单视角与夹爪遮挡限制接触、深度和释放判断。未据三帧排除帧间闪烁或穿透。,可见罐体被夹爪接近、抓持或转移；三帧不足以确认释放后稳定置入指定隔间。,sparse_three_frames|not_continuous_visual_review|numerical_success_threshold_not_visually_certified|gripper_bin_occlusion|target_near_right_image_edge,gpt-6-astra independent report reviewer,0.0|4.3|8.4,https://asimfish.github.io/astra-control-dashboard/media/Can__code__privileged__codex-gpt-6-astra__s0__20260907T123134Z/ep00.mp4,assets/astra/audit/288f06c3b5fb3efb.jpg,164944,c1438a180e7b3010caa333b51c341d0828025d808c41c4ec8f29a0fa9170eb82,256,256,10/1,8.6,86,True
robosuite:20260907T123134Z:ep01,Panda / MuJoCo,Can,robosuite,code/privileged,,v2,True,,agentview,usable_with_limits,partial_progress_visible,固定斜前方 agentview；起始托盘与目标分隔箱可见，末端在画面右缘，夹爪与箱沿遮挡接触/释放。,所查帧场景和机械臂可辨识；固定单视角与夹爪遮挡限制接触、深度和释放判断。未据三帧排除帧间闪烁或穿透。,可见罐体被夹爪接近、抓持或转移；三帧不足以确认释放后稳定置入指定隔间。,sparse_three_frames|not_continuous_visual_review|numerical_success_threshold_not_visually_certified|gripper_bin_occlusion|target_near_right_image_edge,gpt-6-astra independent report reviewer,0.0|4.5|8.8,https://asimfish.github.io/astra-control-dashboard/media/Can__code__privileged__codex-gpt-6-astra__s0__20260907T123134Z/ep01.mp4,assets/astra/audit/6a89393d2d1e0610.jpg,167768,b71dbb24527bf24fe0a205af5abcc7fb99753a1dfc1d2b6c2cdb5a1cc633faf6,256,256,10/1,9.0,90,True
robosuite:20260907T123134Z:ep02,Panda / MuJoCo,Can,robosuite,code/privileged,,v2,True,,agentview,usable_with_limits,partial_progress_visible,固定斜前方 agentview；起始托盘与目标分隔箱可见，末端在画面右缘，夹爪与箱沿遮挡接触/释放。,所查帧场景和机械臂可辨识；固定单视角与夹爪遮挡限制接触、深度和释放判断。未据三帧排除帧间闪烁或穿透。,可见罐体被夹爪接近、抓持或转移；三帧不足以确认释放后稳定置入指定隔间。,sparse_three_frames|not_continuous_visual_review|numerical_success_threshold_not_visually_certified|gripper_bin_occlusion|target_near_right_image_edge,gpt-6-astra independent report reviewer,0.0|4.5|8.9,https://asimfish.github.io/astra-control-dashboard/media/Can__code__privileged__codex-gpt-6-astra__s0__20260907T123134Z/ep02.mp4,assets/astra/audit/5455dd3df91d3e06.jpg,178761,d98c50a872b29e96cba6126409d0f19ba729dd13e6ee92fad547dd35cff648fb,256,256,10/1,9.1,91,True
robosuite:20260907T123134Z:ep03,Panda / MuJoCo,Can,robosuite,code/privileged,,v2,True,,agentview,usable_with_limits,partial_progress_visible,固定斜前方 agentview；起始托盘与目标分隔箱可见，末端在画面右缘，夹爪与箱沿遮挡接触/释放。,所查帧场景和机械臂可辨识；固定单视角与夹爪遮挡限制接触、深度和释放判断。未据三帧排除帧间闪烁或穿透。,可见罐体被夹爪接近、抓持或转移；三帧不足以确认释放后稳定置入指定隔间。,sparse_three_frames|not_continuous_visual_review|numerical_success_threshold_not_visually_certified|gripper_bin_occlusion|target_near_right_image_edge,gpt-6-astra independent report reviewer,0.0|4.6|9.0,https://asimfish.github.io/astra-control-dashboard/media/Can__code__privileged__codex-gpt-6-astra__s0__20260907T123134Z/ep03.mp4,assets/astra/audit/2e3226c7919b16ba.jpg,181667,9442dcc3c4d49f4503f31ae208039e354e9c4c9f431f5693a334cea76d1bb9a0,256,256,10/1,9.2,92,True
robosuite:20260907T123134Z:ep04,Panda / MuJoCo,Can,robosuite,code/privileged,,v2,True,,agentview,usable_with_limits,partial_progress_visible,固定斜前方 agentview；起始托盘与目标分隔箱可见，末端在画面右缘，夹爪与箱沿遮挡接触/释放。,所查帧场景和机械臂可辨识；固定单视角与夹爪遮挡限制接触、深度和释放判断。未据三帧排除帧间闪烁或穿透。,可见罐体被夹爪接近、抓持或转移；三帧不足以确认释放后稳定置入指定隔间。,sparse_three_frames|not_continuous_visual_review|numerical_success_threshold_not_visually_certified|gripper_bin_occlusion|target_near_right_image_edge,gpt-6-astra independent report reviewer,0.0|4.1|8.1,https://asimfish.github.io/astra-control-dashboard/media/Can__code__privileged__codex-gpt-6-astra__s0__20260907T123134Z/ep04.mp4,assets/astra/audit/7c5779a5c54c5ec5.jpg,155528,a51c93529fe61a91626dd58065ebb8754eb8e0527934cd34f963c73241b8c52c,256,256,10/1,8.3,83,True
robosuite:20260908T150945Z:ep00,Panda / MuJoCo,Can,robosuite,code/privileged,,v3,True,,agentview,usable_with_limits,partial_progress_visible,固定斜前方 agentview；起始托盘与目标分隔箱可见，末端在画面右缘，夹爪与箱沿遮挡接触/释放。,所查帧场景和机械臂可辨识；固定单视角与夹爪遮挡限制接触、深度和释放判断。未据三帧排除帧间闪烁或穿透。,可见罐体被夹爪接近、抓持或转移；三帧不足以确认释放后稳定置入指定隔间。,sparse_three_frames|not_continuous_visual_review|numerical_success_threshold_not_visually_certified|gripper_bin_occlusion|target_near_right_image_edge,gpt-6-astra independent report reviewer,0.0|3.9|7.7,https://asimfish.github.io/astra-control-dashboard/media/Can__code__privileged__codex-gpt-6-astra__s0__20260908T150945Z/ep00.mp4,assets/astra/audit/c0c4e5c5b56bec37.jpg,155851,24e2f692faa6e22b4c1b58a1fcbd05805b8a60b495c3bd318fe65898a1dcc41c,256,256,10/1,7.9,79,True
robosuite:20260908T150945Z:ep01,Panda / MuJoCo,Can,robosuite,code/privileged,,v3,True,,agentview,usable_with_limits,partial_progress_visible,固定斜前方 agentview；起始托盘与目标分隔箱可见，末端在画面右缘，夹爪与箱沿遮挡接触/释放。,所查帧场景和机械臂可辨识；固定单视角与夹爪遮挡限制接触、深度和释放判断。未据三帧排除帧间闪烁或穿透。,可见罐体被夹爪接近、抓持或转移；三帧不足以确认释放后稳定置入指定隔间。,sparse_three_frames|not_continuous_visual_review|numerical_success_threshold_not_visually_certified|gripper_bin_occlusion|target_near_right_image_edge,gpt-6-astra independent report reviewer,0.0|4.7|9.3,https://asimfish.github.io/astra-control-dashboard/media/Can__code__privileged__codex-gpt-6-astra__s0__20260908T150945Z/ep01.mp4,assets/astra/audit/0cb459695f98a890.jpg,186113,2f996f637c03d7507bb40817061ca1ae3951a4eae94c2615eda51fb5b0a8fc81,256,256,10/1,9.5,95,True
robosuite:20260908T150945Z:ep02,Panda / MuJoCo,Can,robosuite,code/privileged,,v3,True,,agentview,usable_with_limits,partial_progress_visible,固定斜前方 agentview；起始托盘与目标分隔箱可见，末端在画面右缘，夹爪与箱沿遮挡接触/释放。,所查帧场景和机械臂可辨识；固定单视角与夹爪遮挡限制接触、深度和释放判断。未据三帧排除帧间闪烁或穿透。,可见罐体被夹爪接近、抓持或转移；三帧不足以确认释放后稳定置入指定隔间。,sparse_three_frames|not_continuous_visual_review|numerical_success_threshold_not_visually_certified|gripper_bin_occlusion|target_near_right_image_edge,gpt-6-astra independent report reviewer,0.0|3.6|7.0,https://asimfish.github.io/astra-control-dashboard/media/Can__code__privileged__codex-gpt-6-astra__s0__20260908T150945Z/ep02.mp4,assets/astra/audit/862a26401017f0aa.jpg,139126,5d3305c486c07b41bdc48813b092a1296e74d76ce7cafec43057f2d73e2fc653,256,256,10/1,7.2,72,True
robosuite:20260908T150945Z:ep03,Panda / MuJoCo,Can,robosuite,code/privileged,,v3,True,,agentview,usable_with_limits,partial_progress_visible,固定斜前方 agentview；起始托盘与目标分隔箱可见，末端在画面右缘，夹爪与箱沿遮挡接触/释放。,所查帧场景和机械臂可辨识；固定单视角与夹爪遮挡限制接触、深度和释放判断。未据三帧排除帧间闪烁或穿透。,可见罐体被夹爪接近、抓持或转移；三帧不足以确认释放后稳定置入指定隔间。,sparse_three_frames|not_continuous_visual_review|numerical_success_threshold_not_visually_certified|gripper_bin_occlusion|target_near_right_image_edge,gpt-6-astra independent report reviewer,0.0|4.7|9.2,https://asimfish.github.io/astra-control-dashboard/media/Can__code__privileged__codex-gpt-6-astra__s0__20260908T150945Z/ep03.mp4,assets/astra/audit/430669eeaec2b501.jpg,181207,6e664e95c8360b703365f12196ea3289bb63b9a77d5b21bd124c4f29af7630b3,256,256,10/1,9.4,94,True
robosuite:20260908T150945Z:ep04,Panda / MuJoCo,Can,robosuite,code/privileged,,v3,True,,agentview,usable_with_limits,partial_progress_visible,固定斜前方 agentview；起始托盘与目标分隔箱可见，末端在画面右缘，夹爪与箱沿遮挡接触/释放。,所查帧场景和机械臂可辨识；固定单视角与夹爪遮挡限制接触、深度和释放判断。未据三帧排除帧间闪烁或穿透。,可见罐体被夹爪接近、抓持或转移；三帧不足以确认释放后稳定置入指定隔间。,sparse_three_frames|not_continuous_visual_review|numerical_success_threshold_not_visually_certified|gripper_bin_occlusion|target_near_right_image_edge,gpt-6-astra independent report reviewer,0.0|4.0|7.9,https://asimfish.github.io/astra-control-dashboard/media/Can__code__privileged__codex-gpt-6-astra__s0__20260908T150945Z/ep04.mp4,assets/astra/audit/5fcd24e53eeb8fe1.jpg,159222,5c5997da614c159f6e6cb4f6199faa6af1074c6bf6f438d28b6d8999f6e360bc,256,256,10/1,8.1,81,True
robosuite:20260908T150945Z:ep05,Panda / MuJoCo,Can,robosuite,code/privileged,,v3,True,,agentview,usable_with_limits,partial_progress_visible,固定斜前方 agentview；起始托盘与目标分隔箱可见，末端在画面右缘，夹爪与箱沿遮挡接触/释放。,所查帧场景和机械臂可辨识；固定单视角与夹爪遮挡限制接触、深度和释放判断。未据三帧排除帧间闪烁或穿透。,可见罐体被夹爪接近、抓持或转移；三帧不足以确认释放后稳定置入指定隔间。,sparse_three_frames|not_continuous_visual_review|numerical_success_threshold_not_visually_certified|gripper_bin_occlusion|target_near_right_image_edge,gpt-6-astra independent report reviewer,0.0|4.5|8.9,https://asimfish.github.io/astra-control-dashboard/media/Can__code__privileged__codex-gpt-6-astra__s0__20260908T150945Z/ep05.mp4,assets/astra/audit/c352c85fe2a6ad14.jpg,166038,2a5db9667c321df4b7fc4c816e4267a0f7929ac3b992ba5114ed447444155c76,256,256,10/1,9.1,91,True
robosuite:20260908T150945Z:ep06,Panda / MuJoCo,Can,robosuite,code/privileged,,v3,True,,agentview,usable_with_limits,partial_progress_visible,固定斜前方 agentview；起始托盘与目标分隔箱可见，末端在画面右缘，夹爪与箱沿遮挡接触/释放。,所查帧场景和机械臂可辨识；固定单视角与夹爪遮挡限制接触、深度和释放判断。未据三帧排除帧间闪烁或穿透。,可见罐体被夹爪接近、抓持或转移；三帧不足以确认释放后稳定置入指定隔间。,sparse_three_frames|not_continuous_visual_review|numerical_success_threshold_not_visually_certified|gripper_bin_occlusion|target_near_right_image_edge,gpt-6-astra independent report reviewer,0.0|4.0|7.9,https://asimfish.github.io/astra-control-dashboard/media/Can__code__privileged__codex-gpt-6-astra__s0__20260908T150945Z/ep06.mp4,assets/astra/audit/eb48df9772e263ae.jpg,158076,6e36d2244eaad3064c42374c2113ba7671769668c419fbcd0a6db7eec139f543,256,256,10/1,8.1,81,True
robosuite:20260908T150945Z:ep07,Panda / MuJoCo,Can,robosuite,code/privileged,,v3,True,,agentview,usable_with_limits,partial_progress_visible,固定斜前方 agentview；起始托盘与目标分隔箱可见，末端在画面右缘，夹爪与箱沿遮挡接触/释放。,所查帧场景和机械臂可辨识；固定单视角与夹爪遮挡限制接触、深度和释放判断。未据三帧排除帧间闪烁或穿透。,可见罐体被夹爪接近、抓持或转移；三帧不足以确认释放后稳定置入指定隔间。,sparse_three_frames|not_continuous_visual_review|numerical_success_threshold_not_visually_certified|gripper_bin_occlusion|target_near_right_image_edge,gpt-6-astra independent report reviewer,0.0|4.3|8.4,https://asimfish.github.io/astra-control-dashboard/media/Can__code__privileged__codex-gpt-6-astra__s0__20260908T150945Z/ep07.mp4,assets/astra/audit/254b9aedadc86aa2.jpg,152192,ee62ebaa20a1c986a1c0e3fcb31e93355c7bce556f1373c964d66919176e4f68,256,256,10/1,8.6,86,True
robosuite:20260908T150945Z:ep08,Panda / MuJoCo,Can,robosuite,code/privileged,,v3,True,,agentview,usable_with_limits,partial_progress_visible,固定斜前方 agentview；起始托盘与目标分隔箱可见，末端在画面右缘，夹爪与箱沿遮挡接触/释放。,所查帧场景和机械臂可辨识；固定单视角与夹爪遮挡限制接触、深度和释放判断。未据三帧排除帧间闪烁或穿透。,可见罐体被夹爪接近、抓持或转移；三帧不足以确认释放后稳定置入指定隔间。,sparse_three_frames|not_continuous_visual_review|numerical_success_threshold_not_visually_certified|gripper_bin_occlusion|target_near_right_image_edge,gpt-6-astra independent report reviewer,0.0|4.5|8.8,https://asimfish.github.io/astra-control-dashboard/media/Can__code__privileged__codex-gpt-6-astra__s0__20260908T150945Z/ep08.mp4,assets/astra/audit/50cf6eadbf17a7d3.jpg,171303,ffb8d48b3b45b802a095facc5f35211a576168369aa28346f6cd10ffa7331864,256,256,10/1,9.0,90,True
robosuite:20260908T150945Z:ep09,Panda / MuJoCo,Can,robosuite,code/privileged,,v3,True,,agentview,usable_with_limits,partial_progress_visible,固定斜前方 agentview；起始托盘与目标分隔箱可见，末端在画面右缘，夹爪与箱沿遮挡接触/释放。,所查帧场景和机械臂可辨识；固定单视角与夹爪遮挡限制接触、深度和释放判断。未据三帧排除帧间闪烁或穿透。,可见罐体被夹爪接近、抓持或转移；三帧不足以确认释放后稳定置入指定隔间。,sparse_three_frames|not_continuous_visual_review|numerical_success_threshold_not_visually_certified|gripper_bin_occlusion|target_near_right_image_edge,gpt-6-astra independent report reviewer,0.0|3.8|7.5,https://asimfish.github.io/astra-control-dashboard/media/Can__code__privileged__codex-gpt-6-astra__s0__20260908T150945Z/ep09.mp4,assets/astra/audit/f1b7f52825c8454b.jpg,146927,f1bc61593a3760c1309564cd7160ff824aefe00c68c4135edec7b4586a6714f1,256,256,10/1,7.7,77,True
robosuite:20260908T150945Z:ep10,Panda / MuJoCo,Can,robosuite,code/privileged,,v3,True,,agentview,usable_with_limits,partial_progress_visible,固定斜前方 agentview；起始托盘与目标分隔箱可见，末端在画面右缘，夹爪与箱沿遮挡接触/释放。,所查帧场景和机械臂可辨识；固定单视角与夹爪遮挡限制接触、深度和释放判断。未据三帧排除帧间闪烁或穿透。,可见罐体被夹爪接近、抓持或转移；三帧不足以确认释放后稳定置入指定隔间。,sparse_three_frames|not_continuous_visual_review|numerical_success_threshold_not_visually_certified|gripper_bin_occlusion|target_near_right_image_edge,gpt-6-astra independent report reviewer,0.0|4.4|8.7,https://asimfish.github.io/astra-control-dashboard/media/Can__code__privileged__codex-gpt-6-astra__s0__20260908T150945Z/ep10.mp4,assets/astra/audit/cb3f6f695d74d73a.jpg,168331,9c2961013f2266104d19910d1564e261f201c36a4cf0bd34d63250c63448412f,256,256,10/1,8.9,89,True
robosuite:20260908T150945Z:ep11,Panda / MuJoCo,Can,robosuite,code/privileged,,v3,True,,agentview,usable_with_limits,partial_progress_visible,固定斜前方 agentview；起始托盘与目标分隔箱可见，末端在画面右缘，夹爪与箱沿遮挡接触/释放。,所查帧场景和机械臂可辨识；固定单视角与夹爪遮挡限制接触、深度和释放判断。未据三帧排除帧间闪烁或穿透。,可见罐体被夹爪接近、抓持或转移；三帧不足以确认释放后稳定置入指定隔间。,sparse_three_frames|not_continuous_visual_review|numerical_success_threshold_not_visually_certified|gripper_bin_occlusion|target_near_right_image_edge,gpt-6-astra independent report reviewer,0.0|4.6|9.1,https://asimfish.github.io/astra-control-dashboard/media/Can__code__privileged__codex-gpt-6-astra__s0__20260908T150945Z/ep11.mp4,assets/astra/audit/20629522fbfab3f9.jpg,181872,f90eba15ec8813f155e36e0f5eacecfa16855ef5618cbcee983165f9bd4fb632,256,256,10/1,9.3,93,True
robosuite:20260908T150945Z:ep12,Panda / MuJoCo,Can,robosuite,code/privileged,,v3,True,,agentview,usable_with_limits,partial_progress_visible,固定斜前方 agentview；起始托盘与目标分隔箱可见，末端在画面右缘，夹爪与箱沿遮挡接触/释放。,所查帧场景和机械臂可辨识；固定单视角与夹爪遮挡限制接触、深度和释放判断。未据三帧排除帧间闪烁或穿透。,可见罐体被夹爪接近、抓持或转移；三帧不足以确认释放后稳定置入指定隔间。,sparse_three_frames|not_continuous_visual_review|numerical_success_threshold_not_visually_certified|gripper_bin_occlusion|target_near_right_image_edge,gpt-6-astra independent report reviewer,0.0|4.3|8.4,https://asimfish.github.io/astra-control-dashboard/media/Can__code__privileged__codex-gpt-6-astra__s0__20260908T150945Z/ep12.mp4,assets/astra/audit/9b408c93484b8586.jpg,179235,9324c98784ac98f347a3cc7f16d340962e2aba603a8a6123cb1848d12f4e0951,256,256,10/1,8.6,86,True
robosuite:20260908T150945Z:ep13,Panda / MuJoCo,Can,robosuite,code/privileged,,v3,True,,agentview,usable_with_limits,partial_progress_visible,固定斜前方 agentview；起始托盘与目标分隔箱可见，末端在画面右缘，夹爪与箱沿遮挡接触/释放。,所查帧场景和机械臂可辨识；固定单视角与夹爪遮挡限制接触、深度和释放判断。未据三帧排除帧间闪烁或穿透。,可见罐体被夹爪接近、抓持或转移；三帧不足以确认释放后稳定置入指定隔间。,sparse_three_frames|not_continuous_visual_review|numerical_success_threshold_not_visually_certified|gripper_bin_occlusion|target_near_right_image_edge,gpt-6-astra independent report reviewer,0.0|3.7|7.3,https://asimfish.github.io/astra-control-dashboard/media/Can__code__privileged__codex-gpt-6-astra__s0__20260908T150945Z/ep13.mp4,assets/astra/audit/dec803af6aca7140.jpg,145236,8cd7f2076bd924f735f992210912dc8a721edd69ff5b5f4432e232801ec653dd,256,256,10/1,7.5,75,True
robosuite:20260908T150945Z:ep14,Panda / MuJoCo,Can,robosuite,code/privileged,,v3,True,,agentview,usable_with_limits,partial_progress_visible,固定斜前方 agentview；起始托盘与目标分隔箱可见，末端在画面右缘，夹爪与箱沿遮挡接触/释放。,所查帧场景和机械臂可辨识；固定单视角与夹爪遮挡限制接触、深度和释放判断。未据三帧排除帧间闪烁或穿透。,可见罐体被夹爪接近、抓持或转移；三帧不足以确认释放后稳定置入指定隔间。,sparse_three_frames|not_continuous_visual_review|numerical_success_threshold_not_visually_certified|gripper_bin_occlusion|target_near_right_image_edge,gpt-6-astra independent report reviewer,0.0|4.3|8.4,https://asimfish.github.io/astra-control-dashboard/media/Can__code__privileged__codex-gpt-6-astra__s0__20260908T150945Z/ep14.mp4,assets/astra/audit/cfb7556c6390f018.jpg,161934,20f3cc2e6e1b314d7302f765923e2de5f894fed8daa7ff49fa322e1b510d135b,256,256,10/1,8.6,86,True
robosuite:20260908T150945Z:ep15,Panda / MuJoCo,Can,robosuite,code/privileged,,v3,True,,agentview,usable_with_limits,partial_progress_visible,固定斜前方 agentview；起始托盘与目标分隔箱可见，末端在画面右缘，夹爪与箱沿遮挡接触/释放。,所查帧场景和机械臂可辨识；固定单视角与夹爪遮挡限制接触、深度和释放判断。未据三帧排除帧间闪烁或穿透。,可见罐体被夹爪接近、抓持或转移；三帧不足以确认释放后稳定置入指定隔间。,sparse_three_frames|not_continuous_visual_review|numerical_success_threshold_not_visually_certified|gripper_bin_occlusion|target_near_right_image_edge,gpt-6-astra independent report reviewer,0.0|4.9|9.6,https://asimfish.github.io/astra-control-dashboard/media/Can__code__privileged__codex-gpt-6-astra__s0__20260908T150945Z/ep15.mp4,assets/astra/audit/2f9b4389ee049da7.jpg,170149,b01b2ee0bdfeaebd28e8b080e2403c94759de72eae632ad06ee2e8f39143aba5,256,256,10/1,9.8,98,True
robosuite:20260908T150945Z:ep16,Panda / MuJoCo,Can,robosuite,code/privileged,,v3,True,,agentview,usable_with_limits,partial_progress_visible,固定斜前方 agentview；起始托盘与目标分隔箱可见，末端在画面右缘，夹爪与箱沿遮挡接触/释放。,所查帧场景和机械臂可辨识；固定单视角与夹爪遮挡限制接触、深度和释放判断。未据三帧排除帧间闪烁或穿透。,可见罐体被夹爪接近、抓持或转移；三帧不足以确认释放后稳定置入指定隔间。,sparse_three_frames|not_continuous_visual_review|numerical_success_threshold_not_visually_certified|gripper_bin_occlusion|target_near_right_image_edge,gpt-6-astra independent report reviewer,0.0|4.4|8.7,https://asimfish.github.io/astra-control-dashboard/media/Can__code__privileged__codex-gpt-6-astra__s0__20260908T150945Z/ep16.mp4,assets/astra/audit/209844a67b37d8be.jpg,172920,1af925628aa66a16d16888b6a74fb42d1bba7448993ff719970258175178671e,256,256,10/1,8.9,89,True
robosuite:20260908T150945Z:ep17,Panda / MuJoCo,Can,robosuite,code/privileged,,v3,True,,agentview,usable_with_limits,partial_progress_visible,固定斜前方 agentview；起始托盘与目标分隔箱可见，末端在画面右缘，夹爪与箱沿遮挡接触/释放。,所查帧场景和机械臂可辨识；固定单视角与夹爪遮挡限制接触、深度和释放判断。未据三帧排除帧间闪烁或穿透。,可见罐体被夹爪接近、抓持或转移；三帧不足以确认释放后稳定置入指定隔间。,sparse_three_frames|not_continuous_visual_review|numerical_success_threshold_not_visually_certified|gripper_bin_occlusion|target_near_right_image_edge,gpt-6-astra independent report reviewer,0.0|4.1|8.0,https://asimfish.github.io/astra-control-dashboard/media/Can__code__privileged__codex-gpt-6-astra__s0__20260908T150945Z/ep17.mp4,assets/astra/audit/c0e2213bf7451b8c.jpg,164190,e172aa9f57cbe6b5cac0281ef175221bdf411a8ff8c0768cf57dc834de0c0359,256,256,10/1,8.2,82,True
robosuite:20260908T150945Z:ep18,Panda / MuJoCo,Can,robosuite,code/privileged,,v3,True,,agentview,usable_with_limits,partial_progress_visible,固定斜前方 agentview；起始托盘与目标分隔箱可见，末端在画面右缘，夹爪与箱沿遮挡接触/释放。,所查帧场景和机械臂可辨识；固定单视角与夹爪遮挡限制接触、深度和释放判断。未据三帧排除帧间闪烁或穿透。,可见罐体被夹爪接近、抓持或转移；三帧不足以确认释放后稳定置入指定隔间。,sparse_three_frames|not_continuous_visual_review|numerical_success_threshold_not_visually_certified|gripper_bin_occlusion|target_near_right_image_edge,gpt-6-astra independent report reviewer,0.0|4.7|9.3,https://asimfish.github.io/astra-control-dashboard/media/Can__code__privileged__codex-gpt-6-astra__s0__20260908T150945Z/ep18.mp4,assets/astra/audit/1652bd4fb3f6f6eb.jpg,178123,8bdb0fb8686e9266e95ce56db1fa5019bdde1ef4d2ee6a236fcd580f74954be5,256,256,10/1,9.5,95,True
robosuite:20260908T150945Z:ep19,Panda / MuJoCo,Can,robosuite,code/privileged,,v3,True,,agentview,usable_with_limits,partial_progress_visible,固定斜前方 agentview；起始托盘与目标分隔箱可见，末端在画面右缘，夹爪与箱沿遮挡接触/释放。,所查帧场景和机械臂可辨识；固定单视角与夹爪遮挡限制接触、深度和释放判断。未据三帧排除帧间闪烁或穿透。,可见罐体被夹爪接近、抓持或转移；三帧不足以确认释放后稳定置入指定隔间。,sparse_three_frames|not_continuous_visual_review|numerical_success_threshold_not_visually_certified|gripper_bin_occlusion|target_near_right_image_edge,gpt-6-astra independent report reviewer,0.0|4.1|8.1,https://asimfish.github.io/astra-control-dashboard/media/Can__code__privileged__codex-gpt-6-astra__s0__20260908T150945Z/ep19.mp4,assets/astra/audit/72210d2165af0378.jpg,166813,f9209f59f1ef8d1dee191a0093fa07d2d54d35f4cb3d6624e0b6097a160b4cef,256,256,10/1,8.3,83,True
robosuite:20260907T123628Z:ep00,Panda / MuJoCo,Can,robosuite,code/proprio,,v2,True,,agentview,usable_with_limits,partial_progress_visible,固定斜前方 agentview；起始托盘与目标分隔箱可见，末端在画面右缘，夹爪与箱沿遮挡接触/释放。,所查帧场景和机械臂可辨识；固定单视角与夹爪遮挡限制接触、深度和释放判断。未据三帧排除帧间闪烁或穿透。,可见罐体被夹爪接近、抓持或转移；三帧不足以确认释放后稳定置入指定隔间。,sparse_three_frames|not_continuous_visual_review|numerical_success_threshold_not_visually_certified|gripper_bin_occlusion|target_near_right_image_edge,gpt-6-astra independent report reviewer,0.0|4.3|8.4,https://asimfish.github.io/astra-control-dashboard/media/Can__code__proprio__codex-gpt-6-astra__s0__20260907T123628Z/ep00.mp4,assets/astra/audit/6ea61749dfc776e2.jpg,169206,f6fab0aab616d58da350ab681e3c3513955e1032a18b84def92cbc70f235bb9a,256,256,10/1,8.6,86,True
robosuite:20260907T123628Z:ep01,Panda / MuJoCo,Can,robosuite,code/proprio,,v2,True,,agentview,usable_with_limits,partial_progress_visible,固定斜前方 agentview；起始托盘与目标分隔箱可见，末端在画面右缘，夹爪与箱沿遮挡接触/释放。,所查帧场景和机械臂可辨识；固定单视角与夹爪遮挡限制接触、深度和释放判断。未据三帧排除帧间闪烁或穿透。,可见罐体被夹爪接近、抓持或转移；三帧不足以确认释放后稳定置入指定隔间。,sparse_three_frames|not_continuous_visual_review|numerical_success_threshold_not_visually_certified|gripper_bin_occlusion|target_near_right_image_edge,gpt-6-astra independent report reviewer,0.0|4.3|8.4,https://asimfish.github.io/astra-control-dashboard/media/Can__code__proprio__codex-gpt-6-astra__s0__20260907T123628Z/ep01.mp4,assets/astra/audit/e2f26e2f10c1f07c.jpg,165241,f27b582d57d8dadb09224d9329c3a8db1949b0f14a10c4f9096cdb2a83c2dabb,256,256,10/1,8.6,86,True
robosuite:20260907T123628Z:ep02,Panda / MuJoCo,Can,robosuite,code/proprio,,v2,False,,agentview,usable_with_limits,no_completion_visible,固定斜前方 agentview；起始托盘与目标分隔箱可见，末端在画面右缘，夹爪与箱沿遮挡接触/释放。,所查帧场景和机械臂可辨识；固定单视角与夹爪遮挡限制接触、深度和释放判断。未据三帧排除帧间闪烁或穿透。,罐体在末帧仍在起始托盘，未见入目标箱；机械臂姿态变化可辨。,sparse_three_frames|not_continuous_visual_review|numerical_success_threshold_not_visually_certified|gripper_bin_occlusion|target_near_right_image_edge,gpt-6-astra independent report reviewer,0.0|10.1|20.0,https://asimfish.github.io/astra-control-dashboard/media/Can__code__proprio__codex-gpt-6-astra__s0__20260907T123628Z/ep02.mp4,assets/astra/audit/48434e6ef3d74be4.jpg,379458,8b9e7b39653397ae2275d7701907857b210745ace0d5d69c4a59ac0749bec02c,256,256,10/1,20.2,202,True
robosuite:20260907T123628Z:ep03,Panda / MuJoCo,Can,robosuite,code/proprio,,v2,False,,agentview,usable_with_limits,no_completion_visible,固定斜前方 agentview；起始托盘与目标分隔箱可见，末端在画面右缘，夹爪与箱沿遮挡接触/释放。,所查帧场景和机械臂可辨识；固定单视角与夹爪遮挡限制接触、深度和释放判断。未据三帧排除帧间闪烁或穿透。,罐体在末帧仍在起始托盘，未见入目标箱；机械臂姿态变化可辨。,sparse_three_frames|not_continuous_visual_review|numerical_success_threshold_not_visually_certified|gripper_bin_occlusion|target_near_right_image_edge,gpt-6-astra independent report reviewer,0.0|10.1|20.0,https://asimfish.github.io/astra-control-dashboard/media/Can__code__proprio__codex-gpt-6-astra__s0__20260907T123628Z/ep03.mp4,assets/astra/audit/176887b437ce3ca6.jpg,308551,ef60ada887e991d1cee6f519f0f09e92a2ff9df7d6361e11d33a36515e92ec6c,256,256,10/1,20.2,202,True
robosuite:20260907T123628Z:ep04,Panda / MuJoCo,Can,robosuite,code/proprio,,v2,True,,agentview,usable_with_limits,partial_progress_visible,固定斜前方 agentview；起始托盘与目标分隔箱可见，末端在画面右缘，夹爪与箱沿遮挡接触/释放。,所查帧场景和机械臂可辨识；固定单视角与夹爪遮挡限制接触、深度和释放判断。未据三帧排除帧间闪烁或穿透。,可见罐体被夹爪接近、抓持或转移；三帧不足以确认释放后稳定置入指定隔间。,sparse_three_frames|not_continuous_visual_review|numerical_success_threshold_not_visually_certified|gripper_bin_occlusion|target_near_right_image_edge,gpt-6-astra independent report reviewer,0.0|3.9|7.7,https://asimfish.github.io/astra-control-dashboard/media/Can__code__proprio__codex-gpt-6-astra__s0__20260907T123628Z/ep04.mp4,assets/astra/audit/9c35f96b7271f0d3.jpg,150442,33abb0d292109cef32bab261f9052dc83a042c60548f892efac1992e01783f80,256,256,10/1,7.9,79,True
robosuite:20260908T152543Z:ep00,Panda / MuJoCo,Can,robosuite,code/proprio,,v3,True,,agentview,usable_with_limits,partial_progress_visible,固定斜前方 agentview；起始托盘与目标分隔箱可见，末端在画面右缘，夹爪与箱沿遮挡接触/释放。,所查帧场景和机械臂可辨识；固定单视角与夹爪遮挡限制接触、深度和释放判断。未据三帧排除帧间闪烁或穿透。,可见罐体被夹爪接近、抓持或转移；三帧不足以确认释放后稳定置入指定隔间。,sparse_three_frames|not_continuous_visual_review|numerical_success_threshold_not_visually_certified|gripper_bin_occlusion|target_near_right_image_edge,gpt-6-astra independent report reviewer,0.0|4.0|7.8,https://asimfish.github.io/astra-control-dashboard/media/Can__code__proprio__codex-gpt-6-astra__s0__20260908T152543Z/ep00.mp4,assets/astra/audit/4a977563ee63ef0a.jpg,160374,3bc59710e278b4664a54dc1dd5d4719607de31bc69af3c7b27d6605ddedff188,256,256,10/1,8.0,80,True
robosuite:20260908T152543Z:ep01,Panda / MuJoCo,Can,robosuite,code/proprio,,v3,False,,agentview,usable_with_limits,no_completion_visible,固定斜前方 agentview；起始托盘与目标分隔箱可见，末端在画面右缘，夹爪与箱沿遮挡接触/释放。,所查帧场景和机械臂可辨识；固定单视角与夹爪遮挡限制接触、深度和释放判断。未据三帧排除帧间闪烁或穿透。,罐体在末帧仍在起始托盘，未见入目标箱；机械臂姿态变化可辨。,sparse_three_frames|not_continuous_visual_review|numerical_success_threshold_not_visually_certified|gripper_bin_occlusion|target_near_right_image_edge,gpt-6-astra independent report reviewer,0.0|10.1|20.0,https://asimfish.github.io/astra-control-dashboard/media/Can__code__proprio__codex-gpt-6-astra__s0__20260908T152543Z/ep01.mp4,assets/astra/audit/5878c1f7cabd0277.jpg,324351,789f063d236b164d8e5e7b8c55ed2a850a0a128399219efbfcea1f7eac105f6f,256,256,10/1,20.2,202,True
robosuite:20260908T152543Z:ep02,Panda / MuJoCo,Can,robosuite,code/proprio,,v3,True,,agentview,usable_with_limits,partial_progress_visible,固定斜前方 agentview；起始托盘与目标分隔箱可见，末端在画面右缘，夹爪与箱沿遮挡接触/释放。,所查帧场景和机械臂可辨识；固定单视角与夹爪遮挡限制接触、深度和释放判断。未据三帧排除帧间闪烁或穿透。,可见罐体被夹爪接近、抓持或转移；三帧不足以确认释放后稳定置入指定隔间。,sparse_three_frames|not_continuous_visual_review|numerical_success_threshold_not_visually_certified|gripper_bin_occlusion|target_near_right_image_edge,gpt-6-astra independent report reviewer,0.0|3.7|7.2,https://asimfish.github.io/astra-control-dashboard/media/Can__code__proprio__codex-gpt-6-astra__s0__20260908T152543Z/ep02.mp4,assets/astra/audit/1e4495bae3d031a4.jpg,139607,f8f8ccae5ac31b26bdba53fd65f0b592eea4e3c65b0f81f7421a778b05b2fccb,256,256,10/1,7.4,74,True
robosuite:20260908T152543Z:ep03,Panda / MuJoCo,Can,robosuite,code/proprio,,v3,False,,agentview,usable_with_limits,no_completion_visible,固定斜前方 agentview；起始托盘与目标分隔箱可见，末端在画面右缘，夹爪与箱沿遮挡接触/释放。,所查帧场景和机械臂可辨识；固定单视角与夹爪遮挡限制接触、深度和释放判断。未据三帧排除帧间闪烁或穿透。,罐体在末帧仍在起始托盘，未见入目标箱；机械臂姿态变化可辨。,sparse_three_frames|not_continuous_visual_review|numerical_success_threshold_not_visually_certified|gripper_bin_occlusion|target_near_right_image_edge,gpt-6-astra independent report reviewer,0.0|10.1|20.0,https://asimfish.github.io/astra-control-dashboard/media/Can__code__proprio__codex-gpt-6-astra__s0__20260908T152543Z/ep03.mp4,assets/astra/audit/5ee485ec40e2e48f.jpg,327262,201d4395a437231025690d257a1c167d01def6ccf670c1db09844fc259dd7771,256,256,10/1,20.2,202,True
robosuite:20260908T152543Z:ep04,Panda / MuJoCo,Can,robosuite,code/proprio,,v3,False,,agentview,usable_with_limits,no_completion_visible,固定斜前方 agentview；起始托盘与目标分隔箱可见，末端在画面右缘，夹爪与箱沿遮挡接触/释放。,所查帧场景和机械臂可辨识；固定单视角与夹爪遮挡限制接触、深度和释放判断。未据三帧排除帧间闪烁或穿透。,罐体在末帧仍在起始托盘，未见入目标箱；机械臂姿态变化可辨。,sparse_three_frames|not_continuous_visual_review|numerical_success_threshold_not_visually_certified|gripper_bin_occlusion|target_near_right_image_edge,gpt-6-astra independent report reviewer,0.0|10.1|20.0,https://asimfish.github.io/astra-control-dashboard/media/Can__code__proprio__codex-gpt-6-astra__s0__20260908T152543Z/ep04.mp4,assets/astra/audit/7b3106e0ff29a012.jpg,335799,f11bc64c59a544d70410cd20594cb11b783567b405cc1b7044e9578d58a6299d,256,256,10/1,20.2,202,True
robosuite:20260908T152543Z:ep05,Panda / MuJoCo,Can,robosuite,code/proprio,,v3,False,,agentview,usable_with_limits,no_completion_visible,固定斜前方 agentview；起始托盘与目标分隔箱可见，末端在画面右缘，夹爪与箱沿遮挡接触/释放。,所查帧场景和机械臂可辨识；固定单视角与夹爪遮挡限制接触、深度和释放判断。未据三帧排除帧间闪烁或穿透。,罐体在末帧仍在起始托盘，未见入目标箱；机械臂姿态变化可辨。,sparse_three_frames|not_continuous_visual_review|numerical_success_threshold_not_visually_certified|gripper_bin_occlusion|target_near_right_image_edge,gpt-6-astra independent report reviewer,0.0|10.1|20.0,https://asimfish.github.io/astra-control-dashboard/media/Can__code__proprio__codex-gpt-6-astra__s0__20260908T152543Z/ep05.mp4,assets/astra/audit/9dd7fac63e34842c.jpg,344888,aa28d23f95cb303bd240d6e237430af7d3326dc0389f2eae605c7ae81046c0f4,256,256,10/1,20.2,202,True
robosuite:20260908T152543Z:ep06,Panda / MuJoCo,Can,robosuite,code/proprio,,v3,False,,agentview,usable_with_limits,no_completion_visible,固定斜前方 agentview；起始托盘与目标分隔箱可见，末端在画面右缘，夹爪与箱沿遮挡接触/释放。,所查帧场景和机械臂可辨识；固定单视角与夹爪遮挡限制接触、深度和释放判断。未据三帧排除帧间闪烁或穿透。,罐体在末帧仍在起始托盘，未见入目标箱；机械臂姿态变化可辨。,sparse_three_frames|not_continuous_visual_review|numerical_success_threshold_not_visually_certified|gripper_bin_occlusion|target_near_right_image_edge,gpt-6-astra independent report reviewer,0.0|10.1|20.0,https://asimfish.github.io/astra-control-dashboard/media/Can__code__proprio__codex-gpt-6-astra__s0__20260908T152543Z/ep06.mp4,assets/astra/audit/d19af3eeee7869e9.jpg,300885,fe58be330dcbb133ed330c42c78012e0ae87b3f7f42eddd6df06ec8a2c58cd55,256,256,10/1,20.2,202,True
robosuite:20260908T152543Z:ep07,Panda / MuJoCo,Can,robosuite,code/proprio,,v3,True,,agentview,usable_with_limits,partial_progress_visible,固定斜前方 agentview；起始托盘与目标分隔箱可见，末端在画面右缘，夹爪与箱沿遮挡接触/释放。,所查帧场景和机械臂可辨识；固定单视角与夹爪遮挡限制接触、深度和释放判断。未据三帧排除帧间闪烁或穿透。,可见罐体被夹爪接近、抓持或转移；三帧不足以确认释放后稳定置入指定隔间。,sparse_three_frames|not_continuous_visual_review|numerical_success_threshold_not_visually_certified|gripper_bin_occlusion|target_near_right_image_edge,gpt-6-astra independent report reviewer,0.0|4.1|8.0,https://asimfish.github.io/astra-control-dashboard/media/Can__code__proprio__codex-gpt-6-astra__s0__20260908T152543Z/ep07.mp4,assets/astra/audit/b4c9167a77cac3b1.jpg,149329,c086f5216b3387a11f3d489b870227d5e8c3a74b3d71246c5a29efbae2682c20,256,256,10/1,8.2,82,True
robosuite:20260908T152543Z:ep08,Panda / MuJoCo,Can,robosuite,code/proprio,,v3,False,,agentview,usable_with_limits,no_completion_visible,固定斜前方 agentview；起始托盘与目标分隔箱可见，末端在画面右缘，夹爪与箱沿遮挡接触/释放。,所查帧场景和机械臂可辨识；固定单视角与夹爪遮挡限制接触、深度和释放判断。未据三帧排除帧间闪烁或穿透。,罐体在末帧仍在起始托盘，未见入目标箱；机械臂姿态变化可辨。,sparse_three_frames|not_continuous_visual_review|numerical_success_threshold_not_visually_certified|gripper_bin_occlusion|target_near_right_image_edge,gpt-6-astra independent report reviewer,0.0|10.1|20.0,https://asimfish.github.io/astra-control-dashboard/media/Can__code__proprio__codex-gpt-6-astra__s0__20260908T152543Z/ep08.mp4,assets/astra/audit/18920c00ed1f9fc7.jpg,291139,b708111ce53a39b8a866ede5b8d1febf2430837ea96008fe9da8655cb2936052,256,256,10/1,20.2,202,True
robosuite:20260908T152543Z:ep09,Panda / MuJoCo,Can,robosuite,code/proprio,,v3,True,,agentview,usable_with_limits,partial_progress_visible,固定斜前方 agentview；起始托盘与目标分隔箱可见，末端在画面右缘，夹爪与箱沿遮挡接触/释放。,所查帧场景和机械臂可辨识；固定单视角与夹爪遮挡限制接触、深度和释放判断。未据三帧排除帧间闪烁或穿透。,可见罐体被夹爪接近、抓持或转移；三帧不足以确认释放后稳定置入指定隔间。,sparse_three_frames|not_continuous_visual_review|numerical_success_threshold_not_visually_certified|gripper_bin_occlusion|target_near_right_image_edge,gpt-6-astra independent report reviewer,0.0|3.8|7.4,https://asimfish.github.io/astra-control-dashboard/media/Can__code__proprio__codex-gpt-6-astra__s0__20260908T152543Z/ep09.mp4,assets/astra/audit/38626a5dc455ce40.jpg,143950,f56fb6eaee5b7643fbc3034597f1d2886c0c81c00766b9183a9b3e0a51048f62,256,256,10/1,7.6,76,True
robosuite:20260908T152543Z:ep10,Panda / MuJoCo,Can,robosuite,code/proprio,,v3,False,,agentview,usable_with_limits,no_completion_visible,固定斜前方 agentview；起始托盘与目标分隔箱可见，末端在画面右缘，夹爪与箱沿遮挡接触/释放。,所查帧场景和机械臂可辨识；固定单视角与夹爪遮挡限制接触、深度和释放判断。未据三帧排除帧间闪烁或穿透。,罐体在末帧仍在起始托盘，未见入目标箱；机械臂姿态变化可辨。,sparse_three_frames|not_continuous_visual_review|numerical_success_threshold_not_visually_certified|gripper_bin_occlusion|target_near_right_image_edge,gpt-6-astra independent report reviewer,0.0|10.1|20.0,https://asimfish.github.io/astra-control-dashboard/media/Can__code__proprio__codex-gpt-6-astra__s0__20260908T152543Z/ep10.mp4,assets/astra/audit/ad84ab18ccd23a43.jpg,334105,ec321d173a5cfa66b826cdea5d0ca304a46527ef382a274f85da97c897ad106c,256,256,10/1,20.2,202,True
robosuite:20260908T152543Z:ep11,Panda / MuJoCo,Can,robosuite,code/proprio,,v3,False,,agentview,usable_with_limits,no_completion_visible,固定斜前方 agentview；起始托盘与目标分隔箱可见，末端在画面右缘，夹爪与箱沿遮挡接触/释放。,所查帧场景和机械臂可辨识；固定单视角与夹爪遮挡限制接触、深度和释放判断。未据三帧排除帧间闪烁或穿透。,罐体在末帧仍在起始托盘，未见入目标箱；机械臂姿态变化可辨。,sparse_three_frames|not_continuous_visual_review|numerical_success_threshold_not_visually_certified|gripper_bin_occlusion|target_near_right_image_edge,gpt-6-astra independent report reviewer,0.0|10.1|20.0,https://asimfish.github.io/astra-control-dashboard/media/Can__code__proprio__codex-gpt-6-astra__s0__20260908T152543Z/ep11.mp4,assets/astra/audit/bf066254fa2b5526.jpg,297111,04990370ce624dca4a7af1648902db89f7e6c8cca3929929c34b4bef4597b37d,256,256,10/1,20.2,202,True
robosuite:20260908T152543Z:ep12,Panda / MuJoCo,Can,robosuite,code/proprio,,v3,False,,agentview,usable_with_limits,no_completion_visible,固定斜前方 agentview；起始托盘与目标分隔箱可见，末端在画面右缘，夹爪与箱沿遮挡接触/释放。,所查帧场景和机械臂可辨识；固定单视角与夹爪遮挡限制接触、深度和释放判断。未据三帧排除帧间闪烁或穿透。,罐体在末帧仍在起始托盘，未见入目标箱；机械臂姿态变化可辨。,sparse_three_frames|not_continuous_visual_review|numerical_success_threshold_not_visually_certified|gripper_bin_occlusion|target_near_right_image_edge,gpt-6-astra independent report reviewer,0.0|10.1|20.0,https://asimfish.github.io/astra-control-dashboard/media/Can__code__proprio__codex-gpt-6-astra__s0__20260908T152543Z/ep12.mp4,assets/astra/audit/23801de95514fc80.jpg,341993,b71af0ff6f991ac8d20974f7b5baeed2a12bd2d3edde38b73dc103884e3d4fd4,256,256,10/1,20.2,202,True
robosuite:20260908T152543Z:ep13,Panda / MuJoCo,Can,robosuite,code/proprio,,v3,True,,agentview,usable_with_limits,partial_progress_visible,固定斜前方 agentview；起始托盘与目标分隔箱可见，末端在画面右缘，夹爪与箱沿遮挡接触/释放。,所查帧场景和机械臂可辨识；固定单视角与夹爪遮挡限制接触、深度和释放判断。未据三帧排除帧间闪烁或穿透。,可见罐体被夹爪接近、抓持或转移；三帧不足以确认释放后稳定置入指定隔间。,sparse_three_frames|not_continuous_visual_review|numerical_success_threshold_not_visually_certified|gripper_bin_occlusion|target_near_right_image_edge,gpt-6-astra independent report reviewer,0.0|3.9|7.6,https://asimfish.github.io/astra-control-dashboard/media/Can__code__proprio__codex-gpt-6-astra__s0__20260908T152543Z/ep13.mp4,assets/astra/audit/c0bcec7fe2ed08dd.jpg,143196,f85c40c395cd9448625b97c6a68376018ec96c02718ae1e994866fb028a77fd4,256,256,10/1,7.8,78,True
robosuite:20260908T152543Z:ep14,Panda / MuJoCo,Can,robosuite,code/proprio,,v3,True,,agentview,usable_with_limits,partial_progress_visible,固定斜前方 agentview；起始托盘与目标分隔箱可见，末端在画面右缘，夹爪与箱沿遮挡接触/释放。,所查帧场景和机械臂可辨识；固定单视角与夹爪遮挡限制接触、深度和释放判断。未据三帧排除帧间闪烁或穿透。,可见罐体被夹爪接近、抓持或转移；三帧不足以确认释放后稳定置入指定隔间。,sparse_three_frames|not_continuous_visual_review|numerical_success_threshold_not_visually_certified|gripper_bin_occlusion|target_near_right_image_edge,gpt-6-astra independent report reviewer,0.0|4.3|8.4,https://asimfish.github.io/astra-control-dashboard/media/Can__code__proprio__codex-gpt-6-astra__s0__20260908T152543Z/ep14.mp4,assets/astra/audit/fab2d94777cc925f.jpg,158722,12a8b07bfc99a251efb4124a7ff14aaa8c4480b80bae0436fdf3bc56b1db0915,256,256,10/1,8.6,86,True
robosuite:20260908T152543Z:ep15,Panda / MuJoCo,Can,robosuite,code/proprio,,v3,False,,agentview,usable_with_limits,no_completion_visible,固定斜前方 agentview；起始托盘与目标分隔箱可见，末端在画面右缘，夹爪与箱沿遮挡接触/释放。,所查帧场景和机械臂可辨识；固定单视角与夹爪遮挡限制接触、深度和释放判断。未据三帧排除帧间闪烁或穿透。,罐体在末帧仍在起始托盘，未见入目标箱；机械臂姿态变化可辨。,sparse_three_frames|not_continuous_visual_review|numerical_success_threshold_not_visually_certified|gripper_bin_occlusion|target_near_right_image_edge,gpt-6-astra independent report reviewer,0.0|10.1|20.0,https://asimfish.github.io/astra-control-dashboard/media/Can__code__proprio__codex-gpt-6-astra__s0__20260908T152543Z/ep15.mp4,assets/astra/audit/689f6097999b438c.jpg,335917,0eccb4a54c7cc94ef5a045661d6f3355b578c469e985c6da6aa1ce071cb263a3,256,256,10/1,20.2,202,True
robosuite:20260908T152543Z:ep16,Panda / MuJoCo,Can,robosuite,code/proprio,,v3,False,,agentview,usable_with_limits,no_completion_visible,固定斜前方 agentview；起始托盘与目标分隔箱可见，末端在画面右缘，夹爪与箱沿遮挡接触/释放。,所查帧场景和机械臂可辨识；固定单视角与夹爪遮挡限制接触、深度和释放判断。未据三帧排除帧间闪烁或穿透。,罐体在末帧仍在起始托盘，未见入目标箱；机械臂姿态变化可辨。,sparse_three_frames|not_continuous_visual_review|numerical_success_threshold_not_visually_certified|gripper_bin_occlusion|target_near_right_image_edge,gpt-6-astra independent report reviewer,0.0|10.1|20.0,https://asimfish.github.io/astra-control-dashboard/media/Can__code__proprio__codex-gpt-6-astra__s0__20260908T152543Z/ep16.mp4,assets/astra/audit/c903be175000793d.jpg,298358,4ee916a2fd158c0832eb22bfefecdf615b2d1d4cd50d79c12aaa997ba0b8284d,256,256,10/1,20.2,202,True
robosuite:20260908T152543Z:ep17,Panda / MuJoCo,Can,robosuite,code/proprio,,v3,True,,agentview,usable_with_limits,partial_progress_visible,固定斜前方 agentview；起始托盘与目标分隔箱可见，末端在画面右缘，夹爪与箱沿遮挡接触/释放。,所查帧场景和机械臂可辨识；固定单视角与夹爪遮挡限制接触、深度和释放判断。未据三帧排除帧间闪烁或穿透。,可见罐体被夹爪接近、抓持或转移；三帧不足以确认释放后稳定置入指定隔间。,sparse_three_frames|not_continuous_visual_review|numerical_success_threshold_not_visually_certified|gripper_bin_occlusion|target_near_right_image_edge,gpt-6-astra independent report reviewer,0.0|4.2|8.2,https://asimfish.github.io/astra-control-dashboard/media/Can__code__proprio__codex-gpt-6-astra__s0__20260908T152543Z/ep17.mp4,assets/astra/audit/0c3c34b469f24406.jpg,167242,c622f8e029dfec7dc2d0895d486c21917a917e4eee2a61bab1b8f4ea445875f0,256,256,10/1,8.4,84,True
robosuite:20260908T152543Z:ep18,Panda / MuJoCo,Can,robosuite,code/proprio,,v3,False,,agentview,usable_with_limits,no_completion_visible,固定斜前方 agentview；起始托盘与目标分隔箱可见，末端在画面右缘，夹爪与箱沿遮挡接触/释放。,所查帧场景和机械臂可辨识；固定单视角与夹爪遮挡限制接触、深度和释放判断。未据三帧排除帧间闪烁或穿透。,罐体在末帧仍在起始托盘，未见入目标箱；机械臂姿态变化可辨。,sparse_three_frames|not_continuous_visual_review|numerical_success_threshold_not_visually_certified|gripper_bin_occlusion|target_near_right_image_edge,gpt-6-astra independent report reviewer,0.0|10.1|20.0,https://asimfish.github.io/astra-control-dashboard/media/Can__code__proprio__codex-gpt-6-astra__s0__20260908T152543Z/ep18.mp4,assets/astra/audit/a2d747865ec8066f.jpg,327610,37d65be2e0e1ffd513531431349f5d0f206e0bcb9be0f6d5f2bfa33b4c2e40ad,256,256,10/1,20.2,202,True
robosuite:20260908T152543Z:ep19,Panda / MuJoCo,Can,robosuite,code/proprio,,v3,False,,agentview,usable_with_limits,no_completion_visible,固定斜前方 agentview；起始托盘与目标分隔箱可见，末端在画面右缘，夹爪与箱沿遮挡接触/释放。,所查帧场景和机械臂可辨识；固定单视角与夹爪遮挡限制接触、深度和释放判断。未据三帧排除帧间闪烁或穿透。,罐体在末帧仍在起始托盘，未见入目标箱；机械臂姿态变化可辨。,sparse_three_frames|not_continuous_visual_review|numerical_success_threshold_not_visually_certified|gripper_bin_occlusion|target_near_right_image_edge,gpt-6-astra independent report reviewer,0.0|10.1|20.0,https://asimfish.github.io/astra-control-dashboard/media/Can__code__proprio__codex-gpt-6-astra__s0__20260908T152543Z/ep19.mp4,assets/astra/audit/e94b410e70890c71.jpg,329797,d0bed6159707c8538237c9b4a8a3cea55bda63154894af801ad72675e83d88c6,256,256,10/1,20.2,202,True
robosuite:20260907T135833Z:ep00,Panda / MuJoCo,Can,robosuite,delta/proprio,,v2,True,,agentview,usable_with_limits,partial_progress_visible,固定斜前方 agentview；起始托盘与目标分隔箱可见，末端在画面右缘，夹爪与箱沿遮挡接触/释放。,所查帧场景和机械臂可辨识；固定单视角与夹爪遮挡限制接触、深度和释放判断。未据三帧排除帧间闪烁或穿透。,可见罐体被夹爪接近、抓持或转移；三帧不足以确认释放后稳定置入指定隔间。,sparse_three_frames|not_continuous_visual_review|numerical_success_threshold_not_visually_certified|gripper_bin_occlusion|target_near_right_image_edge,gpt-6-astra independent report reviewer,0.0|3.8|7.4,https://asimfish.github.io/astra-control-dashboard/media/Can__delta__proprio__codex-gpt-6-astra__s0__20260907T135833Z/ep00.mp4,assets/astra/audit/977ecfde3ce4dec4.jpg,145249,6d872cae9de73d2afc625206e8ba791aae9d51855dfe67559be3c3f35173289b,256,256,10/1,7.6,76,True
robosuite:20260907T135833Z:ep01,Panda / MuJoCo,Can,robosuite,delta/proprio,,v2,False,,agentview,usable_with_limits,partial_progress_visible,固定斜前方 agentview；起始托盘与目标分隔箱可见，末端在画面右缘，夹爪与箱沿遮挡接触/释放。,所查帧场景和机械臂可辨识；固定单视角与夹爪遮挡限制接触、深度和释放判断。未据三帧排除帧间闪烁或穿透。,罐体被搬到最右侧箱区/画面边缘，末帧仍贴近夹爪，正确隔间与释放不明。,sparse_three_frames|not_continuous_visual_review|numerical_success_threshold_not_visually_certified|gripper_bin_occlusion|target_near_right_image_edge,gpt-6-astra independent report reviewer,0.0|5.1|10.0,https://asimfish.github.io/astra-control-dashboard/media/Can__delta__proprio__codex-gpt-6-astra__s0__20260907T135833Z/ep01.mp4,assets/astra/audit/d8843940066a2633.jpg,184170,0d567f0629abd1b01332aa254e8ff066e2e3156c67d3ee3c8fbe4fb6aae2bb00,256,256,10/1,10.2,102,True
robosuite:20260907T135833Z:ep02,Panda / MuJoCo,Can,robosuite,delta/proprio,,v2,True,,agentview,usable_with_limits,partial_progress_visible,固定斜前方 agentview；起始托盘与目标分隔箱可见，末端在画面右缘，夹爪与箱沿遮挡接触/释放。,所查帧场景和机械臂可辨识；固定单视角与夹爪遮挡限制接触、深度和释放判断。未据三帧排除帧间闪烁或穿透。,可见罐体被夹爪接近、抓持或转移；三帧不足以确认释放后稳定置入指定隔间。,sparse_three_frames|not_continuous_visual_review|numerical_success_threshold_not_visually_certified|gripper_bin_occlusion|target_near_right_image_edge,gpt-6-astra independent report reviewer,0.0|3.8|7.4,https://asimfish.github.io/astra-control-dashboard/media/Can__delta__proprio__codex-gpt-6-astra__s0__20260907T135833Z/ep02.mp4,assets/astra/audit/a042a8e554fd00a3.jpg,161182,c4d035acbf1f7a57cbf40f886b228d545defd323bab41c1cb8e3272b0040069c,256,256,10/1,7.6,76,True
robosuite:20260907T135833Z:ep03,Panda / MuJoCo,Can,robosuite,delta/proprio,,v2,True,,agentview,usable_with_limits,partial_progress_visible,固定斜前方 agentview；起始托盘与目标分隔箱可见，末端在画面右缘，夹爪与箱沿遮挡接触/释放。,所查帧场景和机械臂可辨识；固定单视角与夹爪遮挡限制接触、深度和释放判断。未据三帧排除帧间闪烁或穿透。,可见罐体被夹爪接近、抓持或转移；三帧不足以确认释放后稳定置入指定隔间。,sparse_three_frames|not_continuous_visual_review|numerical_success_threshold_not_visually_certified|gripper_bin_occlusion|target_near_right_image_edge,gpt-6-astra independent report reviewer,0.0|4.0|7.8,https://asimfish.github.io/astra-control-dashboard/media/Can__delta__proprio__codex-gpt-6-astra__s0__20260907T135833Z/ep03.mp4,assets/astra/audit/8e4c1f3121154b2c.jpg,168156,435a27e47320ba67aa14ed94d3dfd91fc62a3ab7e6e0c7ac3135c25d4b5b9856,256,256,10/1,8.0,80,True
robosuite:20260907T135833Z:ep04,Panda / MuJoCo,Can,robosuite,delta/proprio,,v2,True,,agentview,usable_with_limits,partial_progress_visible,固定斜前方 agentview；起始托盘与目标分隔箱可见，末端在画面右缘，夹爪与箱沿遮挡接触/释放。,所查帧场景和机械臂可辨识；固定单视角与夹爪遮挡限制接触、深度和释放判断。未据三帧排除帧间闪烁或穿透。,可见罐体被夹爪接近、抓持或转移；三帧不足以确认释放后稳定置入指定隔间。,sparse_three_frames|not_continuous_visual_review|numerical_success_threshold_not_visually_certified|gripper_bin_occlusion|target_near_right_image_edge,gpt-6-astra independent report reviewer,0.0|3.3|6.4,https://asimfish.github.io/astra-control-dashboard/media/Can__delta__proprio__codex-gpt-6-astra__s0__20260907T135833Z/ep04.mp4,assets/astra/audit/255bb1b2b14e7ba6.jpg,126870,69c66ebf4f7ac9d53bc6226a157b2bd31c810eefd0479657c5c13cf4f28fd41f,256,256,10/1,6.6,66,True
robosuite:20260908T135533Z:ep00,Panda / MuJoCo,Can,robosuite,delta/proprio,,v3,True,,agentview,usable_with_limits,partial_progress_visible,固定斜前方 agentview；起始托盘与目标分隔箱可见，末端在画面右缘，夹爪与箱沿遮挡接触/释放。,所查帧场景和机械臂可辨识；固定单视角与夹爪遮挡限制接触、深度和释放判断。未据三帧排除帧间闪烁或穿透。,可见罐体被夹爪接近、抓持或转移；三帧不足以确认释放后稳定置入指定隔间。,sparse_three_frames|not_continuous_visual_review|numerical_success_threshold_not_visually_certified|gripper_bin_occlusion|target_near_right_image_edge,gpt-6-astra independent report reviewer,0.0|3.4|6.7,https://asimfish.github.io/astra-control-dashboard/media/Can__delta__proprio__codex-gpt-6-astra__s0__20260908T135533Z/ep00.mp4,assets/astra/audit/303d609dcb4552c4.jpg,140307,31c5e7437e5b1c28ee8a8d5acc74ad0631fc284ad2f6cc5c953228eaf3b302a8,256,256,10/1,6.9,69,True
robosuite:20260908T135533Z:ep01,Panda / MuJoCo,Can,robosuite,delta/proprio,,v3,True,,agentview,usable_with_limits,partial_progress_visible,固定斜前方 agentview；起始托盘与目标分隔箱可见，末端在画面右缘，夹爪与箱沿遮挡接触/释放。,所查帧场景和机械臂可辨识；固定单视角与夹爪遮挡限制接触、深度和释放判断。未据三帧排除帧间闪烁或穿透。,可见罐体被夹爪接近、抓持或转移；三帧不足以确认释放后稳定置入指定隔间。,sparse_three_frames|not_continuous_visual_review|numerical_success_threshold_not_visually_certified|gripper_bin_occlusion|target_near_right_image_edge,gpt-6-astra independent report reviewer,0.0|4.8|9.4,https://asimfish.github.io/astra-control-dashboard/media/Can__delta__proprio__codex-gpt-6-astra__s0__20260908T135533Z/ep01.mp4,assets/astra/audit/deaba19cd8805b6f.jpg,206746,d700336adb2dc9225f924cf09d3f078073bf595cfd480892a5370bf9b4a6bc23,256,256,10/1,9.6,96,True
robosuite:20260908T135533Z:ep02,Panda / MuJoCo,Can,robosuite,delta/proprio,,v3,True,,agentview,usable_with_limits,partial_progress_visible,固定斜前方 agentview；起始托盘与目标分隔箱可见，末端在画面右缘，夹爪与箱沿遮挡接触/释放。,所查帧场景和机械臂可辨识；固定单视角与夹爪遮挡限制接触、深度和释放判断。未据三帧排除帧间闪烁或穿透。,可见罐体被夹爪接近、抓持或转移；三帧不足以确认释放后稳定置入指定隔间。,sparse_three_frames|not_continuous_visual_review|numerical_success_threshold_not_visually_certified|gripper_bin_occlusion|target_near_right_image_edge,gpt-6-astra independent report reviewer,0.0|4.7|9.3,https://asimfish.github.io/astra-control-dashboard/media/Can__delta__proprio__codex-gpt-6-astra__s0__20260908T135533Z/ep02.mp4,assets/astra/audit/0e3b7d375b5dd5e1.jpg,176553,fbfe6a5e0e6af9507b88ac3870df7e283d166882d2f270bd1de636da31665d11,256,256,10/1,9.5,95,True
robosuite:20260908T135533Z:ep03,Panda / MuJoCo,Can,robosuite,delta/proprio,,v3,True,,agentview,usable_with_limits,partial_progress_visible,固定斜前方 agentview；起始托盘与目标分隔箱可见，末端在画面右缘，夹爪与箱沿遮挡接触/释放。,所查帧场景和机械臂可辨识；固定单视角与夹爪遮挡限制接触、深度和释放判断。未据三帧排除帧间闪烁或穿透。,可见罐体被夹爪接近、抓持或转移；三帧不足以确认释放后稳定置入指定隔间。,sparse_three_frames|not_continuous_visual_review|numerical_success_threshold_not_visually_certified|gripper_bin_occlusion|target_near_right_image_edge,gpt-6-astra independent report reviewer,0.0|3.8|7.4,https://asimfish.github.io/astra-control-dashboard/media/Can__delta__proprio__codex-gpt-6-astra__s0__20260908T135533Z/ep03.mp4,assets/astra/audit/aed9a8d8b022d0c1.jpg,157000,2d130b72e72ecc78ed9f6db7b6b978c55407a2655bc1109b9b8dab8001bfadfd,256,256,10/1,7.6,76,True
robosuite:20260908T135533Z:ep04,Panda / MuJoCo,Can,robosuite,delta/proprio,,v3,True,,agentview,usable_with_limits,partial_progress_visible,固定斜前方 agentview；起始托盘与目标分隔箱可见，末端在画面右缘，夹爪与箱沿遮挡接触/释放。,所查帧场景和机械臂可辨识；固定单视角与夹爪遮挡限制接触、深度和释放判断。未据三帧排除帧间闪烁或穿透。,可见罐体被夹爪接近、抓持或转移；三帧不足以确认释放后稳定置入指定隔间。,sparse_three_frames|not_continuous_visual_review|numerical_success_threshold_not_visually_certified|gripper_bin_occlusion|target_near_right_image_edge,gpt-6-astra independent report reviewer,0.0|3.8|7.4,https://asimfish.github.io/astra-control-dashboard/media/Can__delta__proprio__codex-gpt-6-astra__s0__20260908T135533Z/ep04.mp4,assets/astra/audit/a9485f198b63d405.jpg,150633,fabe08fbeb6ce9e40dacff5ec59df11c932a37fae42f570547e60a1bb6f0eb81,256,256,10/1,7.6,76,True
robosuite:20260908T135533Z:ep05,Panda / MuJoCo,Can,robosuite,delta/proprio,,v3,False,,agentview,usable_with_limits,no_completion_visible,固定斜前方 agentview；起始托盘与目标分隔箱可见，末端在画面右缘，夹爪与箱沿遮挡接触/释放。,所查帧场景和机械臂可辨识；固定单视角与夹爪遮挡限制接触、深度和释放判断。未据三帧排除帧间闪烁或穿透。,罐体在末帧仍在起始托盘，未见入目标箱；机械臂姿态变化可辨。,sparse_three_frames|not_continuous_visual_review|numerical_success_threshold_not_visually_certified|gripper_bin_occlusion|target_near_right_image_edge,gpt-6-astra independent report reviewer,0.0|5.1|10.0,https://asimfish.github.io/astra-control-dashboard/media/Can__delta__proprio__codex-gpt-6-astra__s0__20260908T135533Z/ep05.mp4,assets/astra/audit/8d3feca00c8d180e.jpg,179844,d09a88cb9ea902d883bb75f39e7a88434274cbfef3d12682833e66e567be0bae,256,256,10/1,10.2,102,True
robosuite:20260908T135533Z:ep06,Panda / MuJoCo,Can,robosuite,delta/proprio,,v3,True,,agentview,usable_with_limits,partial_progress_visible,固定斜前方 agentview；起始托盘与目标分隔箱可见，末端在画面右缘，夹爪与箱沿遮挡接触/释放。,所查帧场景和机械臂可辨识；固定单视角与夹爪遮挡限制接触、深度和释放判断。未据三帧排除帧间闪烁或穿透。,可见罐体被夹爪接近、抓持或转移；三帧不足以确认释放后稳定置入指定隔间。,sparse_three_frames|not_continuous_visual_review|numerical_success_threshold_not_visually_certified|gripper_bin_occlusion|target_near_right_image_edge,gpt-6-astra independent report reviewer,0.0|3.5|6.8,https://asimfish.github.io/astra-control-dashboard/media/Can__delta__proprio__codex-gpt-6-astra__s0__20260908T135533Z/ep06.mp4,assets/astra/audit/a578c35ac2b3c4d4.jpg,141646,179a2d6b1b6d3629304556b35aa31f2797674314b977d198b623bfeba0b579af,256,256,10/1,7.0,70,True
robosuite:20260908T135533Z:ep07,Panda / MuJoCo,Can,robosuite,delta/proprio,,v3,True,,agentview,usable_with_limits,partial_progress_visible,固定斜前方 agentview；起始托盘与目标分隔箱可见，末端在画面右缘，夹爪与箱沿遮挡接触/释放。,所查帧场景和机械臂可辨识；固定单视角与夹爪遮挡限制接触、深度和释放判断。未据三帧排除帧间闪烁或穿透。,可见罐体被夹爪接近、抓持或转移；三帧不足以确认释放后稳定置入指定隔间。,sparse_three_frames|not_continuous_visual_review|numerical_success_threshold_not_visually_certified|gripper_bin_occlusion|target_near_right_image_edge,gpt-6-astra independent report reviewer,0.0|4.0|7.9,https://asimfish.github.io/astra-control-dashboard/media/Can__delta__proprio__codex-gpt-6-astra__s0__20260908T135533Z/ep07.mp4,assets/astra/audit/f416984e302b7fd3.jpg,145079,ca78829ab72d4b4bbeaeb879f5426beb3fa60d415da940e352c5d0892daa94f4,256,256,10/1,8.1,81,True
robosuite:20260908T135533Z:ep08,Panda / MuJoCo,Can,robosuite,delta/proprio,,v3,True,,agentview,usable_with_limits,partial_progress_visible,固定斜前方 agentview；起始托盘与目标分隔箱可见，末端在画面右缘，夹爪与箱沿遮挡接触/释放。,所查帧场景和机械臂可辨识；固定单视角与夹爪遮挡限制接触、深度和释放判断。未据三帧排除帧间闪烁或穿透。,可见罐体被夹爪接近、抓持或转移；三帧不足以确认释放后稳定置入指定隔间。,sparse_three_frames|not_continuous_visual_review|numerical_success_threshold_not_visually_certified|gripper_bin_occlusion|target_near_right_image_edge,gpt-6-astra independent report reviewer,0.0|4.8|9.4,https://asimfish.github.io/astra-control-dashboard/media/Can__delta__proprio__codex-gpt-6-astra__s0__20260908T135533Z/ep08.mp4,assets/astra/audit/35ffe1e2b100e646.jpg,174350,fc7111c15aee7e9954f91cb9a1bd917e4bfe7246e5b833a94a053265048a28f1,256,256,10/1,9.6,96,True
robosuite:20260908T135533Z:ep09,Panda / MuJoCo,Can,robosuite,delta/proprio,,v3,True,,agentview,usable_with_limits,partial_progress_visible,固定斜前方 agentview；起始托盘与目标分隔箱可见，末端在画面右缘，夹爪与箱沿遮挡接触/释放。,所查帧场景和机械臂可辨识；固定单视角与夹爪遮挡限制接触、深度和释放判断。未据三帧排除帧间闪烁或穿透。,可见罐体被夹爪接近、抓持或转移；三帧不足以确认释放后稳定置入指定隔间。,sparse_three_frames|not_continuous_visual_review|numerical_success_threshold_not_visually_certified|gripper_bin_occlusion|target_near_right_image_edge,gpt-6-astra independent report reviewer,0.0|3.3|6.4,https://asimfish.github.io/astra-control-dashboard/media/Can__delta__proprio__codex-gpt-6-astra__s0__20260908T135533Z/ep09.mp4,assets/astra/audit/c39f1b32543ff3d2.jpg,132695,ed3160cff9a48fc35c0469336820991f8ca39f324bdbda47ea89d7ddc9ec97c6,256,256,10/1,6.6,66,True
robosuite:20260908T135533Z:ep10,Panda / MuJoCo,Can,robosuite,delta/proprio,,v3,True,,agentview,usable_with_limits,partial_progress_visible,固定斜前方 agentview；起始托盘与目标分隔箱可见，末端在画面右缘，夹爪与箱沿遮挡接触/释放。,所查帧场景和机械臂可辨识；固定单视角与夹爪遮挡限制接触、深度和释放判断。未据三帧排除帧间闪烁或穿透。,可见罐体被夹爪接近、抓持或转移；三帧不足以确认释放后稳定置入指定隔间。,sparse_three_frames|not_continuous_visual_review|numerical_success_threshold_not_visually_certified|gripper_bin_occlusion|target_near_right_image_edge,gpt-6-astra independent report reviewer,0.0|4.8|9.4,https://asimfish.github.io/astra-control-dashboard/media/Can__delta__proprio__codex-gpt-6-astra__s0__20260908T135533Z/ep10.mp4,assets/astra/audit/05505ad1ed3dad42.jpg,193401,47f3fbf48eb80be36b051cfecf14198f94bb980416616b48265bac8d59e90af0,256,256,10/1,9.6,96,True
robosuite:20260908T135533Z:ep11,Panda / MuJoCo,Can,robosuite,delta/proprio,,v3,True,,agentview,usable_with_limits,partial_progress_visible,固定斜前方 agentview；起始托盘与目标分隔箱可见，末端在画面右缘，夹爪与箱沿遮挡接触/释放。,所查帧场景和机械臂可辨识；固定单视角与夹爪遮挡限制接触、深度和释放判断。未据三帧排除帧间闪烁或穿透。,可见罐体被夹爪接近、抓持或转移；三帧不足以确认释放后稳定置入指定隔间。,sparse_three_frames|not_continuous_visual_review|numerical_success_threshold_not_visually_certified|gripper_bin_occlusion|target_near_right_image_edge,gpt-6-astra independent report reviewer,0.0|3.3|6.5,https://asimfish.github.io/astra-control-dashboard/media/Can__delta__proprio__codex-gpt-6-astra__s0__20260908T135533Z/ep11.mp4,assets/astra/audit/55e71461b5393172.jpg,141574,3a019e39a855d5e9ba2d45b42e597a5884e3010714d95f47ac73f4a0860e112a,256,256,10/1,6.7,67,True
robosuite:20260908T135533Z:ep12,Panda / MuJoCo,Can,robosuite,delta/proprio,,v3,True,,agentview,usable_with_limits,partial_progress_visible,固定斜前方 agentview；起始托盘与目标分隔箱可见，末端在画面右缘，夹爪与箱沿遮挡接触/释放。,所查帧场景和机械臂可辨识；固定单视角与夹爪遮挡限制接触、深度和释放判断。未据三帧排除帧间闪烁或穿透。,可见罐体被夹爪接近、抓持或转移；三帧不足以确认释放后稳定置入指定隔间。,sparse_three_frames|not_continuous_visual_review|numerical_success_threshold_not_visually_certified|gripper_bin_occlusion|target_near_right_image_edge,gpt-6-astra independent report reviewer,0.0|3.8|7.4,https://asimfish.github.io/astra-control-dashboard/media/Can__delta__proprio__codex-gpt-6-astra__s0__20260908T135533Z/ep12.mp4,assets/astra/audit/af94229e8cf9a4ce.jpg,162725,09743174b068b061cb19c462e146d083cefd676f0b0627d9c41364f007c56e9a,256,256,10/1,7.6,76,True
robosuite:20260908T135533Z:ep13,Panda / MuJoCo,Can,robosuite,delta/proprio,,v3,True,,agentview,usable_with_limits,partial_progress_visible,固定斜前方 agentview；起始托盘与目标分隔箱可见，末端在画面右缘，夹爪与箱沿遮挡接触/释放。,所查帧场景和机械臂可辨识；固定单视角与夹爪遮挡限制接触、深度和释放判断。未据三帧排除帧间闪烁或穿透。,可见罐体被夹爪接近、抓持或转移；三帧不足以确认释放后稳定置入指定隔间。,sparse_three_frames|not_continuous_visual_review|numerical_success_threshold_not_visually_certified|gripper_bin_occlusion|target_near_right_image_edge,gpt-6-astra independent report reviewer,0.0|3.7|7.3,https://asimfish.github.io/astra-control-dashboard/media/Can__delta__proprio__codex-gpt-6-astra__s0__20260908T135533Z/ep13.mp4,assets/astra/audit/936a34fa0ecdbb0d.jpg,131227,6829d8df2dd847a69900bd6262d3ea78d3f6a748d228ec644d6b41b0ccd1f11d,256,256,10/1,7.5,75,True
robosuite:20260908T135533Z:ep14,Panda / MuJoCo,Can,robosuite,delta/proprio,,v3,True,,agentview,usable_with_limits,partial_progress_visible,固定斜前方 agentview；起始托盘与目标分隔箱可见，末端在画面右缘，夹爪与箱沿遮挡接触/释放。,所查帧场景和机械臂可辨识；固定单视角与夹爪遮挡限制接触、深度和释放判断。未据三帧排除帧间闪烁或穿透。,可见罐体被夹爪接近、抓持或转移；三帧不足以确认释放后稳定置入指定隔间。,sparse_three_frames|not_continuous_visual_review|numerical_success_threshold_not_visually_certified|gripper_bin_occlusion|target_near_right_image_edge,gpt-6-astra independent report reviewer,0.0|3.9|7.7,https://asimfish.github.io/astra-control-dashboard/media/Can__delta__proprio__codex-gpt-6-astra__s0__20260908T135533Z/ep14.mp4,assets/astra/audit/691dff1147a6068b.jpg,151603,fe147d05a855b157ff6187aa70e475796675d801a3ffacace29759d533160d93,256,256,10/1,7.9,79,True
robosuite:20260908T135533Z:ep15,Panda / MuJoCo,Can,robosuite,delta/proprio,,v3,True,,agentview,usable_with_limits,partial_progress_visible,固定斜前方 agentview；起始托盘与目标分隔箱可见，末端在画面右缘，夹爪与箱沿遮挡接触/释放。,所查帧场景和机械臂可辨识；固定单视角与夹爪遮挡限制接触、深度和释放判断。未据三帧排除帧间闪烁或穿透。,可见罐体被夹爪接近、抓持或转移；三帧不足以确认释放后稳定置入指定隔间。,sparse_three_frames|not_continuous_visual_review|numerical_success_threshold_not_visually_certified|gripper_bin_occlusion|target_near_right_image_edge,gpt-6-astra independent report reviewer,0.0|4.5|8.8,https://asimfish.github.io/astra-control-dashboard/media/Can__delta__proprio__codex-gpt-6-astra__s0__20260908T135533Z/ep15.mp4,assets/astra/audit/5fefe6415621cde7.jpg,161128,61c4d0ff35a7dff7c38018880ff58bd4a1543679359ba3e908263473829c9b05,256,256,10/1,9.0,90,True
robosuite:20260908T135533Z:ep16,Panda / MuJoCo,Can,robosuite,delta/proprio,,v3,False,,agentview,usable_with_limits,partial_progress_visible,固定斜前方 agentview；起始托盘与目标分隔箱可见，末端在画面右缘，夹爪与箱沿遮挡接触/释放。,所查帧场景和机械臂可辨识；固定单视角与夹爪遮挡限制接触、深度和释放判断。未据三帧排除帧间闪烁或穿透。,罐体已离开起始托盘，末帧横卧在分隔箱靠左前部；可见搬运，但未见在常见右侧目标区完成。,sparse_three_frames|not_continuous_visual_review|numerical_success_threshold_not_visually_certified|gripper_bin_occlusion|target_near_right_image_edge,gpt-6-astra independent report reviewer,0.0|5.1|10.0,https://asimfish.github.io/astra-control-dashboard/media/Can__delta__proprio__codex-gpt-6-astra__s0__20260908T135533Z/ep16.mp4,assets/astra/audit/9c3201ab11897d13.jpg,182880,9da6ad8b8e03c6cc85e94ccd2a6852cd576fe92ab84e37010e4900c3c016c8ae,256,256,10/1,10.2,102,True
robosuite:20260908T135533Z:ep17,Panda / MuJoCo,Can,robosuite,delta/proprio,,v3,True,,agentview,usable_with_limits,partial_progress_visible,固定斜前方 agentview；起始托盘与目标分隔箱可见，末端在画面右缘，夹爪与箱沿遮挡接触/释放。,所查帧场景和机械臂可辨识；固定单视角与夹爪遮挡限制接触、深度和释放判断。未据三帧排除帧间闪烁或穿透。,可见罐体被夹爪接近、抓持或转移；三帧不足以确认释放后稳定置入指定隔间。,sparse_three_frames|not_continuous_visual_review|numerical_success_threshold_not_visually_certified|gripper_bin_occlusion|target_near_right_image_edge,gpt-6-astra independent report reviewer,0.0|3.8|7.4,https://asimfish.github.io/astra-control-dashboard/media/Can__delta__proprio__codex-gpt-6-astra__s0__20260908T135533Z/ep17.mp4,assets/astra/audit/a85f3ee890f1a483.jpg,151526,a88cc0f89606cf143997ad5d8431c1da40542a86ab87312a7e46cc1e85809d7f,256,256,10/1,7.6,76,True
robosuite:20260908T135533Z:ep18,Panda / MuJoCo,Can,robosuite,delta/proprio,,v3,True,,agentview,usable_with_limits,partial_progress_visible,固定斜前方 agentview；起始托盘与目标分隔箱可见，末端在画面右缘，夹爪与箱沿遮挡接触/释放。,所查帧场景和机械臂可辨识；固定单视角与夹爪遮挡限制接触、深度和释放判断。未据三帧排除帧间闪烁或穿透。,可见罐体被夹爪接近、抓持或转移；三帧不足以确认释放后稳定置入指定隔间。,sparse_three_frames|not_continuous_visual_review|numerical_success_threshold_not_visually_certified|gripper_bin_occlusion|target_near_right_image_edge,gpt-6-astra independent report reviewer,0.0|4.2|8.3,https://asimfish.github.io/astra-control-dashboard/media/Can__delta__proprio__codex-gpt-6-astra__s0__20260908T135533Z/ep18.mp4,assets/astra/audit/5a0f7a40d94033cb.jpg,170252,379c9cb9727db3c36ffbf0382f05cacedd776cb0a9a1cfdfe35e2b1f2eac4db3,256,256,10/1,8.5,85,True
robosuite:20260908T135533Z:ep19,Panda / MuJoCo,Can,robosuite,delta/proprio,,v3,True,,agentview,usable_with_limits,partial_progress_visible,固定斜前方 agentview；起始托盘与目标分隔箱可见，末端在画面右缘，夹爪与箱沿遮挡接触/释放。,所查帧场景和机械臂可辨识；固定单视角与夹爪遮挡限制接触、深度和释放判断。未据三帧排除帧间闪烁或穿透。,可见罐体被夹爪接近、抓持或转移；三帧不足以确认释放后稳定置入指定隔间。,sparse_three_frames|not_continuous_visual_review|numerical_success_threshold_not_visually_certified|gripper_bin_occlusion|target_near_right_image_edge,gpt-6-astra independent report reviewer,0.0|3.8|7.4,https://asimfish.github.io/astra-control-dashboard/media/Can__delta__proprio__codex-gpt-6-astra__s0__20260908T135533Z/ep19.mp4,assets/astra/audit/65e4cb07ef251538.jpg,156354,dff618759c022013971920d37558015ca33833d837188ca52dd9c5b610b8fcf0,256,256,10/1,7.6,76,True
robosuite:20260907T120006Z:ep00,Panda / MuJoCo,Can,robosuite,waypoint/none,,v2,True,,agentview,usable_with_limits,partial_progress_visible,固定斜前方 agentview；起始托盘与目标分隔箱可见，末端在画面右缘，夹爪与箱沿遮挡接触/释放。,所查帧场景和机械臂可辨识；固定单视角与夹爪遮挡限制接触、深度和释放判断。未据三帧排除帧间闪烁或穿透。,可见罐体被夹爪接近、抓持或转移；三帧不足以确认释放后稳定置入指定隔间。,sparse_three_frames|not_continuous_visual_review|numerical_success_threshold_not_visually_certified|gripper_bin_occlusion|target_near_right_image_edge,gpt-6-astra independent report reviewer,0.0|5.3|10.5,https://asimfish.github.io/astra-control-dashboard/media/Can__waypoint__none__codex-gpt-6-astra__s0__20260907T120006Z/ep00.mp4,assets/astra/audit/1d4c5ca82199ade5.jpg,201522,08e791a0dfdec5759984506415e514bb3fcb2c93b16299b0da008fb1819f1b18,256,256,10/1,10.7,107,True
robosuite:20260907T120006Z:ep01,Panda / MuJoCo,Can,robosuite,waypoint/none,,v2,False,,agentview,usable_with_limits,partial_progress_visible,固定斜前方 agentview；起始托盘与目标分隔箱可见，末端在画面右缘，夹爪与箱沿遮挡接触/释放。,所查帧场景和机械臂可辨识；固定单视角与夹爪遮挡限制接触、深度和释放判断。未据三帧排除帧间闪烁或穿透。,罐体横卧在目标箱左前隔间，中末帧都在该处；可见搬运但不确认指定隔间任务成功。,sparse_three_frames|not_continuous_visual_review|numerical_success_threshold_not_visually_certified|gripper_bin_occlusion|target_near_right_image_edge,gpt-6-astra independent report reviewer,0.0|10.1|20.0,https://asimfish.github.io/astra-control-dashboard/media/Can__waypoint__none__codex-gpt-6-astra__s0__20260907T120006Z/ep01.mp4,assets/astra/audit/ef1e47e76c9f4b3a.jpg,342799,41743690daf0bbd508c1ebc1a6256eed219c314ff5d877f185e0964ccc5b4ce7,256,256,10/1,20.2,202,True
robosuite:20260907T120006Z:ep02,Panda / MuJoCo,Can,robosuite,waypoint/none,,v2,True,,agentview,usable_with_limits,partial_progress_visible,固定斜前方 agentview；起始托盘与目标分隔箱可见，末端在画面右缘，夹爪与箱沿遮挡接触/释放。,所查帧场景和机械臂可辨识；固定单视角与夹爪遮挡限制接触、深度和释放判断。未据三帧排除帧间闪烁或穿透。,可见罐体被夹爪接近、抓持或转移；三帧不足以确认释放后稳定置入指定隔间。,sparse_three_frames|not_continuous_visual_review|numerical_success_threshold_not_visually_certified|gripper_bin_occlusion|target_near_right_image_edge,gpt-6-astra independent report reviewer,0.0|4.1|8.0,https://asimfish.github.io/astra-control-dashboard/media/Can__waypoint__none__codex-gpt-6-astra__s0__20260907T120006Z/ep02.mp4,assets/astra/audit/ebfc67295fbff1ab.jpg,174133,1aa2c22f8ae1357360e900361d9f2d162eab27d01da39f0ca3df6590e3e9e374,256,256,10/1,8.2,82,True
robosuite:20260907T120006Z:ep03,Panda / MuJoCo,Can,robosuite,waypoint/none,,v2,True,,agentview,usable_with_limits,partial_progress_visible,固定斜前方 agentview；起始托盘与目标分隔箱可见，末端在画面右缘，夹爪与箱沿遮挡接触/释放。,所查帧场景和机械臂可辨识；固定单视角与夹爪遮挡限制接触、深度和释放判断。未据三帧排除帧间闪烁或穿透。,可见罐体被夹爪接近、抓持或转移；三帧不足以确认释放后稳定置入指定隔间。,sparse_three_frames|not_continuous_visual_review|numerical_success_threshold_not_visually_certified|gripper_bin_occlusion|target_near_right_image_edge,gpt-6-astra independent report reviewer,0.0|4.6|9.0,https://asimfish.github.io/astra-control-dashboard/media/Can__waypoint__none__codex-gpt-6-astra__s0__20260907T120006Z/ep03.mp4,assets/astra/audit/5727f2c695b6d6b8.jpg,195834,843c375baf94f94cf9bc64148d5034a58dce83cf23c70c0a588125bb49693cda,256,256,10/1,9.2,92,True
robosuite:20260907T120006Z:ep04,Panda / MuJoCo,Can,robosuite,waypoint/none,,v2,True,,agentview,usable_with_limits,partial_progress_visible,固定斜前方 agentview；起始托盘与目标分隔箱可见，末端在画面右缘，夹爪与箱沿遮挡接触/释放。,所查帧场景和机械臂可辨识；固定单视角与夹爪遮挡限制接触、深度和释放判断。未据三帧排除帧间闪烁或穿透。,可见罐体被夹爪接近、抓持或转移；三帧不足以确认释放后稳定置入指定隔间。,sparse_three_frames|not_continuous_visual_review|numerical_success_threshold_not_visually_certified|gripper_bin_occlusion|target_near_right_image_edge,gpt-6-astra independent report reviewer,0.0|10.0|19.8,https://asimfish.github.io/astra-control-dashboard/media/Can__waypoint__none__codex-gpt-6-astra__s0__20260907T120006Z/ep04.mp4,assets/astra/audit/705de025fd228961.jpg,335214,0a5d92a34310c803c998734baa5a7892eefed44241ae49d4b72930e5a7e9408e,256,256,10/1,20.0,200,True
robosuite:20260908T132033Z:ep00,Panda / MuJoCo,Can,robosuite,waypoint/none,,v3,True,,agentview,usable_with_limits,partial_progress_visible,固定斜前方 agentview；起始托盘与目标分隔箱可见，末端在画面右缘，夹爪与箱沿遮挡接触/释放。,所查帧场景和机械臂可辨识；固定单视角与夹爪遮挡限制接触、深度和释放判断。未据三帧排除帧间闪烁或穿透。,可见罐体被夹爪接近、抓持或转移；三帧不足以确认释放后稳定置入指定隔间。,sparse_three_frames|not_continuous_visual_review|numerical_success_threshold_not_visually_certified|gripper_bin_occlusion|target_near_right_image_edge,gpt-6-astra independent report reviewer,0.0|5.6|11.0,https://asimfish.github.io/astra-control-dashboard/media/Can__waypoint__none__codex-gpt-6-astra__s0__20260908T132033Z/ep00.mp4,assets/astra/audit/2d42615e94b88b68.jpg,214735,eb9df1c02f25ed135b392e010d6fabf7f951182894bc9f792873a5f4cce1d446,256,256,10/1,11.2,112,True
robosuite:20260908T132033Z:ep01,Panda / MuJoCo,Can,robosuite,waypoint/none,,v3,True,,agentview,usable_with_limits,partial_progress_visible,固定斜前方 agentview；起始托盘与目标分隔箱可见，末端在画面右缘，夹爪与箱沿遮挡接触/释放。,所查帧场景和机械臂可辨识；固定单视角与夹爪遮挡限制接触、深度和释放判断。未据三帧排除帧间闪烁或穿透。,可见罐体被夹爪接近、抓持或转移；三帧不足以确认释放后稳定置入指定隔间。,sparse_three_frames|not_continuous_visual_review|numerical_success_threshold_not_visually_certified|gripper_bin_occlusion|target_near_right_image_edge,gpt-6-astra independent report reviewer,0.0|7.9|15.6,https://asimfish.github.io/astra-control-dashboard/media/Can__waypoint__none__codex-gpt-6-astra__s0__20260908T132033Z/ep01.mp4,assets/astra/audit/bfe187dc341786a5.jpg,290981,3168fbd2d427f7345abb8001da4e77ade2f5c691791a3aa5fb5ad6dbf24f95ce,256,256,10/1,15.8,158,True
robosuite:20260908T132033Z:ep02,Panda / MuJoCo,Can,robosuite,waypoint/none,,v3,True,,agentview,usable_with_limits,partial_progress_visible,固定斜前方 agentview；起始托盘与目标分隔箱可见，末端在画面右缘，夹爪与箱沿遮挡接触/释放。,所查帧场景和机械臂可辨识；固定单视角与夹爪遮挡限制接触、深度和释放判断。未据三帧排除帧间闪烁或穿透。,可见罐体被夹爪接近、抓持或转移；三帧不足以确认释放后稳定置入指定隔间。,sparse_three_frames|not_continuous_visual_review|numerical_success_threshold_not_visually_certified|gripper_bin_occlusion|target_near_right_image_edge,gpt-6-astra independent report reviewer,0.0|3.2|6.3,https://asimfish.github.io/astra-control-dashboard/media/Can__waypoint__none__codex-gpt-6-astra__s0__20260908T132033Z/ep02.mp4,assets/astra/audit/20806e41581fbe3b.jpg,130373,da915cafc683c97df0694d6888d48883d4fa6b47b68d8ce19b8cfc3af63458ea,256,256,10/1,6.5,65,True
robosuite:20260908T132033Z:ep03,Panda / MuJoCo,Can,robosuite,waypoint/none,,v3,True,,agentview,usable_with_limits,partial_progress_visible,固定斜前方 agentview；起始托盘与目标分隔箱可见，末端在画面右缘，夹爪与箱沿遮挡接触/释放。,所查帧场景和机械臂可辨识；固定单视角与夹爪遮挡限制接触、深度和释放判断。未据三帧排除帧间闪烁或穿透。,可见罐体被夹爪接近、抓持或转移；三帧不足以确认释放后稳定置入指定隔间。,sparse_three_frames|not_continuous_visual_review|numerical_success_threshold_not_visually_certified|gripper_bin_occlusion|target_near_right_image_edge,gpt-6-astra independent report reviewer,0.0|9.0|17.8,https://asimfish.github.io/astra-control-dashboard/media/Can__waypoint__none__codex-gpt-6-astra__s0__20260908T132033Z/ep03.mp4,assets/astra/audit/79730067ce8f70b5.jpg,253249,fd713f58c5c9cf6a8a5612dd08e57511fafa925aae936c34315fa4337d316561,256,256,10/1,18.0,180,True
robosuite:20260908T132033Z:ep04,Panda / MuJoCo,Can,robosuite,waypoint/none,,v3,True,,agentview,usable_with_limits,partial_progress_visible,固定斜前方 agentview；起始托盘与目标分隔箱可见，末端在画面右缘，夹爪与箱沿遮挡接触/释放。,所查帧场景和机械臂可辨识；固定单视角与夹爪遮挡限制接触、深度和释放判断。未据三帧排除帧间闪烁或穿透。,可见罐体被夹爪接近、抓持或转移；三帧不足以确认释放后稳定置入指定隔间。,sparse_three_frames|not_continuous_visual_review|numerical_success_threshold_not_visually_certified|gripper_bin_occlusion|target_near_right_image_edge,gpt-6-astra independent report reviewer,0.0|4.9|9.7,https://asimfish.github.io/astra-control-dashboard/media/Can__waypoint__none__codex-gpt-6-astra__s0__20260908T132033Z/ep04.mp4,assets/astra/audit/9bd42e2111c7c96f.jpg,186651,d993d4ea3e51555c90f68482a69bd4bd543b72156c96cb2fab68e2b6c69199da,256,256,10/1,9.9,99,True
robosuite:20260908T132033Z:ep05,Panda / MuJoCo,Can,robosuite,waypoint/none,,v3,False,,agentview,usable_with_limits,partial_progress_visible,固定斜前方 agentview；起始托盘与目标分隔箱可见，末端在画面右缘，夹爪与箱沿遮挡接触/释放。,所查帧场景和机械臂可辨识；固定单视角与夹爪遮挡限制接触、深度和释放判断。未据三帧排除帧间闪烁或穿透。,末帧仍在起始托盘上方抓持罐体，未见搬入目标隔间。,sparse_three_frames|not_continuous_visual_review|numerical_success_threshold_not_visually_certified|gripper_bin_occlusion|target_near_right_image_edge,gpt-6-astra independent report reviewer,0.0|10.1|20.0,https://asimfish.github.io/astra-control-dashboard/media/Can__waypoint__none__codex-gpt-6-astra__s0__20260908T132033Z/ep05.mp4,assets/astra/audit/3aababe3acdf39c2.jpg,292508,fe8acb91edfd182ae420af31634099cdb0e4c50a599236a7a7a2b58b4cf0e895,256,256,10/1,20.2,202,True
robosuite:20260908T132033Z:ep06,Panda / MuJoCo,Can,robosuite,waypoint/none,,v3,True,,agentview,usable_with_limits,partial_progress_visible,固定斜前方 agentview；起始托盘与目标分隔箱可见，末端在画面右缘，夹爪与箱沿遮挡接触/释放。,所查帧场景和机械臂可辨识；固定单视角与夹爪遮挡限制接触、深度和释放判断。未据三帧排除帧间闪烁或穿透。,可见罐体被夹爪接近、抓持或转移；三帧不足以确认释放后稳定置入指定隔间。,sparse_three_frames|not_continuous_visual_review|numerical_success_threshold_not_visually_certified|gripper_bin_occlusion|target_near_right_image_edge,gpt-6-astra independent report reviewer,0.0|3.9|7.7,https://asimfish.github.io/astra-control-dashboard/media/Can__waypoint__none__codex-gpt-6-astra__s0__20260908T132033Z/ep06.mp4,assets/astra/audit/14ef06d7aa8cda5c.jpg,157733,bd513026c00737c8fc16816e19836483cf6dbacd2ab9fac90cc3cb3e3f0d569b,256,256,10/1,7.9,79,True
robosuite:20260908T132033Z:ep07,Panda / MuJoCo,Can,robosuite,waypoint/none,,v3,True,,agentview,usable_with_limits,partial_progress_visible,固定斜前方 agentview；起始托盘与目标分隔箱可见，末端在画面右缘，夹爪与箱沿遮挡接触/释放。,所查帧场景和机械臂可辨识；固定单视角与夹爪遮挡限制接触、深度和释放判断。未据三帧排除帧间闪烁或穿透。,可见罐体被夹爪接近、抓持或转移；三帧不足以确认释放后稳定置入指定隔间。,sparse_three_frames|not_continuous_visual_review|numerical_success_threshold_not_visually_certified|gripper_bin_occlusion|target_near_right_image_edge,gpt-6-astra independent report reviewer,0.0|8.7|17.2,https://asimfish.github.io/astra-control-dashboard/media/Can__waypoint__none__codex-gpt-6-astra__s0__20260908T132033Z/ep07.mp4,assets/astra/audit/987dc1c40ad32eb0.jpg,256445,4b74a98e278b8ede9975fbd1e9858d4a40ee2199c9c6c58eec3bbdba304626cd,256,256,10/1,17.4,174,True
robosuite:20260908T132033Z:ep08,Panda / MuJoCo,Can,robosuite,waypoint/none,,v3,True,,agentview,usable_with_limits,partial_progress_visible,固定斜前方 agentview；起始托盘与目标分隔箱可见，末端在画面右缘，夹爪与箱沿遮挡接触/释放。,所查帧场景和机械臂可辨识；固定单视角与夹爪遮挡限制接触、深度和释放判断。未据三帧排除帧间闪烁或穿透。,可见罐体被夹爪接近、抓持或转移；三帧不足以确认释放后稳定置入指定隔间。,sparse_three_frames|not_continuous_visual_review|numerical_success_threshold_not_visually_certified|gripper_bin_occlusion|target_near_right_image_edge,gpt-6-astra independent report reviewer,0.0|4.4|8.6,https://asimfish.github.io/astra-control-dashboard/media/Can__waypoint__none__codex-gpt-6-astra__s0__20260908T132033Z/ep08.mp4,assets/astra/audit/8c430580a1f5e9f7.jpg,167400,93a23610869ac23c7c54da74ae82c2b65d9d255dc8515341178feb8af5a6e145,256,256,10/1,8.8,88,True
robosuite:20260908T132033Z:ep09,Panda / MuJoCo,Can,robosuite,waypoint/none,,v3,False,,agentview,usable_with_limits,partial_progress_visible,固定斜前方 agentview；起始托盘与目标分隔箱可见，末端在画面右缘，夹爪与箱沿遮挡接触/释放。,所查帧场景和机械臂可辨识；固定单视角与夹爪遮挡限制接触、深度和释放判断。未据三帧排除帧间闪烁或穿透。,末帧抓持罐体接近两箱边界上方；只显示抓取/搬运过程，未见安放完成。,sparse_three_frames|not_continuous_visual_review|numerical_success_threshold_not_visually_certified|gripper_bin_occlusion|target_near_right_image_edge,gpt-6-astra independent report reviewer,0.0|10.1|20.0,https://asimfish.github.io/astra-control-dashboard/media/Can__waypoint__none__codex-gpt-6-astra__s0__20260908T132033Z/ep09.mp4,assets/astra/audit/5dfaace9d05b3050.jpg,330386,1f70fa5ed70c55715d48dcca244d3a5293020f06579d7bb6cdf4cc184159625a,256,256,10/1,20.2,202,True
robosuite:20260908T132033Z:ep10,Panda / MuJoCo,Can,robosuite,waypoint/none,,v3,False,,agentview,usable_with_limits,partial_progress_visible,固定斜前方 agentview；起始托盘与目标分隔箱可见，末端在画面右缘，夹爪与箱沿遮挡接触/释放。,所查帧场景和机械臂可辨识；固定单视角与夹爪遮挡限制接触、深度和释放判断。未据三帧排除帧间闪烁或穿透。,罐体移到分隔箱左前部，未见右侧指定区域内的完成末态。,sparse_three_frames|not_continuous_visual_review|numerical_success_threshold_not_visually_certified|gripper_bin_occlusion|target_near_right_image_edge,gpt-6-astra independent report reviewer,0.0|10.1|20.0,https://asimfish.github.io/astra-control-dashboard/media/Can__waypoint__none__codex-gpt-6-astra__s0__20260908T132033Z/ep10.mp4,assets/astra/audit/d243a04b0da6d1bb.jpg,349777,c4fe2b23b9a298da59e678fe72ff5e9b0b309ee8e9583c7109aa868e1d4fbd81,256,256,10/1,20.2,202,True
robosuite:20260908T132033Z:ep11,Panda / MuJoCo,Can,robosuite,waypoint/none,,v3,True,,agentview,usable_with_limits,partial_progress_visible,固定斜前方 agentview；起始托盘与目标分隔箱可见，末端在画面右缘，夹爪与箱沿遮挡接触/释放。,所查帧场景和机械臂可辨识；固定单视角与夹爪遮挡限制接触、深度和释放判断。未据三帧排除帧间闪烁或穿透。,可见罐体被夹爪接近、抓持或转移；三帧不足以确认释放后稳定置入指定隔间。,sparse_three_frames|not_continuous_visual_review|numerical_success_threshold_not_visually_certified|gripper_bin_occlusion|target_near_right_image_edge,gpt-6-astra independent report reviewer,0.0|6.3|12.4,https://asimfish.github.io/astra-control-dashboard/media/Can__waypoint__none__codex-gpt-6-astra__s0__20260908T132033Z/ep11.mp4,assets/astra/audit/3956716c24f42c1d.jpg,229381,9b26a0c9eef6b3c74c93807dc907c407820acb4fcb90b4b88ec2d45e011987d8,256,256,10/1,12.6,126,True
robosuite:20260908T132033Z:ep12,Panda / MuJoCo,Can,robosuite,waypoint/none,,v3,True,,agentview,usable_with_limits,partial_progress_visible,固定斜前方 agentview；起始托盘与目标分隔箱可见，末端在画面右缘，夹爪与箱沿遮挡接触/释放。,所查帧场景和机械臂可辨识；固定单视角与夹爪遮挡限制接触、深度和释放判断。未据三帧排除帧间闪烁或穿透。,可见罐体被夹爪接近、抓持或转移；三帧不足以确认释放后稳定置入指定隔间。,sparse_three_frames|not_continuous_visual_review|numerical_success_threshold_not_visually_certified|gripper_bin_occlusion|target_near_right_image_edge,gpt-6-astra independent report reviewer,0.0|7.2|14.2,https://asimfish.github.io/astra-control-dashboard/media/Can__waypoint__none__codex-gpt-6-astra__s0__20260908T132033Z/ep12.mp4,assets/astra/audit/c5eab916f5d33916.jpg,277148,ab68e2e492d28fe12d31b8c5aeb9f7449c4b9cb7a6217eb3e49ce76c813a1ee6,256,256,10/1,14.4,144,True
robosuite:20260908T132033Z:ep13,Panda / MuJoCo,Can,robosuite,waypoint/none,,v3,True,,agentview,usable_with_limits,partial_progress_visible,固定斜前方 agentview；起始托盘与目标分隔箱可见，末端在画面右缘，夹爪与箱沿遮挡接触/释放。,所查帧场景和机械臂可辨识；固定单视角与夹爪遮挡限制接触、深度和释放判断。未据三帧排除帧间闪烁或穿透。,可见罐体被夹爪接近、抓持或转移；三帧不足以确认释放后稳定置入指定隔间。,sparse_three_frames|not_continuous_visual_review|numerical_success_threshold_not_visually_certified|gripper_bin_occlusion|target_near_right_image_edge,gpt-6-astra independent report reviewer,0.0|5.5|10.8,https://asimfish.github.io/astra-control-dashboard/media/Can__waypoint__none__codex-gpt-6-astra__s0__20260908T132033Z/ep13.mp4,assets/astra/audit/25dc9f88f8be1756.jpg,200664,225b535523b83cdd71ab8ea36ab07e5459851ca94d5c336254c7cdabab663173,256,256,10/1,11.0,110,True
robosuite:20260908T132033Z:ep14,Panda / MuJoCo,Can,robosuite,waypoint/none,,v3,False,,agentview,usable_with_limits,partial_progress_visible,固定斜前方 agentview；起始托盘与目标分隔箱可见，末端在画面右缘，夹爪与箱沿遮挡接触/释放。,所查帧场景和机械臂可辨识；固定单视角与夹爪遮挡限制接触、深度和释放判断。未据三帧排除帧间闪烁或穿透。,中末帧可见托盘上方罐体与夹爪位置变化，未见转移到目标箱完成。,sparse_three_frames|not_continuous_visual_review|numerical_success_threshold_not_visually_certified|gripper_bin_occlusion|target_near_right_image_edge,gpt-6-astra independent report reviewer,0.0|10.1|20.0,https://asimfish.github.io/astra-control-dashboard/media/Can__waypoint__none__codex-gpt-6-astra__s0__20260908T132033Z/ep14.mp4,assets/astra/audit/accc067e4ed544f4.jpg,311884,67e8dbf963010795723ec955ccc25a7e5d63991186c9dc6ad0280dc2228d7d1b,256,256,10/1,20.2,202,True
robosuite:20260908T132033Z:ep15,Panda / MuJoCo,Can,robosuite,waypoint/none,,v3,True,,agentview,usable_with_limits,partial_progress_visible,固定斜前方 agentview；起始托盘与目标分隔箱可见，末端在画面右缘，夹爪与箱沿遮挡接触/释放。,所查帧场景和机械臂可辨识；固定单视角与夹爪遮挡限制接触、深度和释放判断。未据三帧排除帧间闪烁或穿透。,可见罐体被夹爪接近、抓持或转移；三帧不足以确认释放后稳定置入指定隔间。,sparse_three_frames|not_continuous_visual_review|numerical_success_threshold_not_visually_certified|gripper_bin_occlusion|target_near_right_image_edge,gpt-6-astra independent report reviewer,0.0|6.3|12.4,https://asimfish.github.io/astra-control-dashboard/media/Can__waypoint__none__codex-gpt-6-astra__s0__20260908T132033Z/ep15.mp4,assets/astra/audit/dd0be0a28fab197e.jpg,199453,2551b27fda0467792b5309f078cd12899b4b0bd06372789a26a5fba7a55b4dc9,256,256,10/1,12.6,126,True
robosuite:20260908T132033Z:ep16,Panda / MuJoCo,Can,robosuite,waypoint/none,,v3,True,,agentview,usable_with_limits,partial_progress_visible,固定斜前方 agentview；起始托盘与目标分隔箱可见，末端在画面右缘，夹爪与箱沿遮挡接触/释放。,所查帧场景和机械臂可辨识；固定单视角与夹爪遮挡限制接触、深度和释放判断。未据三帧排除帧间闪烁或穿透。,可见罐体被夹爪接近、抓持或转移；三帧不足以确认释放后稳定置入指定隔间。,sparse_three_frames|not_continuous_visual_review|numerical_success_threshold_not_visually_certified|gripper_bin_occlusion|target_near_right_image_edge,gpt-6-astra independent report reviewer,0.0|7.9|15.7,https://asimfish.github.io/astra-control-dashboard/media/Can__waypoint__none__codex-gpt-6-astra__s0__20260908T132033Z/ep16.mp4,assets/astra/audit/6224d88b27908582.jpg,215118,bffeef57e4c9571b21b64e35a163a75a8ea2271fa785f4b8b8e3ef8a300aa140,256,256,10/1,15.9,159,True
robosuite:20260908T132033Z:ep17,Panda / MuJoCo,Can,robosuite,waypoint/none,,v3,True,,agentview,usable_with_limits,partial_progress_visible,固定斜前方 agentview；起始托盘与目标分隔箱可见，末端在画面右缘，夹爪与箱沿遮挡接触/释放。,所查帧场景和机械臂可辨识；固定单视角与夹爪遮挡限制接触、深度和释放判断。未据三帧排除帧间闪烁或穿透。,可见罐体被夹爪接近、抓持或转移；三帧不足以确认释放后稳定置入指定隔间。,sparse_three_frames|not_continuous_visual_review|numerical_success_threshold_not_visually_certified|gripper_bin_occlusion|target_near_right_image_edge,gpt-6-astra independent report reviewer,0.0|3.7|7.3,https://asimfish.github.io/astra-control-dashboard/media/Can__waypoint__none__codex-gpt-6-astra__s0__20260908T132033Z/ep17.mp4,assets/astra/audit/7efb8a23b8194401.jpg,154019,0f82eb0cf0d43c57a932975495060292ecef01a91eb33e98f8ceba22f00eb79e,256,256,10/1,7.5,75,True
robosuite:20260908T132033Z:ep18,Panda / MuJoCo,Can,robosuite,waypoint/none,,v3,True,,agentview,usable_with_limits,partial_progress_visible,固定斜前方 agentview；起始托盘与目标分隔箱可见，末端在画面右缘，夹爪与箱沿遮挡接触/释放。,所查帧场景和机械臂可辨识；固定单视角与夹爪遮挡限制接触、深度和释放判断。未据三帧排除帧间闪烁或穿透。,可见罐体被夹爪接近、抓持或转移；三帧不足以确认释放后稳定置入指定隔间。,sparse_three_frames|not_continuous_visual_review|numerical_success_threshold_not_visually_certified|gripper_bin_occlusion|target_near_right_image_edge,gpt-6-astra independent report reviewer,0.0|6.7|13.2,https://asimfish.github.io/astra-control-dashboard/media/Can__waypoint__none__codex-gpt-6-astra__s0__20260908T132033Z/ep18.mp4,assets/astra/audit/396028074de77e78.jpg,243353,0f4f485be325cfbfdc2b9c1be45fd9852530c69900a65d408197087ba42fae6b,256,256,10/1,13.4,134,True
robosuite:20260908T132033Z:ep19,Panda / MuJoCo,Can,robosuite,waypoint/none,,v3,False,,agentview,usable_with_limits,partial_progress_visible,固定斜前方 agentview；起始托盘与目标分隔箱可见，末端在画面右缘，夹爪与箱沿遮挡接触/释放。,所查帧场景和机械臂可辨识；固定单视角与夹爪遮挡限制接触、深度和释放判断。未据三帧排除帧间闪烁或穿透。,中帧夹持罐体，末帧罐体回到起始托盘靠右处；未见目标箱内完成。,sparse_three_frames|not_continuous_visual_review|numerical_success_threshold_not_visually_certified|gripper_bin_occlusion|target_near_right_image_edge,gpt-6-astra independent report reviewer,0.0|10.1|20.0,https://asimfish.github.io/astra-control-dashboard/media/Can__waypoint__none__codex-gpt-6-astra__s0__20260908T132033Z/ep19.mp4,assets/astra/audit/a84cc8cd46ead4f8.jpg,310142,c613d7ca448b3eebee224dcf01b58c6a11d7230b267493a8277e09551588ad89,256,256,10/1,20.2,202,True
robosuite:20260907T115255Z:ep00,Panda / MuJoCo,Can,robosuite,waypoint/proprio,,v2,True,,agentview,usable_with_limits,partial_progress_visible,固定斜前方 agentview；起始托盘与目标分隔箱可见，末端在画面右缘，夹爪与箱沿遮挡接触/释放。,所查帧场景和机械臂可辨识；固定单视角与夹爪遮挡限制接触、深度和释放判断。未据三帧排除帧间闪烁或穿透。,可见罐体被夹爪接近、抓持或转移；三帧不足以确认释放后稳定置入指定隔间。,sparse_three_frames|not_continuous_visual_review|numerical_success_threshold_not_visually_certified|gripper_bin_occlusion|target_near_right_image_edge,gpt-6-astra independent report reviewer,0.0|4.0|7.8,https://asimfish.github.io/astra-control-dashboard/media/Can__waypoint__proprio__codex-gpt-6-astra__s0__20260907T115255Z/ep00.mp4,assets/astra/audit/bbef089a3a571713.jpg,164762,b6a84696c0487271d15a7f9f83eca13f516c73352239fd9aa928daf94145b3b1,256,256,10/1,8.0,80,True
robosuite:20260907T115255Z:ep01,Panda / MuJoCo,Can,robosuite,waypoint/proprio,,v2,True,,agentview,usable_with_limits,partial_progress_visible,固定斜前方 agentview；起始托盘与目标分隔箱可见，末端在画面右缘，夹爪与箱沿遮挡接触/释放。,所查帧场景和机械臂可辨识；固定单视角与夹爪遮挡限制接触、深度和释放判断。未据三帧排除帧间闪烁或穿透。,可见罐体被夹爪接近、抓持或转移；三帧不足以确认释放后稳定置入指定隔间。,sparse_three_frames|not_continuous_visual_review|numerical_success_threshold_not_visually_certified|gripper_bin_occlusion|target_near_right_image_edge,gpt-6-astra independent report reviewer,0.0|4.2|8.2,https://asimfish.github.io/astra-control-dashboard/media/Can__waypoint__proprio__codex-gpt-6-astra__s0__20260907T115255Z/ep01.mp4,assets/astra/audit/c324b02f34632147.jpg,165068,9c4cd4d3be049be70a32b5cf6e586e0c1579a80a9d6da2ec0f9b2f445f799f36,256,256,10/1,8.4,84,True
robosuite:20260907T115255Z:ep02,Panda / MuJoCo,Can,robosuite,waypoint/proprio,,v2,True,,agentview,usable_with_limits,partial_progress_visible,固定斜前方 agentview；起始托盘与目标分隔箱可见，末端在画面右缘，夹爪与箱沿遮挡接触/释放。,所查帧场景和机械臂可辨识；固定单视角与夹爪遮挡限制接触、深度和释放判断。未据三帧排除帧间闪烁或穿透。,可见罐体被夹爪接近、抓持或转移；三帧不足以确认释放后稳定置入指定隔间。,sparse_three_frames|not_continuous_visual_review|numerical_success_threshold_not_visually_certified|gripper_bin_occlusion|target_near_right_image_edge,gpt-6-astra independent report reviewer,0.0|4.2|8.3,https://asimfish.github.io/astra-control-dashboard/media/Can__waypoint__proprio__codex-gpt-6-astra__s0__20260907T115255Z/ep02.mp4,assets/astra/audit/8573c30cfad0bd8c.jpg,181841,be819d0bb990aa0d856af422a3fd22140f626ca601a14b382aceedfd62b2585d,256,256,10/1,8.5,85,True
robosuite:20260907T115255Z:ep03,Panda / MuJoCo,Can,robosuite,waypoint/proprio,,v2,True,,agentview,usable_with_limits,partial_progress_visible,固定斜前方 agentview；起始托盘与目标分隔箱可见，末端在画面右缘，夹爪与箱沿遮挡接触/释放。,所查帧场景和机械臂可辨识；固定单视角与夹爪遮挡限制接触、深度和释放判断。未据三帧排除帧间闪烁或穿透。,可见罐体被夹爪接近、抓持或转移；三帧不足以确认释放后稳定置入指定隔间。,sparse_three_frames|not_continuous_visual_review|numerical_success_threshold_not_visually_certified|gripper_bin_occlusion|target_near_right_image_edge,gpt-6-astra independent report reviewer,0.0|4.6|9.1,https://asimfish.github.io/astra-control-dashboard/media/Can__waypoint__proprio__codex-gpt-6-astra__s0__20260907T115255Z/ep03.mp4,assets/astra/audit/432c8583f781120c.jpg,192740,b47dc5f3cdbcf8f1b71a215c3deacc21c6e6668f7974524768624925fd5f906f,256,256,10/1,9.3,93,True
robosuite:20260907T115255Z:ep04,Panda / MuJoCo,Can,robosuite,waypoint/proprio,,v2,True,,agentview,usable_with_limits,partial_progress_visible,固定斜前方 agentview；起始托盘与目标分隔箱可见，末端在画面右缘，夹爪与箱沿遮挡接触/释放。,所查帧场景和机械臂可辨识；固定单视角与夹爪遮挡限制接触、深度和释放判断。未据三帧排除帧间闪烁或穿透。,可见罐体被夹爪接近、抓持或转移；三帧不足以确认释放后稳定置入指定隔间。,sparse_three_frames|not_continuous_visual_review|numerical_success_threshold_not_visually_certified|gripper_bin_occlusion|target_near_right_image_edge,gpt-6-astra independent report reviewer,0.0|3.8|7.4,https://asimfish.github.io/astra-control-dashboard/media/Can__waypoint__proprio__codex-gpt-6-astra__s0__20260907T115255Z/ep04.mp4,assets/astra/audit/f197ae010d9b1681.jpg,151934,90a728caca27f4e422abcf931dc3292d8210f70540898d83d557769f9d15d674,256,256,10/1,7.6,76,True
robosuite:20260908T122925Z:ep00,Panda / MuJoCo,Can,robosuite,waypoint/proprio,,v3,True,,agentview,usable_with_limits,partial_progress_visible,固定斜前方 agentview；起始托盘与目标分隔箱可见，末端在画面右缘，夹爪与箱沿遮挡接触/释放。,所查帧场景和机械臂可辨识；固定单视角与夹爪遮挡限制接触、深度和释放判断。未据三帧排除帧间闪烁或穿透。,可见罐体被夹爪接近、抓持或转移；三帧不足以确认释放后稳定置入指定隔间。,sparse_three_frames|not_continuous_visual_review|numerical_success_threshold_not_visually_certified|gripper_bin_occlusion|target_near_right_image_edge,gpt-6-astra independent report reviewer,0.0|3.9|7.6,https://asimfish.github.io/astra-control-dashboard/media/Can__waypoint__proprio__codex-gpt-6-astra__s0__20260908T122925Z/ep00.mp4,assets/astra/audit/4fdf599103f667b4.jpg,156803,01bc1be9648bcab247efa56015fe842e5a40ce5e43ce1fff9aa4bcabcbfa505f,256,256,10/1,7.8,78,True
robosuite:20260908T122925Z:ep01,Panda / MuJoCo,Can,robosuite,waypoint/proprio,,v3,False,,agentview,usable_with_limits,no_completion_visible,固定斜前方 agentview；起始托盘与目标分隔箱可见，末端在画面右缘，夹爪与箱沿遮挡接触/释放。,所查帧场景和机械臂可辨识；固定单视角与夹爪遮挡限制接触、深度和释放判断。未据三帧排除帧间闪烁或穿透。,罐体在末帧仍在起始托盘，未见入目标箱；机械臂姿态变化可辨。,sparse_three_frames|not_continuous_visual_review|numerical_success_threshold_not_visually_certified|gripper_bin_occlusion|target_near_right_image_edge,gpt-6-astra independent report reviewer,0.0|10.1|20.0,https://asimfish.github.io/astra-control-dashboard/media/Can__waypoint__proprio__codex-gpt-6-astra__s0__20260908T122925Z/ep01.mp4,assets/astra/audit/24a072379eb37476.jpg,385761,f02900ef16c5bace7170bfbfe157333955b3b784e5ecd53870a25e93e20bb134,256,256,10/1,20.2,202,True
robosuite:20260908T122925Z:ep02,Panda / MuJoCo,Can,robosuite,waypoint/proprio,,v3,True,,agentview,usable_with_limits,partial_progress_visible,固定斜前方 agentview；起始托盘与目标分隔箱可见，末端在画面右缘，夹爪与箱沿遮挡接触/释放。,所查帧场景和机械臂可辨识；固定单视角与夹爪遮挡限制接触、深度和释放判断。未据三帧排除帧间闪烁或穿透。,可见罐体被夹爪接近、抓持或转移；三帧不足以确认释放后稳定置入指定隔间。,sparse_three_frames|not_continuous_visual_review|numerical_success_threshold_not_visually_certified|gripper_bin_occlusion|target_near_right_image_edge,gpt-6-astra independent report reviewer,0.0|3.5|6.8,https://asimfish.github.io/astra-control-dashboard/media/Can__waypoint__proprio__codex-gpt-6-astra__s0__20260908T122925Z/ep02.mp4,assets/astra/audit/3d43d8162d41a91f.jpg,135596,bad489f93897806de0b439e832ffccde9f185b1a6c399f8864ef333f490fd2db,256,256,10/1,7.0,70,True
robosuite:20260908T122925Z:ep03,Panda / MuJoCo,Can,robosuite,waypoint/proprio,,v3,True,,agentview,usable_with_limits,partial_progress_visible,固定斜前方 agentview；起始托盘与目标分隔箱可见，末端在画面右缘，夹爪与箱沿遮挡接触/释放。,所查帧场景和机械臂可辨识；固定单视角与夹爪遮挡限制接触、深度和释放判断。未据三帧排除帧间闪烁或穿透。,可见罐体被夹爪接近、抓持或转移；三帧不足以确认释放后稳定置入指定隔间。,sparse_three_frames|not_continuous_visual_review|numerical_success_threshold_not_visually_certified|gripper_bin_occlusion|target_near_right_image_edge,gpt-6-astra independent report reviewer,0.0|4.5|8.8,https://asimfish.github.io/astra-control-dashboard/media/Can__waypoint__proprio__codex-gpt-6-astra__s0__20260908T122925Z/ep03.mp4,assets/astra/audit/afc83449a4b362aa.jpg,186304,0a44ed86ff6c364173d3a7e263fc71ff39c3e7205a0cf22352e26feeb69bcdbb,256,256,10/1,9.0,90,True
robosuite:20260908T122925Z:ep04,Panda / MuJoCo,Can,robosuite,waypoint/proprio,,v3,True,,agentview,usable_with_limits,partial_progress_visible,固定斜前方 agentview；起始托盘与目标分隔箱可见，末端在画面右缘，夹爪与箱沿遮挡接触/释放。,所查帧场景和机械臂可辨识；固定单视角与夹爪遮挡限制接触、深度和释放判断。未据三帧排除帧间闪烁或穿透。,可见罐体被夹爪接近、抓持或转移；三帧不足以确认释放后稳定置入指定隔间。,sparse_three_frames|not_continuous_visual_review|numerical_success_threshold_not_visually_certified|gripper_bin_occlusion|target_near_right_image_edge,gpt-6-astra independent report reviewer,0.0|4.2|8.2,https://asimfish.github.io/astra-control-dashboard/media/Can__waypoint__proprio__codex-gpt-6-astra__s0__20260908T122925Z/ep04.mp4,assets/astra/audit/ce82fe85513e00f3.jpg,167951,0e57a117eba992c27ee15473941a655f417c13facfd2d4ccb0fdc2dc420a4912,256,256,10/1,8.4,84,True
robosuite:20260908T122925Z:ep05,Panda / MuJoCo,Can,robosuite,waypoint/proprio,,v3,True,,agentview,usable_with_limits,partial_progress_visible,固定斜前方 agentview；起始托盘与目标分隔箱可见，末端在画面右缘，夹爪与箱沿遮挡接触/释放。,所查帧场景和机械臂可辨识；固定单视角与夹爪遮挡限制接触、深度和释放判断。未据三帧排除帧间闪烁或穿透。,可见罐体被夹爪接近、抓持或转移；三帧不足以确认释放后稳定置入指定隔间。,sparse_three_frames|not_continuous_visual_review|numerical_success_threshold_not_visually_certified|gripper_bin_occlusion|target_near_right_image_edge,gpt-6-astra independent report reviewer,0.0|4.3|8.5,https://asimfish.github.io/astra-control-dashboard/media/Can__waypoint__proprio__codex-gpt-6-astra__s0__20260908T122925Z/ep05.mp4,assets/astra/audit/92f27936b6f2b14d.jpg,162767,e89b4815b5fe3fa2eda1d79cd17afc2413c73c1444ab9f386add8460b4e8b44f,256,256,10/1,8.7,87,True
robosuite:20260908T122925Z:ep06,Panda / MuJoCo,Can,robosuite,waypoint/proprio,,v3,True,,agentview,usable_with_limits,partial_progress_visible,固定斜前方 agentview；起始托盘与目标分隔箱可见，末端在画面右缘，夹爪与箱沿遮挡接触/释放。,所查帧场景和机械臂可辨识；固定单视角与夹爪遮挡限制接触、深度和释放判断。未据三帧排除帧间闪烁或穿透。,可见罐体被夹爪接近、抓持或转移；三帧不足以确认释放后稳定置入指定隔间。,sparse_three_frames|not_continuous_visual_review|numerical_success_threshold_not_visually_certified|gripper_bin_occlusion|target_near_right_image_edge,gpt-6-astra independent report reviewer,0.0|3.7|7.3,https://asimfish.github.io/astra-control-dashboard/media/Can__waypoint__proprio__codex-gpt-6-astra__s0__20260908T122925Z/ep06.mp4,assets/astra/audit/d389b1a86b28a0eb.jpg,150386,091915e4de079a3bb39fcae9e1db777a4a71cfc71a262b3811a7fb6adb47b2f7,256,256,10/1,7.5,75,True
robosuite:20260908T122925Z:ep07,Panda / MuJoCo,Can,robosuite,waypoint/proprio,,v3,True,,agentview,usable_with_limits,partial_progress_visible,固定斜前方 agentview；起始托盘与目标分隔箱可见，末端在画面右缘，夹爪与箱沿遮挡接触/释放。,所查帧场景和机械臂可辨识；固定单视角与夹爪遮挡限制接触、深度和释放判断。未据三帧排除帧间闪烁或穿透。,可见罐体被夹爪接近、抓持或转移；三帧不足以确认释放后稳定置入指定隔间。,sparse_three_frames|not_continuous_visual_review|numerical_success_threshold_not_visually_certified|gripper_bin_occlusion|target_near_right_image_edge,gpt-6-astra independent report reviewer,0.0|3.8|7.4,https://asimfish.github.io/astra-control-dashboard/media/Can__waypoint__proprio__codex-gpt-6-astra__s0__20260908T122925Z/ep07.mp4,assets/astra/audit/01f1359e7273d338.jpg,147927,2a419cedb0516e788f76c71de13c0521188b6f02e1f5c962e006cc6db9dc02c7,256,256,10/1,7.6,76,True
robosuite:20260908T122925Z:ep08,Panda / MuJoCo,Can,robosuite,waypoint/proprio,,v3,True,,agentview,usable_with_limits,partial_progress_visible,固定斜前方 agentview；起始托盘与目标分隔箱可见，末端在画面右缘，夹爪与箱沿遮挡接触/释放。,所查帧场景和机械臂可辨识；固定单视角与夹爪遮挡限制接触、深度和释放判断。未据三帧排除帧间闪烁或穿透。,可见罐体被夹爪接近、抓持或转移；三帧不足以确认释放后稳定置入指定隔间。,sparse_three_frames|not_continuous_visual_review|numerical_success_threshold_not_visually_certified|gripper_bin_occlusion|target_near_right_image_edge,gpt-6-astra independent report reviewer,0.0|4.5|8.9,https://asimfish.github.io/astra-control-dashboard/media/Can__waypoint__proprio__codex-gpt-6-astra__s0__20260908T122925Z/ep08.mp4,assets/astra/audit/02d670740a0364a5.jpg,172281,64de9d6f152b43df93e00dfa554b680a95a74f616ea051a2c17b7a2568ad5d3b,256,256,10/1,9.1,91,True
robosuite:20260908T122925Z:ep09,Panda / MuJoCo,Can,robosuite,waypoint/proprio,,v3,True,,agentview,usable_with_limits,partial_progress_visible,固定斜前方 agentview；起始托盘与目标分隔箱可见，末端在画面右缘，夹爪与箱沿遮挡接触/释放。,所查帧场景和机械臂可辨识；固定单视角与夹爪遮挡限制接触、深度和释放判断。未据三帧排除帧间闪烁或穿透。,可见罐体被夹爪接近、抓持或转移；三帧不足以确认释放后稳定置入指定隔间。,sparse_three_frames|not_continuous_visual_review|numerical_success_threshold_not_visually_certified|gripper_bin_occlusion|target_near_right_image_edge,gpt-6-astra independent report reviewer,0.0|3.8|7.4,https://asimfish.github.io/astra-control-dashboard/media/Can__waypoint__proprio__codex-gpt-6-astra__s0__20260908T122925Z/ep09.mp4,assets/astra/audit/00384edd2cbcb7c3.jpg,150261,8013f9d6d180f9eb8b43e2e470a0fbf50df2fb2445cade2eeb033ada23bbc44c,256,256,10/1,7.6,76,True
robosuite:20260908T122925Z:ep10,Panda / MuJoCo,Can,robosuite,waypoint/proprio,,v3,True,,agentview,usable_with_limits,partial_progress_visible,固定斜前方 agentview；起始托盘与目标分隔箱可见，末端在画面右缘，夹爪与箱沿遮挡接触/释放。,所查帧场景和机械臂可辨识；固定单视角与夹爪遮挡限制接触、深度和释放判断。未据三帧排除帧间闪烁或穿透。,可见罐体被夹爪接近、抓持或转移；三帧不足以确认释放后稳定置入指定隔间。,sparse_three_frames|not_continuous_visual_review|numerical_success_threshold_not_visually_certified|gripper_bin_occlusion|target_near_right_image_edge,gpt-6-astra independent report reviewer,0.0|4.4|8.6,https://asimfish.github.io/astra-control-dashboard/media/Can__waypoint__proprio__codex-gpt-6-astra__s0__20260908T122925Z/ep10.mp4,assets/astra/audit/4790d03cbaacfbaa.jpg,180213,8374a30d05a93a5a26238d2fd07e1c8dc6c3603cbf848f4e319918d2c347799b,256,256,10/1,8.8,88,True
robosuite:20260908T122925Z:ep11,Panda / MuJoCo,Can,robosuite,waypoint/proprio,,v3,False,,agentview,usable_with_limits,partial_progress_visible,固定斜前方 agentview；起始托盘与目标分隔箱可见，末端在画面右缘，夹爪与箱沿遮挡接触/释放。,所查帧场景和机械臂可辨识；固定单视角与夹爪遮挡限制接触、深度和释放判断。未据三帧排除帧间闪烁或穿透。,罐体横卧在分隔箱左前部，夹爪接近；可见搬运但未见正确目标隔间完成。,sparse_three_frames|not_continuous_visual_review|numerical_success_threshold_not_visually_certified|gripper_bin_occlusion|target_near_right_image_edge,gpt-6-astra independent report reviewer,0.0|10.1|20.0,https://asimfish.github.io/astra-control-dashboard/media/Can__waypoint__proprio__codex-gpt-6-astra__s0__20260908T122925Z/ep11.mp4,assets/astra/audit/4fef3b6b211ce145.jpg,340989,57be42394f609983f405a86cb8ee762d66c3cba07f49feffd3a1774f4ab4414b,256,256,10/1,20.2,202,True
robosuite:20260908T122925Z:ep12,Panda / MuJoCo,Can,robosuite,waypoint/proprio,,v3,True,,agentview,usable_with_limits,partial_progress_visible,固定斜前方 agentview；起始托盘与目标分隔箱可见，末端在画面右缘，夹爪与箱沿遮挡接触/释放。,所查帧场景和机械臂可辨识；固定单视角与夹爪遮挡限制接触、深度和释放判断。未据三帧排除帧间闪烁或穿透。,可见罐体被夹爪接近、抓持或转移；三帧不足以确认释放后稳定置入指定隔间。,sparse_three_frames|not_continuous_visual_review|numerical_success_threshold_not_visually_certified|gripper_bin_occlusion|target_near_right_image_edge,gpt-6-astra independent report reviewer,0.0|8.3|16.4,https://asimfish.github.io/astra-control-dashboard/media/Can__waypoint__proprio__codex-gpt-6-astra__s0__20260908T122925Z/ep12.mp4,assets/astra/audit/be9a187c9e4945bc.jpg,235932,2b2e8ce1498acea126806a3f194736250cd5720ec8dc3ca51619457505a680d5,256,256,10/1,16.6,166,True
robosuite:20260908T122925Z:ep13,Panda / MuJoCo,Can,robosuite,waypoint/proprio,,v3,True,,agentview,usable_with_limits,partial_progress_visible,固定斜前方 agentview；起始托盘与目标分隔箱可见，末端在画面右缘，夹爪与箱沿遮挡接触/释放。,所查帧场景和机械臂可辨识；固定单视角与夹爪遮挡限制接触、深度和释放判断。未据三帧排除帧间闪烁或穿透。,可见罐体被夹爪接近、抓持或转移；三帧不足以确认释放后稳定置入指定隔间。,sparse_three_frames|not_continuous_visual_review|numerical_success_threshold_not_visually_certified|gripper_bin_occlusion|target_near_right_image_edge,gpt-6-astra independent report reviewer,0.0|3.8|7.4,https://asimfish.github.io/astra-control-dashboard/media/Can__waypoint__proprio__codex-gpt-6-astra__s0__20260908T122925Z/ep13.mp4,assets/astra/audit/c32c539f0343d69a.jpg,144751,b8cc868376b2b495d00f60f955d23624ff90f7aa2e563b7e71e638646a465d7b,256,256,10/1,7.6,76,True
robosuite:20260908T122925Z:ep14,Panda / MuJoCo,Can,robosuite,waypoint/proprio,,v3,True,,agentview,usable_with_limits,partial_progress_visible,固定斜前方 agentview；起始托盘与目标分隔箱可见，末端在画面右缘，夹爪与箱沿遮挡接触/释放。,所查帧场景和机械臂可辨识；固定单视角与夹爪遮挡限制接触、深度和释放判断。未据三帧排除帧间闪烁或穿透。,可见罐体被夹爪接近、抓持或转移；三帧不足以确认释放后稳定置入指定隔间。,sparse_three_frames|not_continuous_visual_review|numerical_success_threshold_not_visually_certified|gripper_bin_occlusion|target_near_right_image_edge,gpt-6-astra independent report reviewer,0.0|4.3|8.5,https://asimfish.github.io/astra-control-dashboard/media/Can__waypoint__proprio__codex-gpt-6-astra__s0__20260908T122925Z/ep14.mp4,assets/astra/audit/7059ef9116c41753.jpg,164683,8be8c5c5a3822ac70d2980f54bb3f84057a7fe92779491b688fdf1faccbc6044,256,256,10/1,8.7,87,True
robosuite:20260908T122925Z:ep15,Panda / MuJoCo,Can,robosuite,waypoint/proprio,,v3,True,,agentview,usable_with_limits,partial_progress_visible,固定斜前方 agentview；起始托盘与目标分隔箱可见，末端在画面右缘，夹爪与箱沿遮挡接触/释放。,所查帧场景和机械臂可辨识；固定单视角与夹爪遮挡限制接触、深度和释放判断。未据三帧排除帧间闪烁或穿透。,可见罐体被夹爪接近、抓持或转移；三帧不足以确认释放后稳定置入指定隔间。,sparse_three_frames|not_continuous_visual_review|numerical_success_threshold_not_visually_certified|gripper_bin_occlusion|target_near_right_image_edge,gpt-6-astra independent report reviewer,0.0|4.4|8.7,https://asimfish.github.io/astra-control-dashboard/media/Can__waypoint__proprio__codex-gpt-6-astra__s0__20260908T122925Z/ep15.mp4,assets/astra/audit/744d79f53b43f7d0.jpg,169342,c9549b5adcd2e3b8bba769d2e791dbfc3f1c2de3d3ccf6519f77c7f876e1d99d,256,256,10/1,8.9,89,True
robosuite:20260908T122925Z:ep16,Panda / MuJoCo,Can,robosuite,waypoint/proprio,,v3,True,,agentview,usable_with_limits,partial_progress_visible,固定斜前方 agentview；起始托盘与目标分隔箱可见，末端在画面右缘，夹爪与箱沿遮挡接触/释放。,所查帧场景和机械臂可辨识；固定单视角与夹爪遮挡限制接触、深度和释放判断。未据三帧排除帧间闪烁或穿透。,可见罐体被夹爪接近、抓持或转移；三帧不足以确认释放后稳定置入指定隔间。,sparse_three_frames|not_continuous_visual_review|numerical_success_threshold_not_visually_certified|gripper_bin_occlusion|target_near_right_image_edge,gpt-6-astra independent report reviewer,0.0|4.8|9.4,https://asimfish.github.io/astra-control-dashboard/media/Can__waypoint__proprio__codex-gpt-6-astra__s0__20260908T122925Z/ep16.mp4,assets/astra/audit/015cfa001b0e28e4.jpg,186814,2b9f3af098d6b4d9ea0c9a37faa4a77ac6d8e2dd3b5d6657b0e3c7db72c8a883,256,256,10/1,9.6,96,True
robosuite:20260908T122925Z:ep17,Panda / MuJoCo,Can,robosuite,waypoint/proprio,,v3,True,,agentview,usable_with_limits,partial_progress_visible,固定斜前方 agentview；起始托盘与目标分隔箱可见，末端在画面右缘，夹爪与箱沿遮挡接触/释放。,所查帧场景和机械臂可辨识；固定单视角与夹爪遮挡限制接触、深度和释放判断。未据三帧排除帧间闪烁或穿透。,可见罐体被夹爪接近、抓持或转移；三帧不足以确认释放后稳定置入指定隔间。,sparse_three_frames|not_continuous_visual_review|numerical_success_threshold_not_visually_certified|gripper_bin_occlusion|target_near_right_image_edge,gpt-6-astra independent report reviewer,0.0|4.2|8.3,https://asimfish.github.io/astra-control-dashboard/media/Can__waypoint__proprio__codex-gpt-6-astra__s0__20260908T122925Z/ep17.mp4,assets/astra/audit/6e3738ac5878da52.jpg,171547,6edcf3699f521487532fe0b3e89195783b93b23ca746f31855fcd6fe52cec7b3,256,256,10/1,8.5,85,True
robosuite:20260908T122925Z:ep18,Panda / MuJoCo,Can,robosuite,waypoint/proprio,,v3,False,,agentview,usable_with_limits,partial_progress_visible,固定斜前方 agentview；起始托盘与目标分隔箱可见，末端在画面右缘，夹爪与箱沿遮挡接触/释放。,所查帧场景和机械臂可辨识；固定单视角与夹爪遮挡限制接触、深度和释放判断。未据三帧排除帧间闪烁或穿透。,可见罐体被夹爪接近、抓持或转移；三帧不足以确认释放后稳定置入指定隔间。,sparse_three_frames|not_continuous_visual_review|numerical_success_threshold_not_visually_certified|gripper_bin_occlusion|target_near_right_image_edge,gpt-6-astra independent report reviewer,0.0|10.1|20.0,https://asimfish.github.io/astra-control-dashboard/media/Can__waypoint__proprio__codex-gpt-6-astra__s0__20260908T122925Z/ep18.mp4,assets/astra/audit/f2354438f36f4cba.jpg,293848,6f9d19edda9bbce54b607c9e94410bfc60a83f821592cf8a7c8f52d5f34d286a,256,256,10/1,20.2,202,True
robosuite:20260908T122925Z:ep19,Panda / MuJoCo,Can,robosuite,waypoint/proprio,,v3,True,,agentview,usable_with_limits,partial_progress_visible,固定斜前方 agentview；起始托盘与目标分隔箱可见，末端在画面右缘，夹爪与箱沿遮挡接触/释放。,所查帧场景和机械臂可辨识；固定单视角与夹爪遮挡限制接触、深度和释放判断。未据三帧排除帧间闪烁或穿透。,可见罐体被夹爪接近、抓持或转移；三帧不足以确认释放后稳定置入指定隔间。,sparse_three_frames|not_continuous_visual_review|numerical_success_threshold_not_visually_certified|gripper_bin_occlusion|target_near_right_image_edge,gpt-6-astra independent report reviewer,0.0|4.3|8.4,https://asimfish.github.io/astra-control-dashboard/media/Can__waypoint__proprio__codex-gpt-6-astra__s0__20260908T122925Z/ep19.mp4,assets/astra/audit/037e262d307800e5.jpg,177970,62fac71bff77496f0786838ca6f794833b662a7b09eb0aa7bc4ba0e783dded62,256,256,10/1,8.6,86,True
robosuite:20260907T112729Z:ep00,Panda / MuJoCo,Lift,robosuite,code/privileged,,v1,True,,agentview,usable_with_limits,partial_progress_visible,固定斜前方近景 agentview；红块与夹爪清楚，白色无纹理台面缺少高度参照，机器人上部出画。,所查帧场景和机械臂可辨识；固定单视角与夹爪遮挡限制接触、深度和释放判断。未据三帧排除帧间闪烁或穿透。,可见夹爪从块体上方接近至夹持/接触姿态；末帧红块在夹爪下方，单视角白底不足以独立确认离台高度和提升阈值。,sparse_three_frames|not_continuous_visual_review|numerical_success_threshold_not_visually_certified|weak_height_depth_cues|gripper_object_occlusion,gpt-6-astra independent report reviewer,0.0|1.3|2.4,https://asimfish.github.io/astra-control-dashboard/media/Lift__code__privileged__codex-gpt-6-astra__s0__20260907T112729Z/ep00.mp4,assets/astra/audit/454a27023c4c56fe.jpg,63618,47c6b9652be965ed7705a1de7e0a98fdb83445b2072d659a1ef5dd23dffee793,256,256,10/1,2.6,26,True
robosuite:20260907T112729Z:ep01,Panda / MuJoCo,Lift,robosuite,code/privileged,,v1,True,,agentview,usable_with_limits,partial_progress_visible,固定斜前方近景 agentview；红块与夹爪清楚，白色无纹理台面缺少高度参照，机器人上部出画。,所查帧场景和机械臂可辨识；固定单视角与夹爪遮挡限制接触、深度和释放判断。未据三帧排除帧间闪烁或穿透。,可见夹爪从块体上方接近至夹持/接触姿态；末帧红块在夹爪下方，单视角白底不足以独立确认离台高度和提升阈值。,sparse_three_frames|not_continuous_visual_review|numerical_success_threshold_not_visually_certified|weak_height_depth_cues|gripper_object_occlusion,gpt-6-astra independent report reviewer,0.0|1.3|2.5,https://asimfish.github.io/astra-control-dashboard/media/Lift__code__privileged__codex-gpt-6-astra__s0__20260907T112729Z/ep01.mp4,assets/astra/audit/d0571a403aedd5ac.jpg,60273,9d9325c151411e71e30d91530d9118f570b57b3d26b98ef301161d72437e958d,256,256,10/1,2.7,27,True
robosuite:20260907T112729Z:ep02,Panda / MuJoCo,Lift,robosuite,code/privileged,,v1,True,,agentview,usable_with_limits,partial_progress_visible,固定斜前方近景 agentview；红块与夹爪清楚，白色无纹理台面缺少高度参照，机器人上部出画。,所查帧场景和机械臂可辨识；固定单视角与夹爪遮挡限制接触、深度和释放判断。未据三帧排除帧间闪烁或穿透。,可见夹爪从块体上方接近至夹持/接触姿态；末帧红块在夹爪下方，单视角白底不足以独立确认离台高度和提升阈值。,sparse_three_frames|not_continuous_visual_review|numerical_success_threshold_not_visually_certified|weak_height_depth_cues|gripper_object_occlusion,gpt-6-astra independent report reviewer,0.0|1.4|2.6,https://asimfish.github.io/astra-control-dashboard/media/Lift__code__privileged__codex-gpt-6-astra__s0__20260907T112729Z/ep02.mp4,assets/astra/audit/94220607d9e5ee8c.jpg,61977,b2228177a9d4762f606047fe98e9b3af456002ecfd380de48bb4ab843235079e,256,256,10/1,2.8,28,True
robosuite:20260907T112729Z:ep03,Panda / MuJoCo,Lift,robosuite,code/privileged,,v1,True,,agentview,usable_with_limits,partial_progress_visible,固定斜前方近景 agentview；红块与夹爪清楚，白色无纹理台面缺少高度参照，机器人上部出画。,所查帧场景和机械臂可辨识；固定单视角与夹爪遮挡限制接触、深度和释放判断。未据三帧排除帧间闪烁或穿透。,可见夹爪从块体上方接近至夹持/接触姿态；末帧红块在夹爪下方，单视角白底不足以独立确认离台高度和提升阈值。,sparse_three_frames|not_continuous_visual_review|numerical_success_threshold_not_visually_certified|weak_height_depth_cues|gripper_object_occlusion,gpt-6-astra independent report reviewer,0.0|1.2|2.2,https://asimfish.github.io/astra-control-dashboard/media/Lift__code__privileged__codex-gpt-6-astra__s0__20260907T112729Z/ep03.mp4,assets/astra/audit/056892951e09c2ad.jpg,57250,52a5b5a4dd3cc45573e35d752de5034086377f4aeda3e5cbff9e8bde65a34cd2,256,256,10/1,2.4,24,True
robosuite:20260907T112729Z:ep04,Panda / MuJoCo,Lift,robosuite,code/privileged,,v1,True,,agentview,usable_with_limits,partial_progress_visible,固定斜前方近景 agentview；红块与夹爪清楚，白色无纹理台面缺少高度参照，机器人上部出画。,所查帧场景和机械臂可辨识；固定单视角与夹爪遮挡限制接触、深度和释放判断。未据三帧排除帧间闪烁或穿透。,可见夹爪从块体上方接近至夹持/接触姿态；末帧红块在夹爪下方，单视角白底不足以独立确认离台高度和提升阈值。,sparse_three_frames|not_continuous_visual_review|numerical_success_threshold_not_visually_certified|weak_height_depth_cues|gripper_object_occlusion,gpt-6-astra independent report reviewer,0.0|1.1|2.1,https://asimfish.github.io/astra-control-dashboard/media/Lift__code__privileged__codex-gpt-6-astra__s0__20260907T112729Z/ep04.mp4,assets/astra/audit/8a58dcf42471797f.jpg,52288,09a33e966162454907b36f686b4b79aff84ec0e006dbe9636eb82950e1ae7caf,256,256,10/1,2.3,23,True
robosuite:20260908T132433Z:ep00,Panda / MuJoCo,Lift,robosuite,code/privileged,,v3,True,,agentview,usable_with_limits,partial_progress_visible,固定斜前方近景 agentview；红块与夹爪清楚，白色无纹理台面缺少高度参照，机器人上部出画。,所查帧场景和机械臂可辨识；固定单视角与夹爪遮挡限制接触、深度和释放判断。未据三帧排除帧间闪烁或穿透。,可见夹爪从块体上方接近至夹持/接触姿态；末帧红块在夹爪下方，单视角白底不足以独立确认离台高度和提升阈值。,sparse_three_frames|not_continuous_visual_review|numerical_success_threshold_not_visually_certified|weak_height_depth_cues|gripper_object_occlusion,gpt-6-astra independent report reviewer,0.0|1.4|2.7,https://asimfish.github.io/astra-control-dashboard/media/Lift__code__privileged__codex-gpt-6-astra__s0__20260908T132433Z/ep00.mp4,assets/astra/audit/90b537b9ec1b6d8b.jpg,71724,b48f99b90f5d22793dab2ca57ceebf453619e33141b4e21ed10d4684c4b4a50c,256,256,10/1,2.9,29,True
robosuite:20260908T132433Z:ep01,Panda / MuJoCo,Lift,robosuite,code/privileged,,v3,True,,agentview,usable_with_limits,partial_progress_visible,固定斜前方近景 agentview；红块与夹爪清楚，白色无纹理台面缺少高度参照，机器人上部出画。,所查帧场景和机械臂可辨识；固定单视角与夹爪遮挡限制接触、深度和释放判断。未据三帧排除帧间闪烁或穿透。,可见夹爪从块体上方接近至夹持/接触姿态；末帧红块在夹爪下方，单视角白底不足以独立确认离台高度和提升阈值。,sparse_three_frames|not_continuous_visual_review|numerical_success_threshold_not_visually_certified|weak_height_depth_cues|gripper_object_occlusion,gpt-6-astra independent report reviewer,0.0|1.2|2.2,https://asimfish.github.io/astra-control-dashboard/media/Lift__code__privileged__codex-gpt-6-astra__s0__20260908T132433Z/ep01.mp4,assets/astra/audit/1c05e83f7d551166.jpg,57389,59522a5cc36c481cf17b0fe03ef8ea72cb1781dea8f413f850ea929aca471e51,256,256,10/1,2.4,24,True
robosuite:20260908T132433Z:ep02,Panda / MuJoCo,Lift,robosuite,code/privileged,,v3,True,,agentview,usable_with_limits,partial_progress_visible,固定斜前方近景 agentview；红块与夹爪清楚，白色无纹理台面缺少高度参照，机器人上部出画。,所查帧场景和机械臂可辨识；固定单视角与夹爪遮挡限制接触、深度和释放判断。未据三帧排除帧间闪烁或穿透。,可见夹爪从块体上方接近至夹持/接触姿态；末帧红块在夹爪下方，单视角白底不足以独立确认离台高度和提升阈值。,sparse_three_frames|not_continuous_visual_review|numerical_success_threshold_not_visually_certified|weak_height_depth_cues|gripper_object_occlusion,gpt-6-astra independent report reviewer,0.0|1.2|2.3,https://asimfish.github.io/astra-control-dashboard/media/Lift__code__privileged__codex-gpt-6-astra__s0__20260908T132433Z/ep02.mp4,assets/astra/audit/f4ba4bf68c711b8b.jpg,66541,5add1b3c5da66572b79ccdaa9b89734a9f74345f401c1c81e6c1ee7220be4fe0,256,256,10/1,2.5,25,True
robosuite:20260908T132433Z:ep03,Panda / MuJoCo,Lift,robosuite,code/privileged,,v3,True,,agentview,usable_with_limits,partial_progress_visible,固定斜前方近景 agentview；红块与夹爪清楚，白色无纹理台面缺少高度参照，机器人上部出画。,所查帧场景和机械臂可辨识；固定单视角与夹爪遮挡限制接触、深度和释放判断。未据三帧排除帧间闪烁或穿透。,可见夹爪从块体上方接近至夹持/接触姿态；末帧红块在夹爪下方，单视角白底不足以独立确认离台高度和提升阈值。,sparse_three_frames|not_continuous_visual_review|numerical_success_threshold_not_visually_certified|weak_height_depth_cues|gripper_object_occlusion,gpt-6-astra independent report reviewer,0.0|1.3|2.5,https://asimfish.github.io/astra-control-dashboard/media/Lift__code__privileged__codex-gpt-6-astra__s0__20260908T132433Z/ep03.mp4,assets/astra/audit/9b3a632437d455fd.jpg,64607,1ec8d5882b3e4227d8b25a68ab8d8babf7daf04b451e87061e351abe6f4b918c,256,256,10/1,2.7,27,True
robosuite:20260908T132433Z:ep04,Panda / MuJoCo,Lift,robosuite,code/privileged,,v3,True,,agentview,usable_with_limits,partial_progress_visible,固定斜前方近景 agentview；红块与夹爪清楚，白色无纹理台面缺少高度参照，机器人上部出画。,所查帧场景和机械臂可辨识；固定单视角与夹爪遮挡限制接触、深度和释放判断。未据三帧排除帧间闪烁或穿透。,可见夹爪从块体上方接近至夹持/接触姿态；末帧红块在夹爪下方，单视角白底不足以独立确认离台高度和提升阈值。,sparse_three_frames|not_continuous_visual_review|numerical_success_threshold_not_visually_certified|weak_height_depth_cues|gripper_object_occlusion,gpt-6-astra independent report reviewer,0.0|1.4|2.6,https://asimfish.github.io/astra-control-dashboard/media/Lift__code__privileged__codex-gpt-6-astra__s0__20260908T132433Z/ep04.mp4,assets/astra/audit/8b743a6b419fa537.jpg,70771,7f339b12bf4faa018172d7da5c7949599ab1832e3eeeef1af575fd8204c8eaa1,256,256,10/1,2.8,28,True
robosuite:20260908T132433Z:ep05,Panda / MuJoCo,Lift,robosuite,code/privileged,,v3,True,,agentview,usable_with_limits,partial_progress_visible,固定斜前方近景 agentview；红块与夹爪清楚，白色无纹理台面缺少高度参照，机器人上部出画。,所查帧场景和机械臂可辨识；固定单视角与夹爪遮挡限制接触、深度和释放判断。未据三帧排除帧间闪烁或穿透。,可见夹爪从块体上方接近至夹持/接触姿态；末帧红块在夹爪下方，单视角白底不足以独立确认离台高度和提升阈值。,sparse_three_frames|not_continuous_visual_review|numerical_success_threshold_not_visually_certified|weak_height_depth_cues|gripper_object_occlusion,gpt-6-astra independent report reviewer,0.0|1.1|2.1,https://asimfish.github.io/astra-control-dashboard/media/Lift__code__privileged__codex-gpt-6-astra__s0__20260908T132433Z/ep05.mp4,assets/astra/audit/f54dd65b6d5ee319.jpg,58925,a38f78f149f3fb5d05faf396c1e6847a9cbbde19ecfbd9881de937d3b35ced92,256,256,10/1,2.3,23,True
robosuite:20260908T132433Z:ep06,Panda / MuJoCo,Lift,robosuite,code/privileged,,v3,True,,agentview,usable_with_limits,partial_progress_visible,固定斜前方近景 agentview；红块与夹爪清楚，白色无纹理台面缺少高度参照，机器人上部出画。,所查帧场景和机械臂可辨识；固定单视角与夹爪遮挡限制接触、深度和释放判断。未据三帧排除帧间闪烁或穿透。,可见夹爪从块体上方接近至夹持/接触姿态；末帧红块在夹爪下方，单视角白底不足以独立确认离台高度和提升阈值。,sparse_three_frames|not_continuous_visual_review|numerical_success_threshold_not_visually_certified|weak_height_depth_cues|gripper_object_occlusion,gpt-6-astra independent report reviewer,0.0|1.2|2.3,https://asimfish.github.io/astra-control-dashboard/media/Lift__code__privileged__codex-gpt-6-astra__s0__20260908T132433Z/ep06.mp4,assets/astra/audit/c058531574f1f6a9.jpg,57103,bcfa6f91b4ac8f9b987115b433ff53989bc64c06cc5e3f04e4959b9910afa207,256,256,10/1,2.5,25,True
robosuite:20260908T132433Z:ep07,Panda / MuJoCo,Lift,robosuite,code/privileged,,v3,True,,agentview,usable_with_limits,partial_progress_visible,固定斜前方近景 agentview；红块与夹爪清楚，白色无纹理台面缺少高度参照，机器人上部出画。,所查帧场景和机械臂可辨识；固定单视角与夹爪遮挡限制接触、深度和释放判断。未据三帧排除帧间闪烁或穿透。,可见夹爪从块体上方接近至夹持/接触姿态；末帧红块在夹爪下方，单视角白底不足以独立确认离台高度和提升阈值。,sparse_three_frames|not_continuous_visual_review|numerical_success_threshold_not_visually_certified|weak_height_depth_cues|gripper_object_occlusion,gpt-6-astra independent report reviewer,0.0|1.4|2.6,https://asimfish.github.io/astra-control-dashboard/media/Lift__code__privileged__codex-gpt-6-astra__s0__20260908T132433Z/ep07.mp4,assets/astra/audit/a388e10df67acb00.jpg,69525,fd7a30d2ad40a4781a6cd051e77e69bfb6cc572cd052bcc0507d1f2cf1ac6f9e,256,256,10/1,2.8,28,True
robosuite:20260908T132433Z:ep08,Panda / MuJoCo,Lift,robosuite,code/privileged,,v3,True,,agentview,usable_with_limits,partial_progress_visible,固定斜前方近景 agentview；红块与夹爪清楚，白色无纹理台面缺少高度参照，机器人上部出画。,所查帧场景和机械臂可辨识；固定单视角与夹爪遮挡限制接触、深度和释放判断。未据三帧排除帧间闪烁或穿透。,可见夹爪从块体上方接近至夹持/接触姿态；末帧红块在夹爪下方，单视角白底不足以独立确认离台高度和提升阈值。,sparse_three_frames|not_continuous_visual_review|numerical_success_threshold_not_visually_certified|weak_height_depth_cues|gripper_object_occlusion,gpt-6-astra independent report reviewer,0.0|1.5|2.8,https://asimfish.github.io/astra-control-dashboard/media/Lift__code__privileged__codex-gpt-6-astra__s0__20260908T132433Z/ep08.mp4,assets/astra/audit/ca90160c704630d4.jpg,73670,73b4922ad34e245b582a22ed06967433205840ae98060299e0561d64c0160744,256,256,10/1,3.0,30,True
robosuite:20260908T132433Z:ep09,Panda / MuJoCo,Lift,robosuite,code/privileged,,v3,True,,agentview,usable_with_limits,partial_progress_visible,固定斜前方近景 agentview；红块与夹爪清楚，白色无纹理台面缺少高度参照，机器人上部出画。,所查帧场景和机械臂可辨识；固定单视角与夹爪遮挡限制接触、深度和释放判断。未据三帧排除帧间闪烁或穿透。,可见夹爪从块体上方接近至夹持/接触姿态；末帧红块在夹爪下方，单视角白底不足以独立确认离台高度和提升阈值。,sparse_three_frames|not_continuous_visual_review|numerical_success_threshold_not_visually_certified|weak_height_depth_cues|gripper_object_occlusion,gpt-6-astra independent report reviewer,0.0|1.3|2.5,https://asimfish.github.io/astra-control-dashboard/media/Lift__code__privileged__codex-gpt-6-astra__s0__20260908T132433Z/ep09.mp4,assets/astra/audit/d6848ac0370a5887.jpg,65017,0cd063c585b3d09f947359725de01cf76dd25e3b8933d5794d82ce6d570a6743,256,256,10/1,2.7,27,True
robosuite:20260908T132433Z:ep10,Panda / MuJoCo,Lift,robosuite,code/privileged,,v3,True,,agentview,usable_with_limits,partial_progress_visible,固定斜前方近景 agentview；红块与夹爪清楚，白色无纹理台面缺少高度参照，机器人上部出画。,所查帧场景和机械臂可辨识；固定单视角与夹爪遮挡限制接触、深度和释放判断。未据三帧排除帧间闪烁或穿透。,可见夹爪从块体上方接近至夹持/接触姿态；末帧红块在夹爪下方，单视角白底不足以独立确认离台高度和提升阈值。,sparse_three_frames|not_continuous_visual_review|numerical_success_threshold_not_visually_certified|weak_height_depth_cues|gripper_object_occlusion,gpt-6-astra independent report reviewer,0.0|1.4|2.6,https://asimfish.github.io/astra-control-dashboard/media/Lift__code__privileged__codex-gpt-6-astra__s0__20260908T132433Z/ep10.mp4,assets/astra/audit/89b0a6c45c4172c0.jpg,61946,3fb0fb7fedb0081c013a5bb7a7718ee391c5798205f39eb090f3adce3bc22eba,256,256,10/1,2.8,28,True
robosuite:20260908T132433Z:ep11,Panda / MuJoCo,Lift,robosuite,code/privileged,,v3,True,,agentview,usable_with_limits,partial_progress_visible,固定斜前方近景 agentview；红块与夹爪清楚，白色无纹理台面缺少高度参照，机器人上部出画。,所查帧场景和机械臂可辨识；固定单视角与夹爪遮挡限制接触、深度和释放判断。未据三帧排除帧间闪烁或穿透。,可见夹爪从块体上方接近至夹持/接触姿态；末帧红块在夹爪下方，单视角白底不足以独立确认离台高度和提升阈值。,sparse_three_frames|not_continuous_visual_review|numerical_success_threshold_not_visually_certified|weak_height_depth_cues|gripper_object_occlusion,gpt-6-astra independent report reviewer,0.0|1.3|2.5,https://asimfish.github.io/astra-control-dashboard/media/Lift__code__privileged__codex-gpt-6-astra__s0__20260908T132433Z/ep11.mp4,assets/astra/audit/095d08c8071d59f6.jpg,68352,f52ea72ecdf4f360cc78c02f5b932cbc16153df81814585c4de2855aaeafa30d,256,256,10/1,2.7,27,True
robosuite:20260908T132433Z:ep12,Panda / MuJoCo,Lift,robosuite,code/privileged,,v3,True,,agentview,usable_with_limits,partial_progress_visible,固定斜前方近景 agentview；红块与夹爪清楚，白色无纹理台面缺少高度参照，机器人上部出画。,所查帧场景和机械臂可辨识；固定单视角与夹爪遮挡限制接触、深度和释放判断。未据三帧排除帧间闪烁或穿透。,可见夹爪从块体上方接近至夹持/接触姿态；末帧红块在夹爪下方，单视角白底不足以独立确认离台高度和提升阈值。,sparse_three_frames|not_continuous_visual_review|numerical_success_threshold_not_visually_certified|weak_height_depth_cues|gripper_object_occlusion,gpt-6-astra independent report reviewer,0.0|1.5|2.9,https://asimfish.github.io/astra-control-dashboard/media/Lift__code__privileged__codex-gpt-6-astra__s0__20260908T132433Z/ep12.mp4,assets/astra/audit/b6a8cdf5614fd498.jpg,66195,599ca201c8221d644305ec73ee4286e31796569124a18640384ac7d48bd70d95,256,256,10/1,3.1,31,True
robosuite:20260908T132433Z:ep13,Panda / MuJoCo,Lift,robosuite,code/privileged,,v3,True,,agentview,usable_with_limits,partial_progress_visible,固定斜前方近景 agentview；红块与夹爪清楚，白色无纹理台面缺少高度参照，机器人上部出画。,所查帧场景和机械臂可辨识；固定单视角与夹爪遮挡限制接触、深度和释放判断。未据三帧排除帧间闪烁或穿透。,可见夹爪从块体上方接近至夹持/接触姿态；末帧红块在夹爪下方，单视角白底不足以独立确认离台高度和提升阈值。,sparse_three_frames|not_continuous_visual_review|numerical_success_threshold_not_visually_certified|weak_height_depth_cues|gripper_object_occlusion,gpt-6-astra independent report reviewer,0.0|1.1|2.1,https://asimfish.github.io/astra-control-dashboard/media/Lift__code__privileged__codex-gpt-6-astra__s0__20260908T132433Z/ep13.mp4,assets/astra/audit/faff50da9848ab35.jpg,60612,f1793ebd03ee3c0553f7a4b9f01a2bd883456d41edf17499c1bce1e7b3fefd79,256,256,10/1,2.3,23,True
robosuite:20260908T132433Z:ep14,Panda / MuJoCo,Lift,robosuite,code/privileged,,v3,True,,agentview,usable_with_limits,partial_progress_visible,固定斜前方近景 agentview；红块与夹爪清楚，白色无纹理台面缺少高度参照，机器人上部出画。,所查帧场景和机械臂可辨识；固定单视角与夹爪遮挡限制接触、深度和释放判断。未据三帧排除帧间闪烁或穿透。,可见夹爪从块体上方接近至夹持/接触姿态；末帧红块在夹爪下方，单视角白底不足以独立确认离台高度和提升阈值。,sparse_three_frames|not_continuous_visual_review|numerical_success_threshold_not_visually_certified|weak_height_depth_cues|gripper_object_occlusion,gpt-6-astra independent report reviewer,0.0|1.2|2.3,https://asimfish.github.io/astra-control-dashboard/media/Lift__code__privileged__codex-gpt-6-astra__s0__20260908T132433Z/ep14.mp4,assets/astra/audit/28dec402a8358893.jpg,63345,a13814203e49374830428a48e4165f872497ab6325370c45ee79ee6e129697f9,256,256,10/1,2.5,25,True
robosuite:20260908T132433Z:ep15,Panda / MuJoCo,Lift,robosuite,code/privileged,,v3,True,,agentview,usable_with_limits,partial_progress_visible,固定斜前方近景 agentview；红块与夹爪清楚，白色无纹理台面缺少高度参照，机器人上部出画。,所查帧场景和机械臂可辨识；固定单视角与夹爪遮挡限制接触、深度和释放判断。未据三帧排除帧间闪烁或穿透。,可见夹爪从块体上方接近至夹持/接触姿态；末帧红块在夹爪下方，单视角白底不足以独立确认离台高度和提升阈值。,sparse_three_frames|not_continuous_visual_review|numerical_success_threshold_not_visually_certified|weak_height_depth_cues|gripper_object_occlusion,gpt-6-astra independent report reviewer,0.0|1.2|2.2,https://asimfish.github.io/astra-control-dashboard/media/Lift__code__privileged__codex-gpt-6-astra__s0__20260908T132433Z/ep15.mp4,assets/astra/audit/f863ebd3a99d7a1f.jpg,58770,7a7b1f2ac00b8f8b869cc7d08898c286cf6b4c914d01d6e24b2b5a4b5527d245,256,256,10/1,2.4,24,True
robosuite:20260908T132433Z:ep16,Panda / MuJoCo,Lift,robosuite,code/privileged,,v3,True,,agentview,usable_with_limits,partial_progress_visible,固定斜前方近景 agentview；红块与夹爪清楚，白色无纹理台面缺少高度参照，机器人上部出画。,所查帧场景和机械臂可辨识；固定单视角与夹爪遮挡限制接触、深度和释放判断。未据三帧排除帧间闪烁或穿透。,可见夹爪从块体上方接近至夹持/接触姿态；末帧红块在夹爪下方，单视角白底不足以独立确认离台高度和提升阈值。,sparse_three_frames|not_continuous_visual_review|numerical_success_threshold_not_visually_certified|weak_height_depth_cues|gripper_object_occlusion,gpt-6-astra independent report reviewer,0.0|1.1|2.1,https://asimfish.github.io/astra-control-dashboard/media/Lift__code__privileged__codex-gpt-6-astra__s0__20260908T132433Z/ep16.mp4,assets/astra/audit/85c4929a24b6a838.jpg,58206,8e0c4adbc844da01c7973a3567da2c25fc7f9cb88d1b00d7e6fe0aeba9568eb2,256,256,10/1,2.3,23,True
robosuite:20260908T132433Z:ep17,Panda / MuJoCo,Lift,robosuite,code/privileged,,v3,True,,agentview,usable_with_limits,partial_progress_visible,固定斜前方近景 agentview；红块与夹爪清楚，白色无纹理台面缺少高度参照，机器人上部出画。,所查帧场景和机械臂可辨识；固定单视角与夹爪遮挡限制接触、深度和释放判断。未据三帧排除帧间闪烁或穿透。,可见夹爪从块体上方接近至夹持/接触姿态；末帧红块在夹爪下方，单视角白底不足以独立确认离台高度和提升阈值。,sparse_three_frames|not_continuous_visual_review|numerical_success_threshold_not_visually_certified|weak_height_depth_cues|gripper_object_occlusion,gpt-6-astra independent report reviewer,0.0|1.3|2.4,https://asimfish.github.io/astra-control-dashboard/media/Lift__code__privileged__codex-gpt-6-astra__s0__20260908T132433Z/ep17.mp4,assets/astra/audit/f7a88b480ba09c6c.jpg,69657,e0c8f86a18603ed85b45ff125139000d5532d6a9ccb31659855307d9d4966fa9,256,256,10/1,2.6,26,True
robosuite:20260908T132433Z:ep18,Panda / MuJoCo,Lift,robosuite,code/privileged,,v3,True,,agentview,usable_with_limits,partial_progress_visible,固定斜前方近景 agentview；红块与夹爪清楚，白色无纹理台面缺少高度参照，机器人上部出画。,所查帧场景和机械臂可辨识；固定单视角与夹爪遮挡限制接触、深度和释放判断。未据三帧排除帧间闪烁或穿透。,可见夹爪从块体上方接近至夹持/接触姿态；末帧红块在夹爪下方，单视角白底不足以独立确认离台高度和提升阈值。,sparse_three_frames|not_continuous_visual_review|numerical_success_threshold_not_visually_certified|weak_height_depth_cues|gripper_object_occlusion,gpt-6-astra independent report reviewer,0.0|1.3|2.4,https://asimfish.github.io/astra-control-dashboard/media/Lift__code__privileged__codex-gpt-6-astra__s0__20260908T132433Z/ep18.mp4,assets/astra/audit/514a2a0066281ddd.jpg,71282,a1164cadc8a070a5830babc8ea35e4e181f60a707a1051eeb5ede123f2f51676,256,256,10/1,2.6,26,True
robosuite:20260908T132433Z:ep19,Panda / MuJoCo,Lift,robosuite,code/privileged,,v3,True,,agentview,usable_with_limits,partial_progress_visible,固定斜前方近景 agentview；红块与夹爪清楚，白色无纹理台面缺少高度参照，机器人上部出画。,所查帧场景和机械臂可辨识；固定单视角与夹爪遮挡限制接触、深度和释放判断。未据三帧排除帧间闪烁或穿透。,可见夹爪从块体上方接近至夹持/接触姿态；末帧红块在夹爪下方，单视角白底不足以独立确认离台高度和提升阈值。,sparse_three_frames|not_continuous_visual_review|numerical_success_threshold_not_visually_certified|weak_height_depth_cues|gripper_object_occlusion,gpt-6-astra independent report reviewer,0.0|1.2|2.3,https://asimfish.github.io/astra-control-dashboard/media/Lift__code__privileged__codex-gpt-6-astra__s0__20260908T132433Z/ep19.mp4,assets/astra/audit/8125169b229912ee.jpg,62619,ff4dd0c54c8eaa1e6a6591603d6f8a164c5c2b7d2d4c9e28376e403d984f83e0,256,256,10/1,2.5,25,True
robosuite:20260907T113113Z:ep00,Panda / MuJoCo,Lift,robosuite,code/proprio,,v1,True,,agentview,usable_with_limits,partial_progress_visible,固定斜前方近景 agentview；红块与夹爪清楚，白色无纹理台面缺少高度参照，机器人上部出画。,所查帧场景和机械臂可辨识；固定单视角与夹爪遮挡限制接触、深度和释放判断。未据三帧排除帧间闪烁或穿透。,可见夹爪从块体上方接近至夹持/接触姿态；末帧红块在夹爪下方，单视角白底不足以独立确认离台高度和提升阈值。,sparse_three_frames|not_continuous_visual_review|numerical_success_threshold_not_visually_certified|weak_height_depth_cues|gripper_object_occlusion,gpt-6-astra independent report reviewer,0.0|1.3|2.4,https://asimfish.github.io/astra-control-dashboard/media/Lift__code__proprio__codex-gpt-6-astra__s0__20260907T113113Z/ep00.mp4,assets/astra/audit/95ee6c2ba4189f46.jpg,60519,ac6de9ad436ef7b44dc193383cb5bcd29b9eb4fe440c98c92d76a75cdae86329,256,256,10/1,2.6,26,True
robosuite:20260907T113113Z:ep01,Panda / MuJoCo,Lift,robosuite,code/proprio,,v1,True,,agentview,usable_with_limits,partial_progress_visible,固定斜前方近景 agentview；红块与夹爪清楚，白色无纹理台面缺少高度参照，机器人上部出画。,所查帧场景和机械臂可辨识；固定单视角与夹爪遮挡限制接触、深度和释放判断。未据三帧排除帧间闪烁或穿透。,可见夹爪从块体上方接近至夹持/接触姿态；末帧红块在夹爪下方，单视角白底不足以独立确认离台高度和提升阈值。,sparse_three_frames|not_continuous_visual_review|numerical_success_threshold_not_visually_certified|weak_height_depth_cues|gripper_object_occlusion,gpt-6-astra independent report reviewer,0.0|1.2|2.3,https://asimfish.github.io/astra-control-dashboard/media/Lift__code__proprio__codex-gpt-6-astra__s0__20260907T113113Z/ep01.mp4,assets/astra/audit/cafb8c1813c9623b.jpg,63744,0ab883f78242a656b5fb7fbc143ff5a806be0fe8609cc8abd11f97e1a198093f,256,256,10/1,2.5,25,True
robosuite:20260907T113113Z:ep02,Panda / MuJoCo,Lift,robosuite,code/proprio,,v1,True,,agentview,usable_with_limits,partial_progress_visible,固定斜前方近景 agentview；红块与夹爪清楚，白色无纹理台面缺少高度参照，机器人上部出画。,所查帧场景和机械臂可辨识；固定单视角与夹爪遮挡限制接触、深度和释放判断。未据三帧排除帧间闪烁或穿透。,可见夹爪从块体上方接近至夹持/接触姿态；末帧红块在夹爪下方，单视角白底不足以独立确认离台高度和提升阈值。,sparse_three_frames|not_continuous_visual_review|numerical_success_threshold_not_visually_certified|weak_height_depth_cues|gripper_object_occlusion,gpt-6-astra independent report reviewer,0.0|1.2|2.2,https://asimfish.github.io/astra-control-dashboard/media/Lift__code__proprio__codex-gpt-6-astra__s0__20260907T113113Z/ep02.mp4,assets/astra/audit/db99e758e08e916d.jpg,61052,30768d931a33faf1af18bfff7c9480ad277bec1d3531e6664b384aabab6d1a98,256,256,10/1,2.4,24,True
robosuite:20260907T113113Z:ep03,Panda / MuJoCo,Lift,robosuite,code/proprio,,v1,True,,agentview,usable_with_limits,partial_progress_visible,固定斜前方近景 agentview；红块与夹爪清楚，白色无纹理台面缺少高度参照，机器人上部出画。,所查帧场景和机械臂可辨识；固定单视角与夹爪遮挡限制接触、深度和释放判断。未据三帧排除帧间闪烁或穿透。,可见夹爪从块体上方接近至夹持/接触姿态；末帧红块在夹爪下方，单视角白底不足以独立确认离台高度和提升阈值。,sparse_three_frames|not_continuous_visual_review|numerical_success_threshold_not_visually_certified|weak_height_depth_cues|gripper_object_occlusion,gpt-6-astra independent report reviewer,0.0|1.2|2.3,https://asimfish.github.io/astra-control-dashboard/media/Lift__code__proprio__codex-gpt-6-astra__s0__20260907T113113Z/ep03.mp4,assets/astra/audit/ee8b3492cee82a7c.jpg,69576,4169667c892980de5a4a1e2ab8ed1d353540cad19329a862a0d860a760248b3d,256,256,10/1,2.5,25,True
robosuite:20260907T113113Z:ep04,Panda / MuJoCo,Lift,robosuite,code/proprio,,v1,True,,agentview,usable_with_limits,partial_progress_visible,固定斜前方近景 agentview；红块与夹爪清楚，白色无纹理台面缺少高度参照，机器人上部出画。,所查帧场景和机械臂可辨识；固定单视角与夹爪遮挡限制接触、深度和释放判断。未据三帧排除帧间闪烁或穿透。,可见夹爪从块体上方接近至夹持/接触姿态；末帧红块在夹爪下方，单视角白底不足以独立确认离台高度和提升阈值。,sparse_three_frames|not_continuous_visual_review|numerical_success_threshold_not_visually_certified|weak_height_depth_cues|gripper_object_occlusion,gpt-6-astra independent report reviewer,0.0|1.2|2.3,https://asimfish.github.io/astra-control-dashboard/media/Lift__code__proprio__codex-gpt-6-astra__s0__20260907T113113Z/ep04.mp4,assets/astra/audit/35d00678cc746384.jpg,56950,a2efa97a08b61c05fadd86baf787e7495b338bf540cd923a9eff273fd1396555,256,256,10/1,2.5,25,True
robosuite:20260908T134254Z:ep00,Panda / MuJoCo,Lift,robosuite,code/proprio,,v3,True,,agentview,usable_with_limits,partial_progress_visible,固定斜前方近景 agentview；红块与夹爪清楚，白色无纹理台面缺少高度参照，机器人上部出画。,所查帧场景和机械臂可辨识；固定单视角与夹爪遮挡限制接触、深度和释放判断。未据三帧排除帧间闪烁或穿透。,可见夹爪从块体上方接近至夹持/接触姿态；末帧红块在夹爪下方，单视角白底不足以独立确认离台高度和提升阈值。,sparse_three_frames|not_continuous_visual_review|numerical_success_threshold_not_visually_certified|weak_height_depth_cues|gripper_object_occlusion,gpt-6-astra independent report reviewer,0.0|1.2|2.3,https://asimfish.github.io/astra-control-dashboard/media/Lift__code__proprio__codex-gpt-6-astra__s0__20260908T134254Z/ep00.mp4,assets/astra/audit/059e1046a94a6318.jpg,66584,a8071a82867f5c48646cb13a4fcf5cb6a2af35d504a42491c50d8d3d42265e7e,256,256,10/1,2.5,25,True
robosuite:20260908T134254Z:ep01,Panda / MuJoCo,Lift,robosuite,code/proprio,,v3,True,,agentview,usable_with_limits,partial_progress_visible,固定斜前方近景 agentview；红块与夹爪清楚，白色无纹理台面缺少高度参照，机器人上部出画。,所查帧场景和机械臂可辨识；固定单视角与夹爪遮挡限制接触、深度和释放判断。未据三帧排除帧间闪烁或穿透。,可见夹爪从块体上方接近至夹持/接触姿态；末帧红块在夹爪下方，单视角白底不足以独立确认离台高度和提升阈值。,sparse_three_frames|not_continuous_visual_review|numerical_success_threshold_not_visually_certified|weak_height_depth_cues|gripper_object_occlusion,gpt-6-astra independent report reviewer,0.0|1.1|2.1,https://asimfish.github.io/astra-control-dashboard/media/Lift__code__proprio__codex-gpt-6-astra__s0__20260908T134254Z/ep01.mp4,assets/astra/audit/025ab9d31162b33d.jpg,56485,aa6257cf54cf18bda1d32e6431dbdb1bfff5ecb506e9e35ee49b49af2aa638b9,256,256,10/1,2.3,23,True
robosuite:20260908T134254Z:ep02,Panda / MuJoCo,Lift,robosuite,code/proprio,,v3,True,,agentview,usable_with_limits,partial_progress_visible,固定斜前方近景 agentview；红块与夹爪清楚，白色无纹理台面缺少高度参照，机器人上部出画。,所查帧场景和机械臂可辨识；固定单视角与夹爪遮挡限制接触、深度和释放判断。未据三帧排除帧间闪烁或穿透。,可见夹爪从块体上方接近至夹持/接触姿态；末帧红块在夹爪下方，单视角白底不足以独立确认离台高度和提升阈值。,sparse_three_frames|not_continuous_visual_review|numerical_success_threshold_not_visually_certified|weak_height_depth_cues|gripper_object_occlusion,gpt-6-astra independent report reviewer,0.0|1.3|2.4,https://asimfish.github.io/astra-control-dashboard/media/Lift__code__proprio__codex-gpt-6-astra__s0__20260908T134254Z/ep02.mp4,assets/astra/audit/be72d5825d5e4ecc.jpg,67540,518f9db584dc0889bcf2920f7a49dc0e4b1b50c72aa7e011a2ed25fa861580ad,256,256,10/1,2.6,26,True
robosuite:20260908T134254Z:ep03,Panda / MuJoCo,Lift,robosuite,code/proprio,,v3,True,,agentview,usable_with_limits,partial_progress_visible,固定斜前方近景 agentview；红块与夹爪清楚，白色无纹理台面缺少高度参照，机器人上部出画。,所查帧场景和机械臂可辨识；固定单视角与夹爪遮挡限制接触、深度和释放判断。未据三帧排除帧间闪烁或穿透。,可见夹爪从块体上方接近至夹持/接触姿态；末帧红块在夹爪下方，单视角白底不足以独立确认离台高度和提升阈值。,sparse_three_frames|not_continuous_visual_review|numerical_success_threshold_not_visually_certified|weak_height_depth_cues|gripper_object_occlusion,gpt-6-astra independent report reviewer,0.0|1.2|2.3,https://asimfish.github.io/astra-control-dashboard/media/Lift__code__proprio__codex-gpt-6-astra__s0__20260908T134254Z/ep03.mp4,assets/astra/audit/3650b8925657ed88.jpg,60040,d7cc18ab1f83182aff6ed0878b05154e89217adad9a6f26d848d7458091dc706,256,256,10/1,2.5,25,True
robosuite:20260908T134254Z:ep04,Panda / MuJoCo,Lift,robosuite,code/proprio,,v3,True,,agentview,usable_with_limits,partial_progress_visible,固定斜前方近景 agentview；红块与夹爪清楚，白色无纹理台面缺少高度参照，机器人上部出画。,所查帧场景和机械臂可辨识；固定单视角与夹爪遮挡限制接触、深度和释放判断。未据三帧排除帧间闪烁或穿透。,可见夹爪从块体上方接近至夹持/接触姿态；末帧红块在夹爪下方，单视角白底不足以独立确认离台高度和提升阈值。,sparse_three_frames|not_continuous_visual_review|numerical_success_threshold_not_visually_certified|weak_height_depth_cues|gripper_object_occlusion,gpt-6-astra independent report reviewer,0.0|1.2|2.3,https://asimfish.github.io/astra-control-dashboard/media/Lift__code__proprio__codex-gpt-6-astra__s0__20260908T134254Z/ep04.mp4,assets/astra/audit/79d01ededd92a911.jpg,60786,8f02eedf850ccbd143902dddf8a05a94c6caee9454439ce8836400c361f38f2c,256,256,10/1,2.5,25,True
robosuite:20260908T134254Z:ep05,Panda / MuJoCo,Lift,robosuite,code/proprio,,v3,True,,agentview,usable_with_limits,partial_progress_visible,固定斜前方近景 agentview；红块与夹爪清楚，白色无纹理台面缺少高度参照，机器人上部出画。,所查帧场景和机械臂可辨识；固定单视角与夹爪遮挡限制接触、深度和释放判断。未据三帧排除帧间闪烁或穿透。,可见夹爪从块体上方接近至夹持/接触姿态；末帧红块在夹爪下方，单视角白底不足以独立确认离台高度和提升阈值。,sparse_three_frames|not_continuous_visual_review|numerical_success_threshold_not_visually_certified|weak_height_depth_cues|gripper_object_occlusion,gpt-6-astra independent report reviewer,0.0|1.2|2.2,https://asimfish.github.io/astra-control-dashboard/media/Lift__code__proprio__codex-gpt-6-astra__s0__20260908T134254Z/ep05.mp4,assets/astra/audit/103dc207d4609400.jpg,61229,a3d2c2f9a34633245c42d6a68b1a8c569e50dfb5e5dc6bfa6b62c0d34c2024b3,256,256,10/1,2.4,24,True
robosuite:20260908T134254Z:ep06,Panda / MuJoCo,Lift,robosuite,code/proprio,,v3,True,,agentview,usable_with_limits,partial_progress_visible,固定斜前方近景 agentview；红块与夹爪清楚，白色无纹理台面缺少高度参照，机器人上部出画。,所查帧场景和机械臂可辨识；固定单视角与夹爪遮挡限制接触、深度和释放判断。未据三帧排除帧间闪烁或穿透。,可见夹爪从块体上方接近至夹持/接触姿态；末帧红块在夹爪下方，单视角白底不足以独立确认离台高度和提升阈值。,sparse_three_frames|not_continuous_visual_review|numerical_success_threshold_not_visually_certified|weak_height_depth_cues|gripper_object_occlusion,gpt-6-astra independent report reviewer,0.0|1.1|2.1,https://asimfish.github.io/astra-control-dashboard/media/Lift__code__proprio__codex-gpt-6-astra__s0__20260908T134254Z/ep06.mp4,assets/astra/audit/bb06debc2376e59c.jpg,54936,f3ab81d4b3b044a8591225b7fd4774b5fecf3dff7f8ad3cfe286d0534e0d4cd0,256,256,10/1,2.3,23,True
robosuite:20260908T134254Z:ep07,Panda / MuJoCo,Lift,robosuite,code/proprio,,v3,True,,agentview,usable_with_limits,partial_progress_visible,固定斜前方近景 agentview；红块与夹爪清楚，白色无纹理台面缺少高度参照，机器人上部出画。,所查帧场景和机械臂可辨识；固定单视角与夹爪遮挡限制接触、深度和释放判断。未据三帧排除帧间闪烁或穿透。,可见夹爪从块体上方接近至夹持/接触姿态；末帧红块在夹爪下方，单视角白底不足以独立确认离台高度和提升阈值。,sparse_three_frames|not_continuous_visual_review|numerical_success_threshold_not_visually_certified|weak_height_depth_cues|gripper_object_occlusion,gpt-6-astra independent report reviewer,0.0|1.3|2.4,https://asimfish.github.io/astra-control-dashboard/media/Lift__code__proprio__codex-gpt-6-astra__s0__20260908T134254Z/ep07.mp4,assets/astra/audit/a3e86f67dbca96a8.jpg,68019,6d4bcbb6b25d9753b6953ee1e8b92f22eba91360756e4a3182b3216450e9fcba,256,256,10/1,2.6,26,True
robosuite:20260908T134254Z:ep08,Panda / MuJoCo,Lift,robosuite,code/proprio,,v3,True,,agentview,usable_with_limits,partial_progress_visible,固定斜前方近景 agentview；红块与夹爪清楚，白色无纹理台面缺少高度参照，机器人上部出画。,所查帧场景和机械臂可辨识；固定单视角与夹爪遮挡限制接触、深度和释放判断。未据三帧排除帧间闪烁或穿透。,可见夹爪从块体上方接近至夹持/接触姿态；末帧红块在夹爪下方，单视角白底不足以独立确认离台高度和提升阈值。,sparse_three_frames|not_continuous_visual_review|numerical_success_threshold_not_visually_certified|weak_height_depth_cues|gripper_object_occlusion,gpt-6-astra independent report reviewer,0.0|1.4|2.7,https://asimfish.github.io/astra-control-dashboard/media/Lift__code__proprio__codex-gpt-6-astra__s0__20260908T134254Z/ep08.mp4,assets/astra/audit/e1a7b12de7975e11.jpg,72730,d9ba732057dd2da76c8c07904f68e662e332e3e67fe02f8186b661f31f6d1748,256,256,10/1,2.9,29,True
robosuite:20260908T134254Z:ep09,Panda / MuJoCo,Lift,robosuite,code/proprio,,v3,True,,agentview,usable_with_limits,partial_progress_visible,固定斜前方近景 agentview；红块与夹爪清楚，白色无纹理台面缺少高度参照，机器人上部出画。,所查帧场景和机械臂可辨识；固定单视角与夹爪遮挡限制接触、深度和释放判断。未据三帧排除帧间闪烁或穿透。,可见夹爪从块体上方接近至夹持/接触姿态；末帧红块在夹爪下方，单视角白底不足以独立确认离台高度和提升阈值。,sparse_three_frames|not_continuous_visual_review|numerical_success_threshold_not_visually_certified|weak_height_depth_cues|gripper_object_occlusion,gpt-6-astra independent report reviewer,0.0|1.1|2.1,https://asimfish.github.io/astra-control-dashboard/media/Lift__code__proprio__codex-gpt-6-astra__s0__20260908T134254Z/ep09.mp4,assets/astra/audit/07d2a47b6dacb5aa.jpg,59571,7f13e3b6542b429ab66f0ede60c18dab4f21678beea2540cefbbcf63b3e6b27e,256,256,10/1,2.3,23,True
robosuite:20260908T134254Z:ep10,Panda / MuJoCo,Lift,robosuite,code/proprio,,v3,True,,agentview,usable_with_limits,partial_progress_visible,固定斜前方近景 agentview；红块与夹爪清楚，白色无纹理台面缺少高度参照，机器人上部出画。,所查帧场景和机械臂可辨识；固定单视角与夹爪遮挡限制接触、深度和释放判断。未据三帧排除帧间闪烁或穿透。,可见夹爪从块体上方接近至夹持/接触姿态；末帧红块在夹爪下方，单视角白底不足以独立确认离台高度和提升阈值。,sparse_three_frames|not_continuous_visual_review|numerical_success_threshold_not_visually_certified|weak_height_depth_cues|gripper_object_occlusion,gpt-6-astra independent report reviewer,0.0|1.1|2.1,https://asimfish.github.io/astra-control-dashboard/media/Lift__code__proprio__codex-gpt-6-astra__s0__20260908T134254Z/ep10.mp4,assets/astra/audit/f2a7d987650179d8.jpg,58990,5677838fe7522cd023adfc0842c7139cb32672d7b30ff8410f2e0a5788fe8ca1,256,256,10/1,2.3,23,True
robosuite:20260908T134254Z:ep11,Panda / MuJoCo,Lift,robosuite,code/proprio,,v3,True,,agentview,usable_with_limits,partial_progress_visible,固定斜前方近景 agentview；红块与夹爪清楚，白色无纹理台面缺少高度参照，机器人上部出画。,所查帧场景和机械臂可辨识；固定单视角与夹爪遮挡限制接触、深度和释放判断。未据三帧排除帧间闪烁或穿透。,可见夹爪从块体上方接近至夹持/接触姿态；末帧红块在夹爪下方，单视角白底不足以独立确认离台高度和提升阈值。,sparse_three_frames|not_continuous_visual_review|numerical_success_threshold_not_visually_certified|weak_height_depth_cues|gripper_object_occlusion,gpt-6-astra independent report reviewer,0.0|1.3|2.4,https://asimfish.github.io/astra-control-dashboard/media/Lift__code__proprio__codex-gpt-6-astra__s0__20260908T134254Z/ep11.mp4,assets/astra/audit/0fcd245f7084994a.jpg,68812,8770e86c8feffa95da1089383ab50ae464e32f05f1253faf3c860e208dd9e584,256,256,10/1,2.6,26,True
robosuite:20260908T134254Z:ep12,Panda / MuJoCo,Lift,robosuite,code/proprio,,v3,True,,agentview,usable_with_limits,partial_progress_visible,固定斜前方近景 agentview；红块与夹爪清楚，白色无纹理台面缺少高度参照，机器人上部出画。,所查帧场景和机械臂可辨识；固定单视角与夹爪遮挡限制接触、深度和释放判断。未据三帧排除帧间闪烁或穿透。,可见夹爪从块体上方接近至夹持/接触姿态；末帧红块在夹爪下方，单视角白底不足以独立确认离台高度和提升阈值。,sparse_three_frames|not_continuous_visual_review|numerical_success_threshold_not_visually_certified|weak_height_depth_cues|gripper_object_occlusion,gpt-6-astra independent report reviewer,0.0|1.2|2.3,https://asimfish.github.io/astra-control-dashboard/media/Lift__code__proprio__codex-gpt-6-astra__s0__20260908T134254Z/ep12.mp4,assets/astra/audit/16c044d2ed53efdc.jpg,58340,bb06c5f9009d9f3ce0fd031e87208e97277e7a0f00a89092da3b22ecff216dde,256,256,10/1,2.5,25,True
robosuite:20260908T134254Z:ep13,Panda / MuJoCo,Lift,robosuite,code/proprio,,v3,True,,agentview,usable_with_limits,partial_progress_visible,固定斜前方近景 agentview；红块与夹爪清楚，白色无纹理台面缺少高度参照，机器人上部出画。,所查帧场景和机械臂可辨识；固定单视角与夹爪遮挡限制接触、深度和释放判断。未据三帧排除帧间闪烁或穿透。,可见夹爪从块体上方接近至夹持/接触姿态；末帧红块在夹爪下方，单视角白底不足以独立确认离台高度和提升阈值。,sparse_three_frames|not_continuous_visual_review|numerical_success_threshold_not_visually_certified|weak_height_depth_cues|gripper_object_occlusion,gpt-6-astra independent report reviewer,0.0|1.1|2.1,https://asimfish.github.io/astra-control-dashboard/media/Lift__code__proprio__codex-gpt-6-astra__s0__20260908T134254Z/ep13.mp4,assets/astra/audit/c48537b8b4b9aefd.jpg,61291,697bf342416de2d803d209669b8dd56a785beb1552d94791af8cec0ddaf2a8f6,256,256,10/1,2.3,23,True
robosuite:20260908T134254Z:ep14,Panda / MuJoCo,Lift,robosuite,code/proprio,,v3,True,,agentview,usable_with_limits,partial_progress_visible,固定斜前方近景 agentview；红块与夹爪清楚，白色无纹理台面缺少高度参照，机器人上部出画。,所查帧场景和机械臂可辨识；固定单视角与夹爪遮挡限制接触、深度和释放判断。未据三帧排除帧间闪烁或穿透。,可见夹爪从块体上方接近至夹持/接触姿态；末帧红块在夹爪下方，单视角白底不足以独立确认离台高度和提升阈值。,sparse_three_frames|not_continuous_visual_review|numerical_success_threshold_not_visually_certified|weak_height_depth_cues|gripper_object_occlusion,gpt-6-astra independent report reviewer,0.0|1.2|2.2,https://asimfish.github.io/astra-control-dashboard/media/Lift__code__proprio__codex-gpt-6-astra__s0__20260908T134254Z/ep14.mp4,assets/astra/audit/b0ba513eb4eaff1c.jpg,61973,bfa2dc9f773516295a68f4e090cb44caab5cf72700a54ba4de7c741ddf99d7cb,256,256,10/1,2.4,24,True
robosuite:20260908T134254Z:ep15,Panda / MuJoCo,Lift,robosuite,code/proprio,,v3,True,,agentview,usable_with_limits,partial_progress_visible,固定斜前方近景 agentview；红块与夹爪清楚，白色无纹理台面缺少高度参照，机器人上部出画。,所查帧场景和机械臂可辨识；固定单视角与夹爪遮挡限制接触、深度和释放判断。未据三帧排除帧间闪烁或穿透。,可见夹爪从块体上方接近至夹持/接触姿态；末帧红块在夹爪下方，单视角白底不足以独立确认离台高度和提升阈值。,sparse_three_frames|not_continuous_visual_review|numerical_success_threshold_not_visually_certified|weak_height_depth_cues|gripper_object_occlusion,gpt-6-astra independent report reviewer,0.0|1.1|2.1,https://asimfish.github.io/astra-control-dashboard/media/Lift__code__proprio__codex-gpt-6-astra__s0__20260908T134254Z/ep15.mp4,assets/astra/audit/d58cee02022c17a7.jpg,52847,b0ef0552ed36692978509db12365732660c321197c893b85eb5c8db9208a5ca9,256,256,10/1,2.3,23,True
robosuite:20260908T134254Z:ep16,Panda / MuJoCo,Lift,robosuite,code/proprio,,v3,True,,agentview,usable_with_limits,partial_progress_visible,固定斜前方近景 agentview；红块与夹爪清楚，白色无纹理台面缺少高度参照，机器人上部出画。,所查帧场景和机械臂可辨识；固定单视角与夹爪遮挡限制接触、深度和释放判断。未据三帧排除帧间闪烁或穿透。,可见夹爪从块体上方接近至夹持/接触姿态；末帧红块在夹爪下方，单视角白底不足以独立确认离台高度和提升阈值。,sparse_three_frames|not_continuous_visual_review|numerical_success_threshold_not_visually_certified|weak_height_depth_cues|gripper_object_occlusion,gpt-6-astra independent report reviewer,0.0|1.1|2.0,https://asimfish.github.io/astra-control-dashboard/media/Lift__code__proprio__codex-gpt-6-astra__s0__20260908T134254Z/ep16.mp4,assets/astra/audit/efc30ba6e3e91023.jpg,54509,e3c7eeac93c57f0cdf09a8ed23ef34b7b4b76f685a28f404a2d43b84cf11c820,256,256,10/1,2.2,22,True
robosuite:20260908T134254Z:ep17,Panda / MuJoCo,Lift,robosuite,code/proprio,,v3,True,,agentview,usable_with_limits,partial_progress_visible,固定斜前方近景 agentview；红块与夹爪清楚，白色无纹理台面缺少高度参照，机器人上部出画。,所查帧场景和机械臂可辨识；固定单视角与夹爪遮挡限制接触、深度和释放判断。未据三帧排除帧间闪烁或穿透。,可见夹爪从块体上方接近至夹持/接触姿态；末帧红块在夹爪下方，单视角白底不足以独立确认离台高度和提升阈值。,sparse_three_frames|not_continuous_visual_review|numerical_success_threshold_not_visually_certified|weak_height_depth_cues|gripper_object_occlusion,gpt-6-astra independent report reviewer,0.0|1.2|2.2,https://asimfish.github.io/astra-control-dashboard/media/Lift__code__proprio__codex-gpt-6-astra__s0__20260908T134254Z/ep17.mp4,assets/astra/audit/69132d0b926f31e7.jpg,57711,8d2b373d5571d62434d7fcb94f373ece5acd43de15a31e5658b6fc8b38d6a568,256,256,10/1,2.4,24,True
robosuite:20260908T134254Z:ep18,Panda / MuJoCo,Lift,robosuite,code/proprio,,v3,True,,agentview,usable_with_limits,partial_progress_visible,固定斜前方近景 agentview；红块与夹爪清楚，白色无纹理台面缺少高度参照，机器人上部出画。,所查帧场景和机械臂可辨识；固定单视角与夹爪遮挡限制接触、深度和释放判断。未据三帧排除帧间闪烁或穿透。,可见夹爪从块体上方接近至夹持/接触姿态；末帧红块在夹爪下方，单视角白底不足以独立确认离台高度和提升阈值。,sparse_three_frames|not_continuous_visual_review|numerical_success_threshold_not_visually_certified|weak_height_depth_cues|gripper_object_occlusion,gpt-6-astra independent report reviewer,0.0|1.2|2.3,https://asimfish.github.io/astra-control-dashboard/media/Lift__code__proprio__codex-gpt-6-astra__s0__20260908T134254Z/ep18.mp4,assets/astra/audit/c0285792f1c32c74.jpg,67561,0853ed1421bc5dbb2f197b3305fbf76c916d82c1f1ae68ff671a0ce1eeb05239,256,256,10/1,2.5,25,True
robosuite:20260908T134254Z:ep19,Panda / MuJoCo,Lift,robosuite,code/proprio,,v3,True,,agentview,usable_with_limits,partial_progress_visible,固定斜前方近景 agentview；红块与夹爪清楚，白色无纹理台面缺少高度参照，机器人上部出画。,所查帧场景和机械臂可辨识；固定单视角与夹爪遮挡限制接触、深度和释放判断。未据三帧排除帧间闪烁或穿透。,可见夹爪从块体上方接近至夹持/接触姿态；末帧红块在夹爪下方，单视角白底不足以独立确认离台高度和提升阈值。,sparse_three_frames|not_continuous_visual_review|numerical_success_threshold_not_visually_certified|weak_height_depth_cues|gripper_object_occlusion,gpt-6-astra independent report reviewer,0.0|1.2|2.3,https://asimfish.github.io/astra-control-dashboard/media/Lift__code__proprio__codex-gpt-6-astra__s0__20260908T134254Z/ep19.mp4,assets/astra/audit/3d45bab372b864b5.jpg,58332,1d1f38ddc5702f14620b8d66b01a20efd521b06b06fe6e54a01fda942b58cb3e,256,256,10/1,2.5,25,True
robosuite:20260907T112134Z:ep00,Panda / MuJoCo,Lift,robosuite,delta/proprio,,v1,True,,agentview,usable_with_limits,partial_progress_visible,固定斜前方近景 agentview；红块与夹爪清楚，白色无纹理台面缺少高度参照，机器人上部出画。,所查帧场景和机械臂可辨识；固定单视角与夹爪遮挡限制接触、深度和释放判断。未据三帧排除帧间闪烁或穿透。,可见夹爪从块体上方接近至夹持/接触姿态；末帧红块在夹爪下方，单视角白底不足以独立确认离台高度和提升阈值。,sparse_three_frames|not_continuous_visual_review|numerical_success_threshold_not_visually_certified|weak_height_depth_cues|gripper_object_occlusion,gpt-6-astra independent report reviewer,0.0|0.8|1.4,https://asimfish.github.io/astra-control-dashboard/media/Lift__delta__proprio__codex-gpt-6-astra__s0__20260907T112134Z/ep00.mp4,assets/astra/audit/d1c3025db11f919a.jpg,43681,6b115c7bc90ea056d91cd08efa07f522f9e2e69a452a107bb676e40b3474c678,256,256,10/1,1.6,16,True
robosuite:20260907T112134Z:ep01,Panda / MuJoCo,Lift,robosuite,delta/proprio,,v1,True,,agentview,usable_with_limits,partial_progress_visible,固定斜前方近景 agentview；红块与夹爪清楚，白色无纹理台面缺少高度参照，机器人上部出画。,所查帧场景和机械臂可辨识；固定单视角与夹爪遮挡限制接触、深度和释放判断。未据三帧排除帧间闪烁或穿透。,可见夹爪从块体上方接近至夹持/接触姿态；末帧红块在夹爪下方，单视角白底不足以独立确认离台高度和提升阈值。,sparse_three_frames|not_continuous_visual_review|numerical_success_threshold_not_visually_certified|weak_height_depth_cues|gripper_object_occlusion,gpt-6-astra independent report reviewer,0.0|0.8|1.4,https://asimfish.github.io/astra-control-dashboard/media/Lift__delta__proprio__codex-gpt-6-astra__s0__20260907T112134Z/ep01.mp4,assets/astra/audit/d0385b2b82a2b5ef.jpg,44767,450cb6eafc15ae6a9c001dae981d965f6679d5dd2fff98667ba97f8f4fbd81fb,256,256,10/1,1.6,16,True
robosuite:20260907T112134Z:ep02,Panda / MuJoCo,Lift,robosuite,delta/proprio,,v1,True,,agentview,usable_with_limits,partial_progress_visible,固定斜前方近景 agentview；红块与夹爪清楚，白色无纹理台面缺少高度参照，机器人上部出画。,所查帧场景和机械臂可辨识；固定单视角与夹爪遮挡限制接触、深度和释放判断。未据三帧排除帧间闪烁或穿透。,可见夹爪从块体上方接近至夹持/接触姿态；末帧红块在夹爪下方，单视角白底不足以独立确认离台高度和提升阈值。,sparse_three_frames|not_continuous_visual_review|numerical_success_threshold_not_visually_certified|weak_height_depth_cues|gripper_object_occlusion,gpt-6-astra independent report reviewer,0.0|0.7|1.3,https://asimfish.github.io/astra-control-dashboard/media/Lift__delta__proprio__codex-gpt-6-astra__s0__20260907T112134Z/ep02.mp4,assets/astra/audit/7caa9c352b43cf58.jpg,42162,826433de56baabe8b61e75d1b70737e06c9490bd53b13707a918683298a835ef,256,256,10/1,1.5,15,True
robosuite:20260907T112134Z:ep03,Panda / MuJoCo,Lift,robosuite,delta/proprio,,v1,True,,agentview,usable_with_limits,partial_progress_visible,固定斜前方近景 agentview；红块与夹爪清楚，白色无纹理台面缺少高度参照，机器人上部出画。,所查帧场景和机械臂可辨识；固定单视角与夹爪遮挡限制接触、深度和释放判断。未据三帧排除帧间闪烁或穿透。,可见夹爪从块体上方接近至夹持/接触姿态；末帧红块在夹爪下方，单视角白底不足以独立确认离台高度和提升阈值。,sparse_three_frames|not_continuous_visual_review|numerical_success_threshold_not_visually_certified|weak_height_depth_cues|gripper_object_occlusion,gpt-6-astra independent report reviewer,0.0|0.8|1.4,https://asimfish.github.io/astra-control-dashboard/media/Lift__delta__proprio__codex-gpt-6-astra__s0__20260907T112134Z/ep03.mp4,assets/astra/audit/4cbf8c2f9ba8f7ab.jpg,46654,c0f4d75d93308f672a39c4fe789ec31d9ba535301b4c8ae7521bfc741e1e2e99,256,256,10/1,1.6,16,True
robosuite:20260907T112134Z:ep04,Panda / MuJoCo,Lift,robosuite,delta/proprio,,v1,True,,agentview,usable_with_limits,partial_progress_visible,固定斜前方近景 agentview；红块与夹爪清楚，白色无纹理台面缺少高度参照，机器人上部出画。,所查帧场景和机械臂可辨识；固定单视角与夹爪遮挡限制接触、深度和释放判断。未据三帧排除帧间闪烁或穿透。,可见夹爪从块体上方接近至夹持/接触姿态；末帧红块在夹爪下方，单视角白底不足以独立确认离台高度和提升阈值。,sparse_three_frames|not_continuous_visual_review|numerical_success_threshold_not_visually_certified|weak_height_depth_cues|gripper_object_occlusion,gpt-6-astra independent report reviewer,0.0|0.8|1.4,https://asimfish.github.io/astra-control-dashboard/media/Lift__delta__proprio__codex-gpt-6-astra__s0__20260907T112134Z/ep04.mp4,assets/astra/audit/b2fb44e635bb7cbe.jpg,46442,0ae5d8ddfeeab0ec933f366cbabbe5880c38dba6d9cb76fc83c2a213e96a0bfc,256,256,10/1,1.6,16,True
robosuite:20260908T125956Z:ep00,Panda / MuJoCo,Lift,robosuite,delta/proprio,,v3,True,,agentview,usable_with_limits,partial_progress_visible,固定斜前方近景 agentview；红块与夹爪清楚，白色无纹理台面缺少高度参照，机器人上部出画。,所查帧场景和机械臂可辨识；固定单视角与夹爪遮挡限制接触、深度和释放判断。未据三帧排除帧间闪烁或穿透。,可见夹爪从块体上方接近至夹持/接触姿态；末帧红块在夹爪下方，单视角白底不足以独立确认离台高度和提升阈值。,sparse_three_frames|not_continuous_visual_review|numerical_success_threshold_not_visually_certified|weak_height_depth_cues|gripper_object_occlusion,gpt-6-astra independent report reviewer,0.0|0.9|1.6,https://asimfish.github.io/astra-control-dashboard/media/Lift__delta__proprio__codex-gpt-6-astra__s0__20260908T125956Z/ep00.mp4,assets/astra/audit/3e0063710b18e4bb.jpg,50252,b6e9ced4cd8585f87de0dd2da6d03003f8ca1022ffc8831435dfaa1c007aceb0,256,256,10/1,1.8,18,True
robosuite:20260908T125956Z:ep01,Panda / MuJoCo,Lift,robosuite,delta/proprio,,v3,True,,agentview,usable_with_limits,partial_progress_visible,固定斜前方近景 agentview；红块与夹爪清楚，白色无纹理台面缺少高度参照，机器人上部出画。,所查帧场景和机械臂可辨识；固定单视角与夹爪遮挡限制接触、深度和释放判断。未据三帧排除帧间闪烁或穿透。,可见夹爪从块体上方接近至夹持/接触姿态；末帧红块在夹爪下方，单视角白底不足以独立确认离台高度和提升阈值。,sparse_three_frames|not_continuous_visual_review|numerical_success_threshold_not_visually_certified|weak_height_depth_cues|gripper_object_occlusion,gpt-6-astra independent report reviewer,0.0|0.9|1.6,https://asimfish.github.io/astra-control-dashboard/media/Lift__delta__proprio__codex-gpt-6-astra__s0__20260908T125956Z/ep01.mp4,assets/astra/audit/77fbc17603cd79f9.jpg,47605,774db3559aa5dcc255ee00e8941192f26e2a80f867629d1e625e6cbe788c6cc0,256,256,10/1,1.8,18,True
robosuite:20260908T125956Z:ep02,Panda / MuJoCo,Lift,robosuite,delta/proprio,,v3,True,,agentview,usable_with_limits,partial_progress_visible,固定斜前方近景 agentview；红块与夹爪清楚，白色无纹理台面缺少高度参照，机器人上部出画。,所查帧场景和机械臂可辨识；固定单视角与夹爪遮挡限制接触、深度和释放判断。未据三帧排除帧间闪烁或穿透。,可见夹爪从块体上方接近至夹持/接触姿态；末帧红块在夹爪下方，单视角白底不足以独立确认离台高度和提升阈值。,sparse_three_frames|not_continuous_visual_review|numerical_success_threshold_not_visually_certified|weak_height_depth_cues|gripper_object_occlusion,gpt-6-astra independent report reviewer,0.0|0.9|1.6,https://asimfish.github.io/astra-control-dashboard/media/Lift__delta__proprio__codex-gpt-6-astra__s0__20260908T125956Z/ep02.mp4,assets/astra/audit/36d884ea90b5c8c2.jpg,48793,8816c70feb8dc4cbf52d7c845b8093cfba3473b8a1b9b5e318e7af2ab2636c78,256,256,10/1,1.8,18,True
robosuite:20260908T125956Z:ep03,Panda / MuJoCo,Lift,robosuite,delta/proprio,,v3,True,,agentview,usable_with_limits,partial_progress_visible,固定斜前方近景 agentview；红块与夹爪清楚，白色无纹理台面缺少高度参照，机器人上部出画。,所查帧场景和机械臂可辨识；固定单视角与夹爪遮挡限制接触、深度和释放判断。未据三帧排除帧间闪烁或穿透。,可见夹爪从块体上方接近至夹持/接触姿态；末帧红块在夹爪下方，单视角白底不足以独立确认离台高度和提升阈值。,sparse_three_frames|not_continuous_visual_review|numerical_success_threshold_not_visually_certified|weak_height_depth_cues|gripper_object_occlusion,gpt-6-astra independent report reviewer,0.0|0.9|1.7,https://asimfish.github.io/astra-control-dashboard/media/Lift__delta__proprio__codex-gpt-6-astra__s0__20260908T125956Z/ep03.mp4,assets/astra/audit/6e7668f0ddec3c36.jpg,50581,a2b97586692240fce17a7f28783bea536055ee5232514bbadadd0f4bc5e60eba,256,256,10/1,1.9,19,True
robosuite:20260908T125956Z:ep04,Panda / MuJoCo,Lift,robosuite,delta/proprio,,v3,True,,agentview,usable_with_limits,partial_progress_visible,固定斜前方近景 agentview；红块与夹爪清楚，白色无纹理台面缺少高度参照，机器人上部出画。,所查帧场景和机械臂可辨识；固定单视角与夹爪遮挡限制接触、深度和释放判断。未据三帧排除帧间闪烁或穿透。,可见夹爪从块体上方接近至夹持/接触姿态；末帧红块在夹爪下方，单视角白底不足以独立确认离台高度和提升阈值。,sparse_three_frames|not_continuous_visual_review|numerical_success_threshold_not_visually_certified|weak_height_depth_cues|gripper_object_occlusion,gpt-6-astra independent report reviewer,0.0|0.9|1.7,https://asimfish.github.io/astra-control-dashboard/media/Lift__delta__proprio__codex-gpt-6-astra__s0__20260908T125956Z/ep04.mp4,assets/astra/audit/f347081f93e74bca.jpg,51055,d7cad9975eeb876b02d1e63ec23be419fe58d6d5573cf8821564d088ce73506f,256,256,10/1,1.9,19,True
robosuite:20260908T125956Z:ep05,Panda / MuJoCo,Lift,robosuite,delta/proprio,,v3,True,,agentview,usable_with_limits,partial_progress_visible,固定斜前方近景 agentview；红块与夹爪清楚，白色无纹理台面缺少高度参照，机器人上部出画。,所查帧场景和机械臂可辨识；固定单视角与夹爪遮挡限制接触、深度和释放判断。未据三帧排除帧间闪烁或穿透。,可见夹爪从块体上方接近至夹持/接触姿态；末帧红块在夹爪下方，单视角白底不足以独立确认离台高度和提升阈值。,sparse_three_frames|not_continuous_visual_review|numerical_success_threshold_not_visually_certified|weak_height_depth_cues|gripper_object_occlusion,gpt-6-astra independent report reviewer,0.0|0.9|1.7,https://asimfish.github.io/astra-control-dashboard/media/Lift__delta__proprio__codex-gpt-6-astra__s0__20260908T125956Z/ep05.mp4,assets/astra/audit/1ca7658ee15ab6fb.jpg,47455,2c4f07dd4c7da6b33fb84f70e0d9d81ca9ce7d5e6f6516be2c7b64be71284292,256,256,10/1,1.9,19,True
robosuite:20260908T125956Z:ep06,Panda / MuJoCo,Lift,robosuite,delta/proprio,,v3,True,,agentview,usable_with_limits,partial_progress_visible,固定斜前方近景 agentview；红块与夹爪清楚，白色无纹理台面缺少高度参照，机器人上部出画。,所查帧场景和机械臂可辨识；固定单视角与夹爪遮挡限制接触、深度和释放判断。未据三帧排除帧间闪烁或穿透。,可见夹爪从块体上方接近至夹持/接触姿态；末帧红块在夹爪下方，单视角白底不足以独立确认离台高度和提升阈值。,sparse_three_frames|not_continuous_visual_review|numerical_success_threshold_not_visually_certified|weak_height_depth_cues|gripper_object_occlusion,gpt-6-astra independent report reviewer,0.0|0.9|1.6,https://asimfish.github.io/astra-control-dashboard/media/Lift__delta__proprio__codex-gpt-6-astra__s0__20260908T125956Z/ep06.mp4,assets/astra/audit/406876ff0e4edbc9.jpg,45762,74e9e3ca3bd3e324c71022de1de40de8db28a42e06eaa4a2d7ede4c8dfff6119,256,256,10/1,1.8,18,True
robosuite:20260908T125956Z:ep07,Panda / MuJoCo,Lift,robosuite,delta/proprio,,v3,True,,agentview,usable_with_limits,partial_progress_visible,固定斜前方近景 agentview；红块与夹爪清楚，白色无纹理台面缺少高度参照，机器人上部出画。,所查帧场景和机械臂可辨识；固定单视角与夹爪遮挡限制接触、深度和释放判断。未据三帧排除帧间闪烁或穿透。,可见夹爪从块体上方接近至夹持/接触姿态；末帧红块在夹爪下方，单视角白底不足以独立确认离台高度和提升阈值。,sparse_three_frames|not_continuous_visual_review|numerical_success_threshold_not_visually_certified|weak_height_depth_cues|gripper_object_occlusion,gpt-6-astra independent report reviewer,0.0|0.9|1.7,https://asimfish.github.io/astra-control-dashboard/media/Lift__delta__proprio__codex-gpt-6-astra__s0__20260908T125956Z/ep07.mp4,assets/astra/audit/fcd0b3870a5d0634.jpg,48878,38dfca95bdc1844b5689d345de314decef51be8e9c4e84dba746874ed90afccb,256,256,10/1,1.9,19,True
robosuite:20260908T125956Z:ep08,Panda / MuJoCo,Lift,robosuite,delta/proprio,,v3,True,,agentview,usable_with_limits,partial_progress_visible,固定斜前方近景 agentview；红块与夹爪清楚，白色无纹理台面缺少高度参照，机器人上部出画。,所查帧场景和机械臂可辨识；固定单视角与夹爪遮挡限制接触、深度和释放判断。未据三帧排除帧间闪烁或穿透。,可见夹爪从块体上方接近至夹持/接触姿态；末帧红块在夹爪下方，单视角白底不足以独立确认离台高度和提升阈值。,sparse_three_frames|not_continuous_visual_review|numerical_success_threshold_not_visually_certified|weak_height_depth_cues|gripper_object_occlusion,gpt-6-astra independent report reviewer,0.0|0.9|1.7,https://asimfish.github.io/astra-control-dashboard/media/Lift__delta__proprio__codex-gpt-6-astra__s0__20260908T125956Z/ep08.mp4,assets/astra/audit/7b748ae6c05cace6.jpg,50697,3ac8ec3ee63c2a22b3f9e6e53dcdde12dfd48794d521fe5d250035b819bfafb1,256,256,10/1,1.9,19,True
robosuite:20260908T125956Z:ep09,Panda / MuJoCo,Lift,robosuite,delta/proprio,,v3,True,,agentview,usable_with_limits,partial_progress_visible,固定斜前方近景 agentview；红块与夹爪清楚，白色无纹理台面缺少高度参照，机器人上部出画。,所查帧场景和机械臂可辨识；固定单视角与夹爪遮挡限制接触、深度和释放判断。未据三帧排除帧间闪烁或穿透。,可见夹爪从块体上方接近至夹持/接触姿态；末帧红块在夹爪下方，单视角白底不足以独立确认离台高度和提升阈值。,sparse_three_frames|not_continuous_visual_review|numerical_success_threshold_not_visually_certified|weak_height_depth_cues|gripper_object_occlusion,gpt-6-astra independent report reviewer,0.0|0.9|1.7,https://asimfish.github.io/astra-control-dashboard/media/Lift__delta__proprio__codex-gpt-6-astra__s0__20260908T125956Z/ep09.mp4,assets/astra/audit/32783e90307c4d05.jpg,46128,6261e0e45480e6ec1e1b88bd747daab9a50a33fe01fea99d5f572ef2a5d43e69,256,256,10/1,1.9,19,True
robosuite:20260908T125956Z:ep10,Panda / MuJoCo,Lift,robosuite,delta/proprio,,v3,True,,agentview,usable_with_limits,partial_progress_visible,固定斜前方近景 agentview；红块与夹爪清楚，白色无纹理台面缺少高度参照，机器人上部出画。,所查帧场景和机械臂可辨识；固定单视角与夹爪遮挡限制接触、深度和释放判断。未据三帧排除帧间闪烁或穿透。,可见夹爪从块体上方接近至夹持/接触姿态；末帧红块在夹爪下方，单视角白底不足以独立确认离台高度和提升阈值。,sparse_three_frames|not_continuous_visual_review|numerical_success_threshold_not_visually_certified|weak_height_depth_cues|gripper_object_occlusion,gpt-6-astra independent report reviewer,0.0|0.9|1.7,https://asimfish.github.io/astra-control-dashboard/media/Lift__delta__proprio__codex-gpt-6-astra__s0__20260908T125956Z/ep10.mp4,assets/astra/audit/2ddc38a5eb32a24d.jpg,47377,74beb240c174e52175e772a16796d4730f62baba402db4dd90c4ab82b9707040,256,256,10/1,1.9,19,True
robosuite:20260908T125956Z:ep11,Panda / MuJoCo,Lift,robosuite,delta/proprio,,v3,True,,agentview,usable_with_limits,partial_progress_visible,固定斜前方近景 agentview；红块与夹爪清楚，白色无纹理台面缺少高度参照，机器人上部出画。,所查帧场景和机械臂可辨识；固定单视角与夹爪遮挡限制接触、深度和释放判断。未据三帧排除帧间闪烁或穿透。,可见夹爪从块体上方接近至夹持/接触姿态；末帧红块在夹爪下方，单视角白底不足以独立确认离台高度和提升阈值。,sparse_three_frames|not_continuous_visual_review|numerical_success_threshold_not_visually_certified|weak_height_depth_cues|gripper_object_occlusion,gpt-6-astra independent report reviewer,0.0|0.9|1.7,https://asimfish.github.io/astra-control-dashboard/media/Lift__delta__proprio__codex-gpt-6-astra__s0__20260908T125956Z/ep11.mp4,assets/astra/audit/3489541010af59ac.jpg,51800,70df8fa590f9f1c0aff3aa61704e6f43e59e4d606d08ccddc68deac8c563751b,256,256,10/1,1.9,19,True
robosuite:20260908T125956Z:ep12,Panda / MuJoCo,Lift,robosuite,delta/proprio,,v3,True,,agentview,usable_with_limits,partial_progress_visible,固定斜前方近景 agentview；红块与夹爪清楚，白色无纹理台面缺少高度参照，机器人上部出画。,所查帧场景和机械臂可辨识；固定单视角与夹爪遮挡限制接触、深度和释放判断。未据三帧排除帧间闪烁或穿透。,可见夹爪从块体上方接近至夹持/接触姿态；末帧红块在夹爪下方，单视角白底不足以独立确认离台高度和提升阈值。,sparse_three_frames|not_continuous_visual_review|numerical_success_threshold_not_visually_certified|weak_height_depth_cues|gripper_object_occlusion,gpt-6-astra independent report reviewer,0.0|0.9|1.6,https://asimfish.github.io/astra-control-dashboard/media/Lift__delta__proprio__codex-gpt-6-astra__s0__20260908T125956Z/ep12.mp4,assets/astra/audit/3967c247cd4a5247.jpg,46388,f421eace195154fca7e9708e05b0f50bd39d6c807065288b2983526c59b576ea,256,256,10/1,1.8,18,True
robosuite:20260908T125956Z:ep13,Panda / MuJoCo,Lift,robosuite,delta/proprio,,v3,True,,agentview,usable_with_limits,partial_progress_visible,固定斜前方近景 agentview；红块与夹爪清楚，白色无纹理台面缺少高度参照，机器人上部出画。,所查帧场景和机械臂可辨识；固定单视角与夹爪遮挡限制接触、深度和释放判断。未据三帧排除帧间闪烁或穿透。,可见夹爪从块体上方接近至夹持/接触姿态；末帧红块在夹爪下方，单视角白底不足以独立确认离台高度和提升阈值。,sparse_three_frames|not_continuous_visual_review|numerical_success_threshold_not_visually_certified|weak_height_depth_cues|gripper_object_occlusion,gpt-6-astra independent report reviewer,0.0|0.9|1.7,https://asimfish.github.io/astra-control-dashboard/media/Lift__delta__proprio__codex-gpt-6-astra__s0__20260908T125956Z/ep13.mp4,assets/astra/audit/d5408df6938e0b72.jpg,48197,6efe1cc3a860d2914e7da3642aa5031bff61de99e41cd72eb416e2e50d5f0fba,256,256,10/1,1.9,19,True
robosuite:20260908T125956Z:ep14,Panda / MuJoCo,Lift,robosuite,delta/proprio,,v3,True,,agentview,usable_with_limits,partial_progress_visible,固定斜前方近景 agentview；红块与夹爪清楚，白色无纹理台面缺少高度参照，机器人上部出画。,所查帧场景和机械臂可辨识；固定单视角与夹爪遮挡限制接触、深度和释放判断。未据三帧排除帧间闪烁或穿透。,可见夹爪从块体上方接近至夹持/接触姿态；末帧红块在夹爪下方，单视角白底不足以独立确认离台高度和提升阈值。,sparse_three_frames|not_continuous_visual_review|numerical_success_threshold_not_visually_certified|weak_height_depth_cues|gripper_object_occlusion,gpt-6-astra independent report reviewer,0.0|3.0|5.9,https://asimfish.github.io/astra-control-dashboard/media/Lift__delta__proprio__codex-gpt-6-astra__s0__20260908T125956Z/ep14.mp4,assets/astra/audit/d093db1e705e80c3.jpg,148910,fe7a111418c85c34404e217106637beb90cfa8db34504b78a430098951a0d6d8,256,256,10/1,6.1,61,True
robosuite:20260908T125956Z:ep15,Panda / MuJoCo,Lift,robosuite,delta/proprio,,v3,True,,agentview,usable_with_limits,partial_progress_visible,固定斜前方近景 agentview；红块与夹爪清楚，白色无纹理台面缺少高度参照，机器人上部出画。,所查帧场景和机械臂可辨识；固定单视角与夹爪遮挡限制接触、深度和释放判断。未据三帧排除帧间闪烁或穿透。,可见夹爪从块体上方接近至夹持/接触姿态；末帧红块在夹爪下方，单视角白底不足以独立确认离台高度和提升阈值。,sparse_three_frames|not_continuous_visual_review|numerical_success_threshold_not_visually_certified|weak_height_depth_cues|gripper_object_occlusion,gpt-6-astra independent report reviewer,0.0|0.9|1.6,https://asimfish.github.io/astra-control-dashboard/media/Lift__delta__proprio__codex-gpt-6-astra__s0__20260908T125956Z/ep15.mp4,assets/astra/audit/1a22acaa2a758d3d.jpg,44051,12ebfa9e6e979c55d834928f8187593a64c01eabd41c736357cc8c8233b77c89,256,256,10/1,1.8,18,True
robosuite:20260908T125956Z:ep16,Panda / MuJoCo,Lift,robosuite,delta/proprio,,v3,True,,agentview,usable_with_limits,partial_progress_visible,固定斜前方近景 agentview；红块与夹爪清楚，白色无纹理台面缺少高度参照，机器人上部出画。,所查帧场景和机械臂可辨识；固定单视角与夹爪遮挡限制接触、深度和释放判断。未据三帧排除帧间闪烁或穿透。,可见夹爪从块体上方接近至夹持/接触姿态；末帧红块在夹爪下方，单视角白底不足以独立确认离台高度和提升阈值。,sparse_three_frames|not_continuous_visual_review|numerical_success_threshold_not_visually_certified|weak_height_depth_cues|gripper_object_occlusion,gpt-6-astra independent report reviewer,0.0|0.9|1.7,https://asimfish.github.io/astra-control-dashboard/media/Lift__delta__proprio__codex-gpt-6-astra__s0__20260908T125956Z/ep16.mp4,assets/astra/audit/9e0bf0fed669d998.jpg,47862,91fdc40dacf834ea96206324ba0e1edb512a051f3c6d8bbf36ce40baf4bdbe3e,256,256,10/1,1.9,19,True
robosuite:20260908T125956Z:ep17,Panda / MuJoCo,Lift,robosuite,delta/proprio,,v3,True,,agentview,usable_with_limits,partial_progress_visible,固定斜前方近景 agentview；红块与夹爪清楚，白色无纹理台面缺少高度参照，机器人上部出画。,所查帧场景和机械臂可辨识；固定单视角与夹爪遮挡限制接触、深度和释放判断。未据三帧排除帧间闪烁或穿透。,可见夹爪从块体上方接近至夹持/接触姿态；末帧红块在夹爪下方，单视角白底不足以独立确认离台高度和提升阈值。,sparse_three_frames|not_continuous_visual_review|numerical_success_threshold_not_visually_certified|weak_height_depth_cues|gripper_object_occlusion,gpt-6-astra independent report reviewer,0.0|0.9|1.7,https://asimfish.github.io/astra-control-dashboard/media/Lift__delta__proprio__codex-gpt-6-astra__s0__20260908T125956Z/ep17.mp4,assets/astra/audit/71abed7d737d3946.jpg,51145,548c8f5fc1620740354042f661f67c1e50d2c188ed44080822892c4890761964,256,256,10/1,1.9,19,True
robosuite:20260908T125956Z:ep18,Panda / MuJoCo,Lift,robosuite,delta/proprio,,v3,True,,agentview,usable_with_limits,partial_progress_visible,固定斜前方近景 agentview；红块与夹爪清楚，白色无纹理台面缺少高度参照，机器人上部出画。,所查帧场景和机械臂可辨识；固定单视角与夹爪遮挡限制接触、深度和释放判断。未据三帧排除帧间闪烁或穿透。,可见夹爪从块体上方接近至夹持/接触姿态；末帧红块在夹爪下方，单视角白底不足以独立确认离台高度和提升阈值。,sparse_three_frames|not_continuous_visual_review|numerical_success_threshold_not_visually_certified|weak_height_depth_cues|gripper_object_occlusion,gpt-6-astra independent report reviewer,0.0|0.9|1.7,https://asimfish.github.io/astra-control-dashboard/media/Lift__delta__proprio__codex-gpt-6-astra__s0__20260908T125956Z/ep18.mp4,assets/astra/audit/ae70b6bd7c9d9a7f.jpg,50294,386e9ff4df47020ca744b341450c138c1116797c72470b09c2867daa048a8ea9,256,256,10/1,1.9,19,True
robosuite:20260908T125956Z:ep19,Panda / MuJoCo,Lift,robosuite,delta/proprio,,v3,True,,agentview,usable_with_limits,partial_progress_visible,固定斜前方近景 agentview；红块与夹爪清楚，白色无纹理台面缺少高度参照，机器人上部出画。,所查帧场景和机械臂可辨识；固定单视角与夹爪遮挡限制接触、深度和释放判断。未据三帧排除帧间闪烁或穿透。,可见夹爪从块体上方接近至夹持/接触姿态；末帧红块在夹爪下方，单视角白底不足以独立确认离台高度和提升阈值。,sparse_three_frames|not_continuous_visual_review|numerical_success_threshold_not_visually_certified|weak_height_depth_cues|gripper_object_occlusion,gpt-6-astra independent report reviewer,0.0|0.9|1.7,https://asimfish.github.io/astra-control-dashboard/media/Lift__delta__proprio__codex-gpt-6-astra__s0__20260908T125956Z/ep19.mp4,assets/astra/audit/f2999784ceae342f.jpg,48940,74fc5f6629389ab980abbb6ea181068e258bcdbd1cb679aa49880e2292e3951c,256,256,10/1,1.9,19,True
robosuite:20260907T111645Z:ep00,Panda / MuJoCo,Lift,robosuite,waypoint/none,,v1,True,,agentview,usable_with_limits,partial_progress_visible,固定斜前方近景 agentview；红块与夹爪清楚，白色无纹理台面缺少高度参照，机器人上部出画。,所查帧场景和机械臂可辨识；固定单视角与夹爪遮挡限制接触、深度和释放判断。未据三帧排除帧间闪烁或穿透。,可见夹爪从块体上方接近至夹持/接触姿态；末帧红块在夹爪下方，单视角白底不足以独立确认离台高度和提升阈值。,sparse_three_frames|not_continuous_visual_review|numerical_success_threshold_not_visually_certified|weak_height_depth_cues|gripper_object_occlusion,gpt-6-astra independent report reviewer,0.0|1.2|2.2,https://asimfish.github.io/astra-control-dashboard/media/Lift__waypoint__none__codex-gpt-6-astra__s0__20260907T111645Z/ep00.mp4,assets/astra/audit/318ca78b9490ecb8.jpg,63435,cbcfb395eec245a7007af7ffbc9bd687f1af016427915de8c370c7be193f9988,256,256,10/1,2.4,24,True
robosuite:20260907T111645Z:ep01,Panda / MuJoCo,Lift,robosuite,waypoint/none,,v1,True,,agentview,usable_with_limits,partial_progress_visible,固定斜前方近景 agentview；红块与夹爪清楚，白色无纹理台面缺少高度参照，机器人上部出画。,所查帧场景和机械臂可辨识；固定单视角与夹爪遮挡限制接触、深度和释放判断。未据三帧排除帧间闪烁或穿透。,可见夹爪从块体上方接近至夹持/接触姿态；末帧红块在夹爪下方，单视角白底不足以独立确认离台高度和提升阈值。,sparse_three_frames|not_continuous_visual_review|numerical_success_threshold_not_visually_certified|weak_height_depth_cues|gripper_object_occlusion,gpt-6-astra independent report reviewer,0.0|1.2|2.2,https://asimfish.github.io/astra-control-dashboard/media/Lift__waypoint__none__codex-gpt-6-astra__s0__20260907T111645Z/ep01.mp4,assets/astra/audit/8b52c0bdbf228892.jpg,61422,327fad77a071494fbee03d18c18e881a374396abe6656c00c6be04c9eade2b92,256,256,10/1,2.4,24,True
robosuite:20260907T111645Z:ep02,Panda / MuJoCo,Lift,robosuite,waypoint/none,,v1,True,,agentview,usable_with_limits,partial_progress_visible,固定斜前方近景 agentview；红块与夹爪清楚，白色无纹理台面缺少高度参照，机器人上部出画。,所查帧场景和机械臂可辨识；固定单视角与夹爪遮挡限制接触、深度和释放判断。未据三帧排除帧间闪烁或穿透。,可见夹爪从块体上方接近至夹持/接触姿态；末帧红块在夹爪下方，单视角白底不足以独立确认离台高度和提升阈值。,sparse_three_frames|not_continuous_visual_review|numerical_success_threshold_not_visually_certified|weak_height_depth_cues|gripper_object_occlusion,gpt-6-astra independent report reviewer,0.0|2.4|4.6,https://asimfish.github.io/astra-control-dashboard/media/Lift__waypoint__none__codex-gpt-6-astra__s0__20260907T111645Z/ep02.mp4,assets/astra/audit/861c7fe02d934d5c.jpg,116886,b1866c1b233f5cc88e2f74831d28d5aa109738ba540c07780612ad4b45fe2f63,256,256,10/1,4.8,48,True
robosuite:20260907T111645Z:ep03,Panda / MuJoCo,Lift,robosuite,waypoint/none,,v1,True,,agentview,usable_with_limits,partial_progress_visible,固定斜前方近景 agentview；红块与夹爪清楚，白色无纹理台面缺少高度参照，机器人上部出画。,所查帧场景和机械臂可辨识；固定单视角与夹爪遮挡限制接触、深度和释放判断。未据三帧排除帧间闪烁或穿透。,可见夹爪从块体上方接近至夹持/接触姿态；末帧红块在夹爪下方，单视角白底不足以独立确认离台高度和提升阈值。,sparse_three_frames|not_continuous_visual_review|numerical_success_threshold_not_visually_certified|weak_height_depth_cues|gripper_object_occlusion,gpt-6-astra independent report reviewer,0.0|1.1|2.0,https://asimfish.github.io/astra-control-dashboard/media/Lift__waypoint__none__codex-gpt-6-astra__s0__20260907T111645Z/ep03.mp4,assets/astra/audit/fcfe4ca18bd85a79.jpg,54321,6d61d3689defd5cd03fb43959e06366aa19d4b0f9970a9cecf8cc3866f8f5953,256,256,10/1,2.2,22,True
robosuite:20260907T111645Z:ep04,Panda / MuJoCo,Lift,robosuite,waypoint/none,,v1,True,,agentview,usable_with_limits,partial_progress_visible,固定斜前方近景 agentview；红块与夹爪清楚，白色无纹理台面缺少高度参照，机器人上部出画。,所查帧场景和机械臂可辨识；固定单视角与夹爪遮挡限制接触、深度和释放判断。未据三帧排除帧间闪烁或穿透。,可见夹爪从块体上方接近至夹持/接触姿态；末帧红块在夹爪下方，单视角白底不足以独立确认离台高度和提升阈值。,sparse_three_frames|not_continuous_visual_review|numerical_success_threshold_not_visually_certified|weak_height_depth_cues|gripper_object_occlusion,gpt-6-astra independent report reviewer,0.0|3.6|7.0,https://asimfish.github.io/astra-control-dashboard/media/Lift__waypoint__none__codex-gpt-6-astra__s0__20260907T111645Z/ep04.mp4,assets/astra/audit/f89f1ad27735da99.jpg,165202,36185f0fd15efa34c5a72035b6f653fe7b484e0507dc93af397ab1cde1946671,256,256,10/1,7.2,72,True
robosuite:20260908T124519Z:ep00,Panda / MuJoCo,Lift,robosuite,waypoint/none,,v3,True,,agentview,usable_with_limits,partial_progress_visible,固定斜前方近景 agentview；红块与夹爪清楚，白色无纹理台面缺少高度参照，机器人上部出画。,所查帧场景和机械臂可辨识；固定单视角与夹爪遮挡限制接触、深度和释放判断。未据三帧排除帧间闪烁或穿透。,可见夹爪从块体上方接近至夹持/接触姿态；末帧红块在夹爪下方，单视角白底不足以独立确认离台高度和提升阈值。,sparse_three_frames|not_continuous_visual_review|numerical_success_threshold_not_visually_certified|weak_height_depth_cues|gripper_object_occlusion,gpt-6-astra independent report reviewer,0.0|3.7|7.3,https://asimfish.github.io/astra-control-dashboard/media/Lift__waypoint__none__codex-gpt-6-astra__s0__20260908T124519Z/ep00.mp4,assets/astra/audit/74eb61fd5f3e7f32.jpg,175808,08f45892e8ec7c19e99ca7b6935c040cadd6100d35a78576bb6a57c1b792ee38,256,256,10/1,7.5,75,True
robosuite:20260908T124519Z:ep01,Panda / MuJoCo,Lift,robosuite,waypoint/none,,v3,True,,agentview,usable_with_limits,partial_progress_visible,固定斜前方近景 agentview；红块与夹爪清楚，白色无纹理台面缺少高度参照，机器人上部出画。,所查帧场景和机械臂可辨识；固定单视角与夹爪遮挡限制接触、深度和释放判断。未据三帧排除帧间闪烁或穿透。,可见夹爪从块体上方接近至夹持/接触姿态；末帧红块在夹爪下方，单视角白底不足以独立确认离台高度和提升阈值。,sparse_three_frames|not_continuous_visual_review|numerical_success_threshold_not_visually_certified|weak_height_depth_cues|gripper_object_occlusion,gpt-6-astra independent report reviewer,0.0|1.1|2.1,https://asimfish.github.io/astra-control-dashboard/media/Lift__waypoint__none__codex-gpt-6-astra__s0__20260908T124519Z/ep01.mp4,assets/astra/audit/cb81d057fc75ac07.jpg,55659,288bb52072122a83ace042b687637ad80a605f81ef810f7a9d903bc7c6c45eb2,256,256,10/1,2.3,23,True
robosuite:20260908T124519Z:ep02,Panda / MuJoCo,Lift,robosuite,waypoint/none,,v3,True,,agentview,usable_with_limits,partial_progress_visible,固定斜前方近景 agentview；红块与夹爪清楚，白色无纹理台面缺少高度参照，机器人上部出画。,所查帧场景和机械臂可辨识；固定单视角与夹爪遮挡限制接触、深度和释放判断。未据三帧排除帧间闪烁或穿透。,可见夹爪从块体上方接近至夹持/接触姿态；末帧红块在夹爪下方，单视角白底不足以独立确认离台高度和提升阈值。,sparse_three_frames|not_continuous_visual_review|numerical_success_threshold_not_visually_certified|weak_height_depth_cues|gripper_object_occlusion,gpt-6-astra independent report reviewer,0.0|1.1|2.0,https://asimfish.github.io/astra-control-dashboard/media/Lift__waypoint__none__codex-gpt-6-astra__s0__20260908T124519Z/ep02.mp4,assets/astra/audit/6abcb0fc5f330e22.jpg,50643,74bac5d4b32301e0391871cf805fefe1fc8d4c064d3a3cfcace39174a769eedc,256,256,10/1,2.2,22,True
robosuite:20260908T124519Z:ep03,Panda / MuJoCo,Lift,robosuite,waypoint/none,,v3,True,,agentview,usable_with_limits,partial_progress_visible,固定斜前方近景 agentview；红块与夹爪清楚，白色无纹理台面缺少高度参照，机器人上部出画。,所查帧场景和机械臂可辨识；固定单视角与夹爪遮挡限制接触、深度和释放判断。未据三帧排除帧间闪烁或穿透。,可见夹爪从块体上方接近至夹持/接触姿态；末帧红块在夹爪下方，单视角白底不足以独立确认离台高度和提升阈值。,sparse_three_frames|not_continuous_visual_review|numerical_success_threshold_not_visually_certified|weak_height_depth_cues|gripper_object_occlusion,gpt-6-astra independent report reviewer,0.0|1.1|2.1,https://asimfish.github.io/astra-control-dashboard/media/Lift__waypoint__none__codex-gpt-6-astra__s0__20260908T124519Z/ep03.mp4,assets/astra/audit/c53370044127bfe3.jpg,55812,8bc5d94c959992b157fdbbc38052ee0162983946a8a19192fe785116fa5fbaf5,256,256,10/1,2.3,23,True
robosuite:20260908T124519Z:ep04,Panda / MuJoCo,Lift,robosuite,waypoint/none,,v3,True,,agentview,usable_with_limits,partial_progress_visible,固定斜前方近景 agentview；红块与夹爪清楚，白色无纹理台面缺少高度参照，机器人上部出画。,所查帧场景和机械臂可辨识；固定单视角与夹爪遮挡限制接触、深度和释放判断。未据三帧排除帧间闪烁或穿透。,可见夹爪从块体上方接近至夹持/接触姿态；末帧红块在夹爪下方，单视角白底不足以独立确认离台高度和提升阈值。,sparse_three_frames|not_continuous_visual_review|numerical_success_threshold_not_visually_certified|weak_height_depth_cues|gripper_object_occlusion,gpt-6-astra independent report reviewer,0.0|1.2|2.2,https://asimfish.github.io/astra-control-dashboard/media/Lift__waypoint__none__codex-gpt-6-astra__s0__20260908T124519Z/ep04.mp4,assets/astra/audit/bf66f543eedd014e.jpg,63467,d10d116e26cc275d214b388c5d7b882b72ffa2d026b7198017ae5d977e7dc79b,256,256,10/1,2.4,24,True
robosuite:20260908T124519Z:ep05,Panda / MuJoCo,Lift,robosuite,waypoint/none,,v3,True,,agentview,usable_with_limits,partial_progress_visible,固定斜前方近景 agentview；红块与夹爪清楚，白色无纹理台面缺少高度参照，机器人上部出画。,所查帧场景和机械臂可辨识；固定单视角与夹爪遮挡限制接触、深度和释放判断。未据三帧排除帧间闪烁或穿透。,可见夹爪从块体上方接近至夹持/接触姿态；末帧红块在夹爪下方，单视角白底不足以独立确认离台高度和提升阈值。,sparse_three_frames|not_continuous_visual_review|numerical_success_threshold_not_visually_certified|weak_height_depth_cues|gripper_object_occlusion,gpt-6-astra independent report reviewer,0.0|4.0|7.8,https://asimfish.github.io/astra-control-dashboard/media/Lift__waypoint__none__codex-gpt-6-astra__s0__20260908T124519Z/ep05.mp4,assets/astra/audit/aca66c352ff8b2b7.jpg,191509,121e8c6c91cf5cbd11c75f9bea56892d0df1be41981e84525e0e74b8ddf6f311,256,256,10/1,8.0,80,True
robosuite:20260908T124519Z:ep06,Panda / MuJoCo,Lift,robosuite,waypoint/none,,v3,True,,agentview,usable_with_limits,partial_progress_visible,固定斜前方近景 agentview；红块与夹爪清楚，白色无纹理台面缺少高度参照，机器人上部出画。,所查帧场景和机械臂可辨识；固定单视角与夹爪遮挡限制接触、深度和释放判断。未据三帧排除帧间闪烁或穿透。,可见夹爪从块体上方接近至夹持/接触姿态；末帧红块在夹爪下方，单视角白底不足以独立确认离台高度和提升阈值。,sparse_three_frames|not_continuous_visual_review|numerical_success_threshold_not_visually_certified|weak_height_depth_cues|gripper_object_occlusion,gpt-6-astra independent report reviewer,0.0|1.1|2.1,https://asimfish.github.io/astra-control-dashboard/media/Lift__waypoint__none__codex-gpt-6-astra__s0__20260908T124519Z/ep06.mp4,assets/astra/audit/bb7836fc80ff292e.jpg,56168,ee5a14916c216cd5b281b01c395e5a74fd0350ac4abf0b03d00641083007ceee,256,256,10/1,2.3,23,True
robosuite:20260908T124519Z:ep07,Panda / MuJoCo,Lift,robosuite,waypoint/none,,v3,True,,agentview,usable_with_limits,partial_progress_visible,固定斜前方近景 agentview；红块与夹爪清楚，白色无纹理台面缺少高度参照，机器人上部出画。,所查帧场景和机械臂可辨识；固定单视角与夹爪遮挡限制接触、深度和释放判断。未据三帧排除帧间闪烁或穿透。,可见夹爪从块体上方接近至夹持/接触姿态；末帧红块在夹爪下方，单视角白底不足以独立确认离台高度和提升阈值。,sparse_three_frames|not_continuous_visual_review|numerical_success_threshold_not_visually_certified|weak_height_depth_cues|gripper_object_occlusion,gpt-6-astra independent report reviewer,0.0|1.2|2.2,https://asimfish.github.io/astra-control-dashboard/media/Lift__waypoint__none__codex-gpt-6-astra__s0__20260908T124519Z/ep07.mp4,assets/astra/audit/8076cd4c3d0dbd4e.jpg,63629,2df375b96b998ce188ca3977e1ae6b9fd57ce1378b070ae0ac2b16efdd844a09,256,256,10/1,2.4,24,True
robosuite:20260908T124519Z:ep08,Panda / MuJoCo,Lift,robosuite,waypoint/none,,v3,True,,agentview,usable_with_limits,partial_progress_visible,固定斜前方近景 agentview；红块与夹爪清楚，白色无纹理台面缺少高度参照，机器人上部出画。,所查帧场景和机械臂可辨识；固定单视角与夹爪遮挡限制接触、深度和释放判断。未据三帧排除帧间闪烁或穿透。,可见夹爪从块体上方接近至夹持/接触姿态；末帧红块在夹爪下方，单视角白底不足以独立确认离台高度和提升阈值。,sparse_three_frames|not_continuous_visual_review|numerical_success_threshold_not_visually_certified|weak_height_depth_cues|gripper_object_occlusion,gpt-6-astra independent report reviewer,0.0|1.2|2.2,https://asimfish.github.io/astra-control-dashboard/media/Lift__waypoint__none__codex-gpt-6-astra__s0__20260908T124519Z/ep08.mp4,assets/astra/audit/d50c5ad991da28f5.jpg,58455,964fd376024d578a5842e97de0f4b35904fb8b890e1882791806edbc2cc4107d,256,256,10/1,2.4,24,True
robosuite:20260908T124519Z:ep09,Panda / MuJoCo,Lift,robosuite,waypoint/none,,v3,True,,agentview,usable_with_limits,partial_progress_visible,固定斜前方近景 agentview；红块与夹爪清楚，白色无纹理台面缺少高度参照，机器人上部出画。,所查帧场景和机械臂可辨识；固定单视角与夹爪遮挡限制接触、深度和释放判断。未据三帧排除帧间闪烁或穿透。,可见夹爪从块体上方接近至夹持/接触姿态；末帧红块在夹爪下方，单视角白底不足以独立确认离台高度和提升阈值。,sparse_three_frames|not_continuous_visual_review|numerical_success_threshold_not_visually_certified|weak_height_depth_cues|gripper_object_occlusion,gpt-6-astra independent report reviewer,0.0|1.2|2.3,https://asimfish.github.io/astra-control-dashboard/media/Lift__waypoint__none__codex-gpt-6-astra__s0__20260908T124519Z/ep09.mp4,assets/astra/audit/a19a1216e96a623b.jpg,58565,8b6e44c1082207e129e9cb17c58876caccc2aa20ec3c3fe0a299fd9737124ce9,256,256,10/1,2.5,25,True
robosuite:20260908T124519Z:ep10,Panda / MuJoCo,Lift,robosuite,waypoint/none,,v3,True,,agentview,usable_with_limits,partial_progress_visible,固定斜前方近景 agentview；红块与夹爪清楚，白色无纹理台面缺少高度参照，机器人上部出画。,所查帧场景和机械臂可辨识；固定单视角与夹爪遮挡限制接触、深度和释放判断。未据三帧排除帧间闪烁或穿透。,可见夹爪从块体上方接近至夹持/接触姿态；末帧红块在夹爪下方，单视角白底不足以独立确认离台高度和提升阈值。,sparse_three_frames|not_continuous_visual_review|numerical_success_threshold_not_visually_certified|weak_height_depth_cues|gripper_object_occlusion,gpt-6-astra independent report reviewer,0.0|1.1|2.1,https://asimfish.github.io/astra-control-dashboard/media/Lift__waypoint__none__codex-gpt-6-astra__s0__20260908T124519Z/ep10.mp4,assets/astra/audit/d6dbed7934f7c9cf.jpg,60967,56cdc575d873195f8d2dd34aa3f07891907df0bbfc6cc1fc831c36752ba7ac6d,256,256,10/1,2.3,23,True
robosuite:20260908T124519Z:ep11,Panda / MuJoCo,Lift,robosuite,waypoint/none,,v3,True,,agentview,usable_with_limits,partial_progress_visible,固定斜前方近景 agentview；红块与夹爪清楚，白色无纹理台面缺少高度参照，机器人上部出画。,所查帧场景和机械臂可辨识；固定单视角与夹爪遮挡限制接触、深度和释放判断。未据三帧排除帧间闪烁或穿透。,可见夹爪从块体上方接近至夹持/接触姿态；末帧红块在夹爪下方，单视角白底不足以独立确认离台高度和提升阈值。,sparse_three_frames|not_continuous_visual_review|numerical_success_threshold_not_visually_certified|weak_height_depth_cues|gripper_object_occlusion,gpt-6-astra independent report reviewer,0.0|1.4|2.6,https://asimfish.github.io/astra-control-dashboard/media/Lift__waypoint__none__codex-gpt-6-astra__s0__20260908T124519Z/ep11.mp4,assets/astra/audit/49256bddaaa1d9d9.jpg,74323,ea5803c36e66b1813543f34d0d283ade251385b5f8dfa55d93be4eef0e3b439a,256,256,10/1,2.8,28,True
robosuite:20260908T124519Z:ep12,Panda / MuJoCo,Lift,robosuite,waypoint/none,,v3,True,,agentview,usable_with_limits,partial_progress_visible,固定斜前方近景 agentview；红块与夹爪清楚，白色无纹理台面缺少高度参照，机器人上部出画。,所查帧场景和机械臂可辨识；固定单视角与夹爪遮挡限制接触、深度和释放判断。未据三帧排除帧间闪烁或穿透。,可见夹爪从块体上方接近至夹持/接触姿态；末帧红块在夹爪下方，单视角白底不足以独立确认离台高度和提升阈值。,sparse_three_frames|not_continuous_visual_review|numerical_success_threshold_not_visually_certified|weak_height_depth_cues|gripper_object_occlusion,gpt-6-astra independent report reviewer,0.0|1.2|2.2,https://asimfish.github.io/astra-control-dashboard/media/Lift__waypoint__none__codex-gpt-6-astra__s0__20260908T124519Z/ep12.mp4,assets/astra/audit/1bc5b1b2696f804d.jpg,55955,b88f729323f1db5cb6e19800640875ee8434e268711fa165712e056e960a91ff,256,256,10/1,2.4,24,True
robosuite:20260908T124519Z:ep13,Panda / MuJoCo,Lift,robosuite,waypoint/none,,v3,True,,agentview,usable_with_limits,partial_progress_visible,固定斜前方近景 agentview；红块与夹爪清楚，白色无纹理台面缺少高度参照，机器人上部出画。,所查帧场景和机械臂可辨识；固定单视角与夹爪遮挡限制接触、深度和释放判断。未据三帧排除帧间闪烁或穿透。,可见夹爪从块体上方接近至夹持/接触姿态；末帧红块在夹爪下方，单视角白底不足以独立确认离台高度和提升阈值。,sparse_three_frames|not_continuous_visual_review|numerical_success_threshold_not_visually_certified|weak_height_depth_cues|gripper_object_occlusion,gpt-6-astra independent report reviewer,0.0|1.1|2.0,https://asimfish.github.io/astra-control-dashboard/media/Lift__waypoint__none__codex-gpt-6-astra__s0__20260908T124519Z/ep13.mp4,assets/astra/audit/851fa200220d372c.jpg,59964,8365c745bc30cbd5c3ac38a550fc88fbae2301328fd99e17e289e96396725c69,256,256,10/1,2.2,22,True
robosuite:20260908T124519Z:ep14,Panda / MuJoCo,Lift,robosuite,waypoint/none,,v3,True,,agentview,usable_with_limits,partial_progress_visible,固定斜前方近景 agentview；红块与夹爪清楚，白色无纹理台面缺少高度参照，机器人上部出画。,所查帧场景和机械臂可辨识；固定单视角与夹爪遮挡限制接触、深度和释放判断。未据三帧排除帧间闪烁或穿透。,可见夹爪从块体上方接近至夹持/接触姿态；末帧红块在夹爪下方，单视角白底不足以独立确认离台高度和提升阈值。,sparse_three_frames|not_continuous_visual_review|numerical_success_threshold_not_visually_certified|weak_height_depth_cues|gripper_object_occlusion,gpt-6-astra independent report reviewer,0.0|1.2|2.2,https://asimfish.github.io/astra-control-dashboard/media/Lift__waypoint__none__codex-gpt-6-astra__s0__20260908T124519Z/ep14.mp4,assets/astra/audit/54f073a61a4754dc.jpg,62109,72d692626dd196677adfff2c7d7bab6e3e587323e21223a73e3a8cc62d156224,256,256,10/1,2.4,24,True
robosuite:20260908T124519Z:ep15,Panda / MuJoCo,Lift,robosuite,waypoint/none,,v3,True,,agentview,usable_with_limits,partial_progress_visible,固定斜前方近景 agentview；红块与夹爪清楚，白色无纹理台面缺少高度参照，机器人上部出画。,所查帧场景和机械臂可辨识；固定单视角与夹爪遮挡限制接触、深度和释放判断。未据三帧排除帧间闪烁或穿透。,可见夹爪从块体上方接近至夹持/接触姿态；末帧红块在夹爪下方，单视角白底不足以独立确认离台高度和提升阈值。,sparse_three_frames|not_continuous_visual_review|numerical_success_threshold_not_visually_certified|weak_height_depth_cues|gripper_object_occlusion,gpt-6-astra independent report reviewer,0.0|1.1|2.0,https://asimfish.github.io/astra-control-dashboard/media/Lift__waypoint__none__codex-gpt-6-astra__s0__20260908T124519Z/ep15.mp4,assets/astra/audit/8e3b0f0e3129b9d5.jpg,57049,b7b34a1fb19692daaba2b9fa5a349c8ff0511bf0fed68a377724f5ad1af7dbb0,256,256,10/1,2.2,22,True
robosuite:20260908T124519Z:ep16,Panda / MuJoCo,Lift,robosuite,waypoint/none,,v3,True,,agentview,usable_with_limits,partial_progress_visible,固定斜前方近景 agentview；红块与夹爪清楚，白色无纹理台面缺少高度参照，机器人上部出画。,所查帧场景和机械臂可辨识；固定单视角与夹爪遮挡限制接触、深度和释放判断。未据三帧排除帧间闪烁或穿透。,可见夹爪从块体上方接近至夹持/接触姿态；末帧红块在夹爪下方，单视角白底不足以独立确认离台高度和提升阈值。,sparse_three_frames|not_continuous_visual_review|numerical_success_threshold_not_visually_certified|weak_height_depth_cues|gripper_object_occlusion,gpt-6-astra independent report reviewer,0.0|1.1|2.1,https://asimfish.github.io/astra-control-dashboard/media/Lift__waypoint__none__codex-gpt-6-astra__s0__20260908T124519Z/ep16.mp4,assets/astra/audit/600b5647ee0a4cc0.jpg,59555,23ee480e27110a1ec4de8ef53bc385803abc2ad67f8981b9f8b51a32c18f935e,256,256,10/1,2.3,23,True
robosuite:20260908T124519Z:ep17,Panda / MuJoCo,Lift,robosuite,waypoint/none,,v3,True,,agentview,usable_with_limits,partial_progress_visible,固定斜前方近景 agentview；红块与夹爪清楚，白色无纹理台面缺少高度参照，机器人上部出画。,所查帧场景和机械臂可辨识；固定单视角与夹爪遮挡限制接触、深度和释放判断。未据三帧排除帧间闪烁或穿透。,可见夹爪从块体上方接近至夹持/接触姿态；末帧红块在夹爪下方，单视角白底不足以独立确认离台高度和提升阈值。,sparse_three_frames|not_continuous_visual_review|numerical_success_threshold_not_visually_certified|weak_height_depth_cues|gripper_object_occlusion,gpt-6-astra independent report reviewer,0.0|1.2|2.2,https://asimfish.github.io/astra-control-dashboard/media/Lift__waypoint__none__codex-gpt-6-astra__s0__20260908T124519Z/ep17.mp4,assets/astra/audit/e18f7abf273a020d.jpg,68529,416a3f3bfad70721e725999070b65a82a7644b7cc257a16adff0fc6b6663646d,256,256,10/1,2.4,24,True
robosuite:20260908T124519Z:ep18,Panda / MuJoCo,Lift,robosuite,waypoint/none,,v3,True,,agentview,usable_with_limits,partial_progress_visible,固定斜前方近景 agentview；红块与夹爪清楚，白色无纹理台面缺少高度参照，机器人上部出画。,所查帧场景和机械臂可辨识；固定单视角与夹爪遮挡限制接触、深度和释放判断。未据三帧排除帧间闪烁或穿透。,可见夹爪从块体上方接近至夹持/接触姿态；末帧红块在夹爪下方，单视角白底不足以独立确认离台高度和提升阈值。,sparse_three_frames|not_continuous_visual_review|numerical_success_threshold_not_visually_certified|weak_height_depth_cues|gripper_object_occlusion,gpt-6-astra independent report reviewer,0.0|1.2|2.3,https://asimfish.github.io/astra-control-dashboard/media/Lift__waypoint__none__codex-gpt-6-astra__s0__20260908T124519Z/ep18.mp4,assets/astra/audit/78a8b33a41e4d963.jpg,69205,099ef9b616d147c9a04d4b02d8c9c238870cc62b260fa7277c0d2378506fb913,256,256,10/1,2.5,25,True
robosuite:20260908T124519Z:ep19,Panda / MuJoCo,Lift,robosuite,waypoint/none,,v3,True,,agentview,usable_with_limits,partial_progress_visible,固定斜前方近景 agentview；红块与夹爪清楚，白色无纹理台面缺少高度参照，机器人上部出画。,所查帧场景和机械臂可辨识；固定单视角与夹爪遮挡限制接触、深度和释放判断。未据三帧排除帧间闪烁或穿透。,可见夹爪从块体上方接近至夹持/接触姿态；末帧红块在夹爪下方，单视角白底不足以独立确认离台高度和提升阈值。,sparse_three_frames|not_continuous_visual_review|numerical_success_threshold_not_visually_certified|weak_height_depth_cues|gripper_object_occlusion,gpt-6-astra independent report reviewer,0.0|2.3|4.4,https://asimfish.github.io/astra-control-dashboard/media/Lift__waypoint__none__codex-gpt-6-astra__s0__20260908T124519Z/ep19.mp4,assets/astra/audit/bb944807284572bf.jpg,105211,c19f4aaccb1d74e6a829b46ea0e97127092a3d2d48024aa523024682aa116a4b,256,256,10/1,4.6,46,True
robosuite:20260907T111048Z:ep00,Panda / MuJoCo,Lift,robosuite,waypoint/proprio,,v1,True,,agentview,usable_with_limits,partial_progress_visible,固定斜前方近景 agentview；红块与夹爪清楚，白色无纹理台面缺少高度参照，机器人上部出画。,所查帧场景和机械臂可辨识；固定单视角与夹爪遮挡限制接触、深度和释放判断。未据三帧排除帧间闪烁或穿透。,可见夹爪从块体上方接近至夹持/接触姿态；末帧红块在夹爪下方，单视角白底不足以独立确认离台高度和提升阈值。,sparse_three_frames|not_continuous_visual_review|numerical_success_threshold_not_visually_certified|weak_height_depth_cues|gripper_object_occlusion,gpt-6-astra independent report reviewer,0.0|1.1|2.0,https://asimfish.github.io/astra-control-dashboard/media/Lift__waypoint__proprio__codex-gpt-6-astra__s0__20260907T111048Z/ep00.mp4,assets/astra/audit/1cd7fbcc855cb481.jpg,54210,23e62cc0a2e6965a0912c2c3bd1c23af9b540fd4d9dcb1971f5866660aee5e74,256,256,10/1,2.2,22,True
robosuite:20260907T111048Z:ep01,Panda / MuJoCo,Lift,robosuite,waypoint/proprio,,v1,True,,agentview,usable_with_limits,partial_progress_visible,固定斜前方近景 agentview；红块与夹爪清楚，白色无纹理台面缺少高度参照，机器人上部出画。,所查帧场景和机械臂可辨识；固定单视角与夹爪遮挡限制接触、深度和释放判断。未据三帧排除帧间闪烁或穿透。,可见夹爪从块体上方接近至夹持/接触姿态；末帧红块在夹爪下方，单视角白底不足以独立确认离台高度和提升阈值。,sparse_three_frames|not_continuous_visual_review|numerical_success_threshold_not_visually_certified|weak_height_depth_cues|gripper_object_occlusion,gpt-6-astra independent report reviewer,0.0|1.2|2.2,https://asimfish.github.io/astra-control-dashboard/media/Lift__waypoint__proprio__codex-gpt-6-astra__s0__20260907T111048Z/ep01.mp4,assets/astra/audit/3e29623ca2108e48.jpg,60221,08054bc213496d93932b9e98abc2a2087fa3c999124e400006631d47b5066e55,256,256,10/1,2.4,24,True
robosuite:20260907T111048Z:ep02,Panda / MuJoCo,Lift,robosuite,waypoint/proprio,,v1,True,,agentview,usable_with_limits,partial_progress_visible,固定斜前方近景 agentview；红块与夹爪清楚，白色无纹理台面缺少高度参照，机器人上部出画。,所查帧场景和机械臂可辨识；固定单视角与夹爪遮挡限制接触、深度和释放判断。未据三帧排除帧间闪烁或穿透。,可见夹爪从块体上方接近至夹持/接触姿态；末帧红块在夹爪下方，单视角白底不足以独立确认离台高度和提升阈值。,sparse_three_frames|not_continuous_visual_review|numerical_success_threshold_not_visually_certified|weak_height_depth_cues|gripper_object_occlusion,gpt-6-astra independent report reviewer,0.0|3.4|6.6,https://asimfish.github.io/astra-control-dashboard/media/Lift__waypoint__proprio__codex-gpt-6-astra__s0__20260907T111048Z/ep02.mp4,assets/astra/audit/138d19817d2a25a8.jpg,156683,5b5c6168ce1aea82b1d1495a8d32313571cea081c26abb8a4a6a336fa44e58ef,256,256,10/1,6.8,68,True
robosuite:20260907T111048Z:ep03,Panda / MuJoCo,Lift,robosuite,waypoint/proprio,,v1,True,,agentview,usable_with_limits,partial_progress_visible,固定斜前方近景 agentview；红块与夹爪清楚，白色无纹理台面缺少高度参照，机器人上部出画。,所查帧场景和机械臂可辨识；固定单视角与夹爪遮挡限制接触、深度和释放判断。未据三帧排除帧间闪烁或穿透。,可见夹爪从块体上方接近至夹持/接触姿态；末帧红块在夹爪下方，单视角白底不足以独立确认离台高度和提升阈值。,sparse_three_frames|not_continuous_visual_review|numerical_success_threshold_not_visually_certified|weak_height_depth_cues|gripper_object_occlusion,gpt-6-astra independent report reviewer,0.0|1.1|2.1,https://asimfish.github.io/astra-control-dashboard/media/Lift__waypoint__proprio__codex-gpt-6-astra__s0__20260907T111048Z/ep03.mp4,assets/astra/audit/356ae0dbe18576bf.jpg,60975,2307aef270af2054efb70d7d02519c1a28db1306f8ed9cdb90cec14acc05f953,256,256,10/1,2.3,23,True
robosuite:20260907T111048Z:ep04,Panda / MuJoCo,Lift,robosuite,waypoint/proprio,,v1,True,,agentview,usable_with_limits,partial_progress_visible,固定斜前方近景 agentview；红块与夹爪清楚，白色无纹理台面缺少高度参照，机器人上部出画。,所查帧场景和机械臂可辨识；固定单视角与夹爪遮挡限制接触、深度和释放判断。未据三帧排除帧间闪烁或穿透。,可见夹爪从块体上方接近至夹持/接触姿态；末帧红块在夹爪下方，单视角白底不足以独立确认离台高度和提升阈值。,sparse_three_frames|not_continuous_visual_review|numerical_success_threshold_not_visually_certified|weak_height_depth_cues|gripper_object_occlusion,gpt-6-astra independent report reviewer,0.0|1.2|2.2,https://asimfish.github.io/astra-control-dashboard/media/Lift__waypoint__proprio__codex-gpt-6-astra__s0__20260907T111048Z/ep04.mp4,assets/astra/audit/bc158e308cf729ef.jpg,60754,10df894ca3985b77098a0d51118b1ea417c6600efbf5a7f97a25d7c9737a12c8,256,256,10/1,2.4,24,True
robosuite:20260908T122854Z:ep00,Panda / MuJoCo,Lift,robosuite,waypoint/proprio,,v3,True,,agentview,usable_with_limits,partial_progress_visible,固定斜前方近景 agentview；红块与夹爪清楚，白色无纹理台面缺少高度参照，机器人上部出画。,所查帧场景和机械臂可辨识；固定单视角与夹爪遮挡限制接触、深度和释放判断。未据三帧排除帧间闪烁或穿透。,可见夹爪从块体上方接近至夹持/接触姿态；末帧红块在夹爪下方，单视角白底不足以独立确认离台高度和提升阈值。,sparse_three_frames|not_continuous_visual_review|numerical_success_threshold_not_visually_certified|weak_height_depth_cues|gripper_object_occlusion,gpt-6-astra independent report reviewer,0.0|1.1|2.1,https://asimfish.github.io/astra-control-dashboard/media/Lift__waypoint__proprio__codex-gpt-6-astra__s0__20260908T122854Z/ep00.mp4,assets/astra/audit/0585a2d3cf634de4.jpg,57098,f2e2c3dc2dd941e4a1860dd111dae244c7bdbd1ceff163d18da5e6bee1b16d09,256,256,10/1,2.3,23,True
robosuite:20260908T122854Z:ep01,Panda / MuJoCo,Lift,robosuite,waypoint/proprio,,v3,True,,agentview,usable_with_limits,partial_progress_visible,固定斜前方近景 agentview；红块与夹爪清楚，白色无纹理台面缺少高度参照，机器人上部出画。,所查帧场景和机械臂可辨识；固定单视角与夹爪遮挡限制接触、深度和释放判断。未据三帧排除帧间闪烁或穿透。,可见夹爪从块体上方接近至夹持/接触姿态；末帧红块在夹爪下方，单视角白底不足以独立确认离台高度和提升阈值。,sparse_three_frames|not_continuous_visual_review|numerical_success_threshold_not_visually_certified|weak_height_depth_cues|gripper_object_occlusion,gpt-6-astra independent report reviewer,0.0|1.1|2.1,https://asimfish.github.io/astra-control-dashboard/media/Lift__waypoint__proprio__codex-gpt-6-astra__s0__20260908T122854Z/ep01.mp4,assets/astra/audit/41cfe67596399108.jpg,53831,12b8a8f4bca94bce7a85d791380daeb133e8ce7ce25e05c98b81665be7e2ef33,256,256,10/1,2.3,23,True
robosuite:20260908T122854Z:ep02,Panda / MuJoCo,Lift,robosuite,waypoint/proprio,,v3,True,,agentview,usable_with_limits,partial_progress_visible,固定斜前方近景 agentview；红块与夹爪清楚，白色无纹理台面缺少高度参照，机器人上部出画。,所查帧场景和机械臂可辨识；固定单视角与夹爪遮挡限制接触、深度和释放判断。未据三帧排除帧间闪烁或穿透。,可见夹爪从块体上方接近至夹持/接触姿态；末帧红块在夹爪下方，单视角白底不足以独立确认离台高度和提升阈值。,sparse_three_frames|not_continuous_visual_review|numerical_success_threshold_not_visually_certified|weak_height_depth_cues|gripper_object_occlusion,gpt-6-astra independent report reviewer,0.0|1.4|2.6,https://asimfish.github.io/astra-control-dashboard/media/Lift__waypoint__proprio__codex-gpt-6-astra__s0__20260908T122854Z/ep02.mp4,assets/astra/audit/56228c2d23e4d1ac.jpg,72641,4c22eb8e24e9d314882ff692bf8e54a62705a86933575a523c5288e576878a7e,256,256,10/1,2.8,28,True
robosuite:20260908T122854Z:ep03,Panda / MuJoCo,Lift,robosuite,waypoint/proprio,,v3,True,,agentview,usable_with_limits,partial_progress_visible,固定斜前方近景 agentview；红块与夹爪清楚，白色无纹理台面缺少高度参照，机器人上部出画。,所查帧场景和机械臂可辨识；固定单视角与夹爪遮挡限制接触、深度和释放判断。未据三帧排除帧间闪烁或穿透。,可见夹爪从块体上方接近至夹持/接触姿态；末帧红块在夹爪下方，单视角白底不足以独立确认离台高度和提升阈值。,sparse_three_frames|not_continuous_visual_review|numerical_success_threshold_not_visually_certified|weak_height_depth_cues|gripper_object_occlusion,gpt-6-astra independent report reviewer,0.0|1.2|2.3,https://asimfish.github.io/astra-control-dashboard/media/Lift__waypoint__proprio__codex-gpt-6-astra__s0__20260908T122854Z/ep03.mp4,assets/astra/audit/f9aabd10a340f64f.jpg,63460,11b21ab11b123d683356a3f5faeeaa4b7a5b8703b8efee7bf7698546444d36c8,256,256,10/1,2.5,25,True
robosuite:20260908T122854Z:ep04,Panda / MuJoCo,Lift,robosuite,waypoint/proprio,,v3,True,,agentview,usable_with_limits,partial_progress_visible,固定斜前方近景 agentview；红块与夹爪清楚，白色无纹理台面缺少高度参照，机器人上部出画。,所查帧场景和机械臂可辨识；固定单视角与夹爪遮挡限制接触、深度和释放判断。未据三帧排除帧间闪烁或穿透。,可见夹爪从块体上方接近至夹持/接触姿态；末帧红块在夹爪下方，单视角白底不足以独立确认离台高度和提升阈值。,sparse_three_frames|not_continuous_visual_review|numerical_success_threshold_not_visually_certified|weak_height_depth_cues|gripper_object_occlusion,gpt-6-astra independent report reviewer,0.0|1.2|2.2,https://asimfish.github.io/astra-control-dashboard/media/Lift__waypoint__proprio__codex-gpt-6-astra__s0__20260908T122854Z/ep04.mp4,assets/astra/audit/21950595d9503481.jpg,58572,60b266d9c5bac7a5c50f292ddfa788394a00c98153b672c5163ea21882bd75fd,256,256,10/1,2.4,24,True
robosuite:20260908T122854Z:ep05,Panda / MuJoCo,Lift,robosuite,waypoint/proprio,,v3,True,,agentview,usable_with_limits,partial_progress_visible,固定斜前方近景 agentview；红块与夹爪清楚，白色无纹理台面缺少高度参照，机器人上部出画。,所查帧场景和机械臂可辨识；固定单视角与夹爪遮挡限制接触、深度和释放判断。未据三帧排除帧间闪烁或穿透。,可见夹爪从块体上方接近至夹持/接触姿态；末帧红块在夹爪下方，单视角白底不足以独立确认离台高度和提升阈值。,sparse_three_frames|not_continuous_visual_review|numerical_success_threshold_not_visually_certified|weak_height_depth_cues|gripper_object_occlusion,gpt-6-astra independent report reviewer,0.0|1.2|2.2,https://asimfish.github.io/astra-control-dashboard/media/Lift__waypoint__proprio__codex-gpt-6-astra__s0__20260908T122854Z/ep05.mp4,assets/astra/audit/0961eed1db5dea6a.jpg,60817,47e460ac3501544f6e8611e5feedd66c26e41e99e926655aae7e12a67974ed6c,256,256,10/1,2.4,24,True
robosuite:20260908T122854Z:ep06,Panda / MuJoCo,Lift,robosuite,waypoint/proprio,,v3,True,,agentview,usable_with_limits,partial_progress_visible,固定斜前方近景 agentview；红块与夹爪清楚，白色无纹理台面缺少高度参照，机器人上部出画。,所查帧场景和机械臂可辨识；固定单视角与夹爪遮挡限制接触、深度和释放判断。未据三帧排除帧间闪烁或穿透。,可见夹爪从块体上方接近至夹持/接触姿态；末帧红块在夹爪下方，单视角白底不足以独立确认离台高度和提升阈值。,sparse_three_frames|not_continuous_visual_review|numerical_success_threshold_not_visually_certified|weak_height_depth_cues|gripper_object_occlusion,gpt-6-astra independent report reviewer,0.0|1.1|2.1,https://asimfish.github.io/astra-control-dashboard/media/Lift__waypoint__proprio__codex-gpt-6-astra__s0__20260908T122854Z/ep06.mp4,assets/astra/audit/1152485dd3dc55fc.jpg,59053,cd457e61e062dca1fa8566703e1e15ae5855905c8a0dc6b78a8d92b491b28201,256,256,10/1,2.3,23,True
robosuite:20260908T122854Z:ep07,Panda / MuJoCo,Lift,robosuite,waypoint/proprio,,v3,True,,agentview,usable_with_limits,partial_progress_visible,固定斜前方近景 agentview；红块与夹爪清楚，白色无纹理台面缺少高度参照，机器人上部出画。,所查帧场景和机械臂可辨识；固定单视角与夹爪遮挡限制接触、深度和释放判断。未据三帧排除帧间闪烁或穿透。,可见夹爪从块体上方接近至夹持/接触姿态；末帧红块在夹爪下方，单视角白底不足以独立确认离台高度和提升阈值。,sparse_three_frames|not_continuous_visual_review|numerical_success_threshold_not_visually_certified|weak_height_depth_cues|gripper_object_occlusion,gpt-6-astra independent report reviewer,0.0|1.2|2.2,https://asimfish.github.io/astra-control-dashboard/media/Lift__waypoint__proprio__codex-gpt-6-astra__s0__20260908T122854Z/ep07.mp4,assets/astra/audit/9dec0ee9d115b8e2.jpg,65030,40c46017c41e967edfc450f5e35b7298ac87e3ea78a7dd57989ad98c6583a434,256,256,10/1,2.4,24,True
robosuite:20260908T122854Z:ep08,Panda / MuJoCo,Lift,robosuite,waypoint/proprio,,v3,True,,agentview,usable_with_limits,partial_progress_visible,固定斜前方近景 agentview；红块与夹爪清楚，白色无纹理台面缺少高度参照，机器人上部出画。,所查帧场景和机械臂可辨识；固定单视角与夹爪遮挡限制接触、深度和释放判断。未据三帧排除帧间闪烁或穿透。,可见夹爪从块体上方接近至夹持/接触姿态；末帧红块在夹爪下方，单视角白底不足以独立确认离台高度和提升阈值。,sparse_three_frames|not_continuous_visual_review|numerical_success_threshold_not_visually_certified|weak_height_depth_cues|gripper_object_occlusion,gpt-6-astra independent report reviewer,0.0|1.3|2.4,https://asimfish.github.io/astra-control-dashboard/media/Lift__waypoint__proprio__codex-gpt-6-astra__s0__20260908T122854Z/ep08.mp4,assets/astra/audit/c0d6fbd7d19b9df0.jpg,68887,bf5aae4fe8de647a460d3af856a1c094e7c2ed238d70e75f1aa92529f228d6d0,256,256,10/1,2.6,26,True
robosuite:20260908T122854Z:ep09,Panda / MuJoCo,Lift,robosuite,waypoint/proprio,,v3,True,,agentview,usable_with_limits,partial_progress_visible,固定斜前方近景 agentview；红块与夹爪清楚，白色无纹理台面缺少高度参照，机器人上部出画。,所查帧场景和机械臂可辨识；固定单视角与夹爪遮挡限制接触、深度和释放判断。未据三帧排除帧间闪烁或穿透。,可见夹爪从块体上方接近至夹持/接触姿态；末帧红块在夹爪下方，单视角白底不足以独立确认离台高度和提升阈值。,sparse_three_frames|not_continuous_visual_review|numerical_success_threshold_not_visually_certified|weak_height_depth_cues|gripper_object_occlusion,gpt-6-astra independent report reviewer,0.0|1.1|2.1,https://asimfish.github.io/astra-control-dashboard/media/Lift__waypoint__proprio__codex-gpt-6-astra__s0__20260908T122854Z/ep09.mp4,assets/astra/audit/9d0902fe552df8b4.jpg,56977,6b890b90bb95f0396b7a614fa53a3603d8cf9939f451256cdeb326b27049134c,256,256,10/1,2.3,23,True
robosuite:20260908T122854Z:ep10,Panda / MuJoCo,Lift,robosuite,waypoint/proprio,,v3,True,,agentview,usable_with_limits,partial_progress_visible,固定斜前方近景 agentview；红块与夹爪清楚，白色无纹理台面缺少高度参照，机器人上部出画。,所查帧场景和机械臂可辨识；固定单视角与夹爪遮挡限制接触、深度和释放判断。未据三帧排除帧间闪烁或穿透。,可见夹爪从块体上方接近至夹持/接触姿态；末帧红块在夹爪下方，单视角白底不足以独立确认离台高度和提升阈值。,sparse_three_frames|not_continuous_visual_review|numerical_success_threshold_not_visually_certified|weak_height_depth_cues|gripper_object_occlusion,gpt-6-astra independent report reviewer,0.0|1.2|2.2,https://asimfish.github.io/astra-control-dashboard/media/Lift__waypoint__proprio__codex-gpt-6-astra__s0__20260908T122854Z/ep10.mp4,assets/astra/audit/9d79003d497a0083.jpg,58713,2ead42bbb8833fb21cba97999f9c1dd25c485ce461ea76a0988bc6c70a4767e2,256,256,10/1,2.4,24,True
robosuite:20260908T122854Z:ep11,Panda / MuJoCo,Lift,robosuite,waypoint/proprio,,v3,True,,agentview,usable_with_limits,partial_progress_visible,固定斜前方近景 agentview；红块与夹爪清楚，白色无纹理台面缺少高度参照，机器人上部出画。,所查帧场景和机械臂可辨识；固定单视角与夹爪遮挡限制接触、深度和释放判断。未据三帧排除帧间闪烁或穿透。,可见夹爪从块体上方接近至夹持/接触姿态；末帧红块在夹爪下方，单视角白底不足以独立确认离台高度和提升阈值。,sparse_three_frames|not_continuous_visual_review|numerical_success_threshold_not_visually_certified|weak_height_depth_cues|gripper_object_occlusion,gpt-6-astra independent report reviewer,0.0|1.2|2.3,https://asimfish.github.io/astra-control-dashboard/media/Lift__waypoint__proprio__codex-gpt-6-astra__s0__20260908T122854Z/ep11.mp4,assets/astra/audit/2206985c9a3576f7.jpg,63772,d900e70ce12927a010659eff041de04c9bc679600dd915419cc4db408bb2a34b,256,256,10/1,2.5,25,True
robosuite:20260908T122854Z:ep12,Panda / MuJoCo,Lift,robosuite,waypoint/proprio,,v3,True,,agentview,usable_with_limits,partial_progress_visible,固定斜前方近景 agentview；红块与夹爪清楚，白色无纹理台面缺少高度参照，机器人上部出画。,所查帧场景和机械臂可辨识；固定单视角与夹爪遮挡限制接触、深度和释放判断。未据三帧排除帧间闪烁或穿透。,可见夹爪从块体上方接近至夹持/接触姿态；末帧红块在夹爪下方，单视角白底不足以独立确认离台高度和提升阈值。,sparse_three_frames|not_continuous_visual_review|numerical_success_threshold_not_visually_certified|weak_height_depth_cues|gripper_object_occlusion,gpt-6-astra independent report reviewer,0.0|1.2|2.2,https://asimfish.github.io/astra-control-dashboard/media/Lift__waypoint__proprio__codex-gpt-6-astra__s0__20260908T122854Z/ep12.mp4,assets/astra/audit/8a4295b7aabc0eb0.jpg,54771,ec985cdf8acd1def976c04aaf96cc9a603d13406752ef3c318131d550e19d9e2,256,256,10/1,2.4,24,True
robosuite:20260908T122854Z:ep13,Panda / MuJoCo,Lift,robosuite,waypoint/proprio,,v3,True,,agentview,usable_with_limits,partial_progress_visible,固定斜前方近景 agentview；红块与夹爪清楚，白色无纹理台面缺少高度参照，机器人上部出画。,所查帧场景和机械臂可辨识；固定单视角与夹爪遮挡限制接触、深度和释放判断。未据三帧排除帧间闪烁或穿透。,可见夹爪从块体上方接近至夹持/接触姿态；末帧红块在夹爪下方，单视角白底不足以独立确认离台高度和提升阈值。,sparse_three_frames|not_continuous_visual_review|numerical_success_threshold_not_visually_certified|weak_height_depth_cues|gripper_object_occlusion,gpt-6-astra independent report reviewer,0.0|1.1|2.0,https://asimfish.github.io/astra-control-dashboard/media/Lift__waypoint__proprio__codex-gpt-6-astra__s0__20260908T122854Z/ep13.mp4,assets/astra/audit/79b0012b078c0b9f.jpg,58648,4c5e6344c75c41eb62372413278c4a6682c8b12cc706d52e6d2235d141f4ebb2,256,256,10/1,2.2,22,True
robosuite:20260908T122854Z:ep14,Panda / MuJoCo,Lift,robosuite,waypoint/proprio,,v3,True,,agentview,usable_with_limits,partial_progress_visible,固定斜前方近景 agentview；红块与夹爪清楚，白色无纹理台面缺少高度参照，机器人上部出画。,所查帧场景和机械臂可辨识；固定单视角与夹爪遮挡限制接触、深度和释放判断。未据三帧排除帧间闪烁或穿透。,可见夹爪从块体上方接近至夹持/接触姿态；末帧红块在夹爪下方，单视角白底不足以独立确认离台高度和提升阈值。,sparse_three_frames|not_continuous_visual_review|numerical_success_threshold_not_visually_certified|weak_height_depth_cues|gripper_object_occlusion,gpt-6-astra independent report reviewer,0.0|1.1|2.1,https://asimfish.github.io/astra-control-dashboard/media/Lift__waypoint__proprio__codex-gpt-6-astra__s0__20260908T122854Z/ep14.mp4,assets/astra/audit/5634a0e4e0131237.jpg,59063,5674fb1432e76dc01125cf7e35f1a0df7339533e6ee0124b6d7f6c03e923e7f2,256,256,10/1,2.3,23,True
robosuite:20260908T122854Z:ep15,Panda / MuJoCo,Lift,robosuite,waypoint/proprio,,v3,True,,agentview,usable_with_limits,partial_progress_visible,固定斜前方近景 agentview；红块与夹爪清楚，白色无纹理台面缺少高度参照，机器人上部出画。,所查帧场景和机械臂可辨识；固定单视角与夹爪遮挡限制接触、深度和释放判断。未据三帧排除帧间闪烁或穿透。,可见夹爪从块体上方接近至夹持/接触姿态；末帧红块在夹爪下方，单视角白底不足以独立确认离台高度和提升阈值。,sparse_three_frames|not_continuous_visual_review|numerical_success_threshold_not_visually_certified|weak_height_depth_cues|gripper_object_occlusion,gpt-6-astra independent report reviewer,0.0|1.1|2.1,https://asimfish.github.io/astra-control-dashboard/media/Lift__waypoint__proprio__codex-gpt-6-astra__s0__20260908T122854Z/ep15.mp4,assets/astra/audit/fb72a97f8d7fd044.jpg,55876,06f8f2c0ce5cbbefb4c966808775a8d88b8f1d2970deb44c23f1296864ef963c,256,256,10/1,2.3,23,True
robosuite:20260908T122854Z:ep16,Panda / MuJoCo,Lift,robosuite,waypoint/proprio,,v3,True,,agentview,usable_with_limits,partial_progress_visible,固定斜前方近景 agentview；红块与夹爪清楚，白色无纹理台面缺少高度参照，机器人上部出画。,所查帧场景和机械臂可辨识；固定单视角与夹爪遮挡限制接触、深度和释放判断。未据三帧排除帧间闪烁或穿透。,可见夹爪从块体上方接近至夹持/接触姿态；末帧红块在夹爪下方，单视角白底不足以独立确认离台高度和提升阈值。,sparse_three_frames|not_continuous_visual_review|numerical_success_threshold_not_visually_certified|weak_height_depth_cues|gripper_object_occlusion,gpt-6-astra independent report reviewer,0.0|1.0|1.9,https://asimfish.github.io/astra-control-dashboard/media/Lift__waypoint__proprio__codex-gpt-6-astra__s0__20260908T122854Z/ep16.mp4,assets/astra/audit/c147ddc7a9a64c9a.jpg,53739,8f567ad693438d9ff604c7272c49756b439729461c9f1adfd286ec998dd88320,256,256,10/1,2.1,21,True
robosuite:20260908T122854Z:ep17,Panda / MuJoCo,Lift,robosuite,waypoint/proprio,,v3,True,,agentview,usable_with_limits,partial_progress_visible,固定斜前方近景 agentview；红块与夹爪清楚，白色无纹理台面缺少高度参照，机器人上部出画。,所查帧场景和机械臂可辨识；固定单视角与夹爪遮挡限制接触、深度和释放判断。未据三帧排除帧间闪烁或穿透。,可见夹爪从块体上方接近至夹持/接触姿态；末帧红块在夹爪下方，单视角白底不足以独立确认离台高度和提升阈值。,sparse_three_frames|not_continuous_visual_review|numerical_success_threshold_not_visually_certified|weak_height_depth_cues|gripper_object_occlusion,gpt-6-astra independent report reviewer,0.0|1.2|2.3,https://asimfish.github.io/astra-control-dashboard/media/Lift__waypoint__proprio__codex-gpt-6-astra__s0__20260908T122854Z/ep17.mp4,assets/astra/audit/900679eddf0f1ffa.jpg,69516,8e4f3b10782fd20e00809aba8fdc29773489c00df9a6eec1c8f89c03db429bbe,256,256,10/1,2.5,25,True
robosuite:20260908T122854Z:ep18,Panda / MuJoCo,Lift,robosuite,waypoint/proprio,,v3,True,,agentview,usable_with_limits,partial_progress_visible,固定斜前方近景 agentview；红块与夹爪清楚，白色无纹理台面缺少高度参照，机器人上部出画。,所查帧场景和机械臂可辨识；固定单视角与夹爪遮挡限制接触、深度和释放判断。未据三帧排除帧间闪烁或穿透。,可见夹爪从块体上方接近至夹持/接触姿态；末帧红块在夹爪下方，单视角白底不足以独立确认离台高度和提升阈值。,sparse_three_frames|not_continuous_visual_review|numerical_success_threshold_not_visually_certified|weak_height_depth_cues|gripper_object_occlusion,gpt-6-astra independent report reviewer,0.0|1.3|2.5,https://asimfish.github.io/astra-control-dashboard/media/Lift__waypoint__proprio__codex-gpt-6-astra__s0__20260908T122854Z/ep18.mp4,assets/astra/audit/327b297300417b0e.jpg,70741,7ec33ec48c9bb602c9111ed702927295fbcbdc915b914015cfefaa1da426fb50,256,256,10/1,2.7,27,True
robosuite:20260908T122854Z:ep19,Panda / MuJoCo,Lift,robosuite,waypoint/proprio,,v3,True,,agentview,usable_with_limits,partial_progress_visible,固定斜前方近景 agentview；红块与夹爪清楚，白色无纹理台面缺少高度参照，机器人上部出画。,所查帧场景和机械臂可辨识；固定单视角与夹爪遮挡限制接触、深度和释放判断。未据三帧排除帧间闪烁或穿透。,可见夹爪从块体上方接近至夹持/接触姿态；末帧红块在夹爪下方，单视角白底不足以独立确认离台高度和提升阈值。,sparse_three_frames|not_continuous_visual_review|numerical_success_threshold_not_visually_certified|weak_height_depth_cues|gripper_object_occlusion,gpt-6-astra independent report reviewer,0.0|1.2|2.2,https://asimfish.github.io/astra-control-dashboard/media/Lift__waypoint__proprio__codex-gpt-6-astra__s0__20260908T122854Z/ep19.mp4,assets/astra/audit/db3a1c68106e561e.jpg,60020,57a5bda072112eadeeb7b79e15b265f0dfbed56c9f889cbd5bac7e31e777333b,256,256,10/1,2.4,24,True
robosuite:20260907T135143Z:ep00,Panda / MuJoCo,Square,robosuite,code/privileged,,v2,True,,agentview,usable_with_limits,partial_progress_visible,固定斜前方近景 agentview；方孔件、方柱与圆柱可辨，末端经常遮挡方孔与方柱接触处。,所查帧场景和机械臂可辨识；固定单视角与夹爪遮挡限制接触、深度和释放判断。未据三帧排除帧间闪烁或穿透。,可见方孔件被移动、抓持或接近方柱；末帧接触区域遮挡或仍偏离/悬在柱边，未充分显现套入完成。,sparse_three_frames|not_continuous_visual_review|numerical_success_threshold_not_visually_certified|gripper_peg_occlusion|single_view_depth_ambiguity,gpt-6-astra independent report reviewer,0.0|7.2|14.3,https://asimfish.github.io/astra-control-dashboard/media/Square__code__privileged__codex-gpt-6-astra__s0__20260907T135143Z/ep00.mp4,assets/astra/audit/7522ad205a0f8b4a.jpg,346821,8dc80cf7dd44a5b0d80f730ba2a00831fd58dd60e225c2eb88c034b02971ed86,256,256,10/1,14.5,145,True
robosuite:20260907T135143Z:ep01,Panda / MuJoCo,Square,robosuite,code/privileged,,v2,True,,agentview,usable_with_limits,partial_progress_visible,固定斜前方近景 agentview；方孔件、方柱与圆柱可辨，末端经常遮挡方孔与方柱接触处。,所查帧场景和机械臂可辨识；固定单视角与夹爪遮挡限制接触、深度和释放判断。未据三帧排除帧间闪烁或穿透。,可见方孔件被移动、抓持或接近方柱；末帧接触区域遮挡或仍偏离/悬在柱边，未充分显现套入完成。,sparse_three_frames|not_continuous_visual_review|numerical_success_threshold_not_visually_certified|gripper_peg_occlusion|single_view_depth_ambiguity,gpt-6-astra independent report reviewer,0.0|6.6|13.1,https://asimfish.github.io/astra-control-dashboard/media/Square__code__privileged__codex-gpt-6-astra__s0__20260907T135143Z/ep01.mp4,assets/astra/audit/328132b05aac000a.jpg,279577,7803e2aaa01b40362eb9c1ee9bcb52a916fed68a5dc5fea343627761cc6c25c2,256,256,10/1,13.3,133,True
robosuite:20260907T135143Z:ep02,Panda / MuJoCo,Square,robosuite,code/privileged,,v2,True,,agentview,usable_with_limits,completion_visible,固定斜前方近景 agentview；方孔件、方柱与圆柱可辨，末端经常遮挡方孔与方柱接触处。,所查帧场景和机械臂可辨识；固定单视角与夹爪遮挡限制接触、深度和释放判断。未据三帧排除帧间闪烁或穿透。,末帧可见方柱穿过方孔、孔件环绕方柱的插装末态；属于可见几何完成，不认证释放保持时间或数值成功阈值。,sparse_three_frames|not_continuous_visual_review|numerical_success_threshold_not_visually_certified|gripper_peg_occlusion|single_view_depth_ambiguity,gpt-6-astra independent report reviewer,0.0|3.1|6.1,https://asimfish.github.io/astra-control-dashboard/media/Square__code__privileged__codex-gpt-6-astra__s0__20260907T135143Z/ep02.mp4,assets/astra/audit/093024b690a8c2bc.jpg,132689,c2be7d551b1b172e1469d448eecf1bd31adb17761a4b450e24438aa996994f02,256,256,10/1,6.3,63,True
robosuite:20260907T135143Z:ep03,Panda / MuJoCo,Square,robosuite,code/privileged,,v2,True,,agentview,usable_with_limits,partial_progress_visible,固定斜前方近景 agentview；方孔件、方柱与圆柱可辨，末端经常遮挡方孔与方柱接触处。,所查帧场景和机械臂可辨识；固定单视角与夹爪遮挡限制接触、深度和释放判断。未据三帧排除帧间闪烁或穿透。,可见方孔件被移动、抓持或接近方柱；末帧接触区域遮挡或仍偏离/悬在柱边，未充分显现套入完成。,sparse_three_frames|not_continuous_visual_review|numerical_success_threshold_not_visually_certified|gripper_peg_occlusion|single_view_depth_ambiguity,gpt-6-astra independent report reviewer,0.0|6.6|13.0,https://asimfish.github.io/astra-control-dashboard/media/Square__code__privileged__codex-gpt-6-astra__s0__20260907T135143Z/ep03.mp4,assets/astra/audit/1c9f0141f57e6a85.jpg,273630,93054203fa400abfeb5cfc8bc404db16713fcef9e2b43c09fa0a162ea7275104,256,256,10/1,13.2,132,True
robosuite:20260907T135143Z:ep04,Panda / MuJoCo,Square,robosuite,code/privileged,,v2,False,,agentview,usable_with_limits,partial_progress_visible,固定斜前方近景 agentview；方孔件、方柱与圆柱可辨，末端经常遮挡方孔与方柱接触处。,所查帧场景和机械臂可辨识；固定单视角与夹爪遮挡限制接触、深度和释放判断。未据三帧排除帧间闪烁或穿透。,可见方孔件被移动、抓持或接近方柱；末帧接触区域遮挡或仍偏离/悬在柱边，未充分显现套入完成。,sparse_three_frames|not_continuous_visual_review|numerical_success_threshold_not_visually_certified|gripper_peg_occlusion|single_view_depth_ambiguity,gpt-6-astra independent report reviewer,0.0|12.6|25.0,https://asimfish.github.io/astra-control-dashboard/media/Square__code__privileged__codex-gpt-6-astra__s0__20260907T135143Z/ep04.mp4,assets/astra/audit/f66f162320f168fc.jpg,509796,163cdc9922553b6726431cfc1507cc707a3533a5c4e877389091d72968ce110e,256,256,10/1,25.2,252,True
robosuite:20260908T144311Z:ep00,Panda / MuJoCo,Square,robosuite,code/privileged,,v3,True,,agentview,usable_with_limits,completion_visible,固定斜前方近景 agentview；方孔件、方柱与圆柱可辨，末端经常遮挡方孔与方柱接触处。,所查帧场景和机械臂可辨识；固定单视角与夹爪遮挡限制接触、深度和释放判断。未据三帧排除帧间闪烁或穿透。,末帧可见方柱穿过方孔、孔件环绕方柱的插装末态；属于可见几何完成，不认证释放保持时间或数值成功阈值。,sparse_three_frames|not_continuous_visual_review|numerical_success_threshold_not_visually_certified|gripper_peg_occlusion|single_view_depth_ambiguity,gpt-6-astra independent report reviewer,0.0|3.2|6.3,https://asimfish.github.io/astra-control-dashboard/media/Square__code__privileged__codex-gpt-6-astra__s0__20260908T144311Z/ep00.mp4,assets/astra/audit/f93ee16bd8a447e8.jpg,131616,0e226afdfda255af9f36e1ea134307393889d3aec5e9613bdc0657e6fe1664ec,256,256,10/1,6.5,65,True
robosuite:20260908T144311Z:ep01,Panda / MuJoCo,Square,robosuite,code/privileged,,v3,True,,agentview,usable_with_limits,partial_progress_visible,固定斜前方近景 agentview；方孔件、方柱与圆柱可辨，末端经常遮挡方孔与方柱接触处。,所查帧场景和机械臂可辨识；固定单视角与夹爪遮挡限制接触、深度和释放判断。未据三帧排除帧间闪烁或穿透。,可见方孔件被移动、抓持或接近方柱；末帧接触区域遮挡或仍偏离/悬在柱边，未充分显现套入完成。,sparse_three_frames|not_continuous_visual_review|numerical_success_threshold_not_visually_certified|gripper_peg_occlusion|single_view_depth_ambiguity,gpt-6-astra independent report reviewer,0.0|7.1|14.0,https://asimfish.github.io/astra-control-dashboard/media/Square__code__privileged__codex-gpt-6-astra__s0__20260908T144311Z/ep01.mp4,assets/astra/audit/ab51d721674957f7.jpg,261786,b72ad53cfb929f52edec85c3f8d07d2d2e774c0fe612269a720b3e46310ba2f5,256,256,10/1,14.2,142,True
robosuite:20260908T144311Z:ep02,Panda / MuJoCo,Square,robosuite,code/privileged,,v3,True,,agentview,usable_with_limits,completion_visible,固定斜前方近景 agentview；方孔件、方柱与圆柱可辨，末端经常遮挡方孔与方柱接触处。,所查帧场景和机械臂可辨识；固定单视角与夹爪遮挡限制接触、深度和释放判断。未据三帧排除帧间闪烁或穿透。,末帧可见方柱穿过方孔、孔件环绕方柱的插装末态；属于可见几何完成，不认证释放保持时间或数值成功阈值。,sparse_three_frames|not_continuous_visual_review|numerical_success_threshold_not_visually_certified|gripper_peg_occlusion|single_view_depth_ambiguity,gpt-6-astra independent report reviewer,0.0|3.5|6.8,https://asimfish.github.io/astra-control-dashboard/media/Square__code__privileged__codex-gpt-6-astra__s0__20260908T144311Z/ep02.mp4,assets/astra/audit/fe3bd4eb44abc837.jpg,130785,906170c7591de915c1d6a93852f38cd84bdd2b40fd396373aa2d69d125d8ed86,256,256,10/1,7.0,70,True
robosuite:20260908T144311Z:ep03,Panda / MuJoCo,Square,robosuite,code/privileged,,v3,True,,agentview,usable_with_limits,completion_visible,固定斜前方近景 agentview；方孔件、方柱与圆柱可辨，末端经常遮挡方孔与方柱接触处。,所查帧场景和机械臂可辨识；固定单视角与夹爪遮挡限制接触、深度和释放判断。未据三帧排除帧间闪烁或穿透。,末帧可见方柱穿过方孔、孔件环绕方柱的插装末态；属于可见几何完成，不认证释放保持时间或数值成功阈值。,sparse_three_frames|not_continuous_visual_review|numerical_success_threshold_not_visually_certified|gripper_peg_occlusion|single_view_depth_ambiguity,gpt-6-astra independent report reviewer,0.0|7.5|14.8,https://asimfish.github.io/astra-control-dashboard/media/Square__code__privileged__codex-gpt-6-astra__s0__20260908T144311Z/ep03.mp4,assets/astra/audit/5876ad11af50e4fa.jpg,302749,83de29b671e8ea5705c42926a424e37d6f4eb79cd4da7754775d67c2096c3c90,256,256,10/1,15.0,150,True
robosuite:20260908T144311Z:ep04,Panda / MuJoCo,Square,robosuite,code/privileged,,v3,True,,agentview,usable_with_limits,completion_visible,固定斜前方近景 agentview；方孔件、方柱与圆柱可辨，末端经常遮挡方孔与方柱接触处。,所查帧场景和机械臂可辨识；固定单视角与夹爪遮挡限制接触、深度和释放判断。未据三帧排除帧间闪烁或穿透。,末帧可见方柱穿过方孔、孔件环绕方柱的插装末态；属于可见几何完成，不认证释放保持时间或数值成功阈值。,sparse_three_frames|not_continuous_visual_review|numerical_success_threshold_not_visually_certified|gripper_peg_occlusion|single_view_depth_ambiguity,gpt-6-astra independent report reviewer,0.0|3.3|6.5,https://asimfish.github.io/astra-control-dashboard/media/Square__code__privileged__codex-gpt-6-astra__s0__20260908T144311Z/ep04.mp4,assets/astra/audit/384c0912714c4f5d.jpg,97591,ab58649c5d937b620337db316b0dbdbed207d7e96901fbfd5bd16a5466e327d9,256,256,10/1,6.7,67,True
robosuite:20260908T144311Z:ep05,Panda / MuJoCo,Square,robosuite,code/privileged,,v3,True,,agentview,usable_with_limits,completion_visible,固定斜前方近景 agentview；方孔件、方柱与圆柱可辨，末端经常遮挡方孔与方柱接触处。,所查帧场景和机械臂可辨识；固定单视角与夹爪遮挡限制接触、深度和释放判断。未据三帧排除帧间闪烁或穿透。,末帧可见方柱穿过方孔、孔件环绕方柱的插装末态；属于可见几何完成，不认证释放保持时间或数值成功阈值。,sparse_three_frames|not_continuous_visual_review|numerical_success_threshold_not_visually_certified|gripper_peg_occlusion|single_view_depth_ambiguity,gpt-6-astra independent report reviewer,0.0|3.6|7.1,https://asimfish.github.io/astra-control-dashboard/media/Square__code__privileged__codex-gpt-6-astra__s0__20260908T144311Z/ep05.mp4,assets/astra/audit/ca0010b7a3d5e4a3.jpg,134615,95f648129649c622523c4d53f4fe42e4004c14babab27dad6e4a963678ab2e08,256,256,10/1,7.3,73,True
robosuite:20260908T144311Z:ep06,Panda / MuJoCo,Square,robosuite,code/privileged,,v3,True,,agentview,usable_with_limits,completion_visible,固定斜前方近景 agentview；方孔件、方柱与圆柱可辨，末端经常遮挡方孔与方柱接触处。,所查帧场景和机械臂可辨识；固定单视角与夹爪遮挡限制接触、深度和释放判断。未据三帧排除帧间闪烁或穿透。,末帧可见方柱穿过方孔、孔件环绕方柱的插装末态；属于可见几何完成，不认证释放保持时间或数值成功阈值。,sparse_three_frames|not_continuous_visual_review|numerical_success_threshold_not_visually_certified|gripper_peg_occlusion|single_view_depth_ambiguity,gpt-6-astra independent report reviewer,0.0|3.5|6.9,https://asimfish.github.io/astra-control-dashboard/media/Square__code__privileged__codex-gpt-6-astra__s0__20260908T144311Z/ep06.mp4,assets/astra/audit/91f2f2891808d440.jpg,133600,1c067c145fb2e10787f16008aa0a8d54fe6678bef698ab1114c0962a953f8324,256,256,10/1,7.1,71,True
robosuite:20260908T144311Z:ep07,Panda / MuJoCo,Square,robosuite,code/privileged,,v3,True,,agentview,usable_with_limits,completion_visible,固定斜前方近景 agentview；方孔件、方柱与圆柱可辨，末端经常遮挡方孔与方柱接触处。,所查帧场景和机械臂可辨识；固定单视角与夹爪遮挡限制接触、深度和释放判断。未据三帧排除帧间闪烁或穿透。,末帧可见方柱穿过方孔、孔件环绕方柱的插装末态；属于可见几何完成，不认证释放保持时间或数值成功阈值。,sparse_three_frames|not_continuous_visual_review|numerical_success_threshold_not_visually_certified|gripper_peg_occlusion|single_view_depth_ambiguity,gpt-6-astra independent report reviewer,0.0|3.9|7.7,https://asimfish.github.io/astra-control-dashboard/media/Square__code__privileged__codex-gpt-6-astra__s0__20260908T144311Z/ep07.mp4,assets/astra/audit/01a2e4b8c365a6e7.jpg,134477,b46ec939888e6b91fe440d80a3549c7cca0fd0ac721ba943cd9352a55c8f9d37,256,256,10/1,7.9,79,True
robosuite:20260908T144311Z:ep08,Panda / MuJoCo,Square,robosuite,code/privileged,,v3,True,,agentview,usable_with_limits,completion_visible,固定斜前方近景 agentview；方孔件、方柱与圆柱可辨，末端经常遮挡方孔与方柱接触处。,所查帧场景和机械臂可辨识；固定单视角与夹爪遮挡限制接触、深度和释放判断。未据三帧排除帧间闪烁或穿透。,末帧可见方柱穿过方孔、孔件环绕方柱的插装末态；属于可见几何完成，不认证释放保持时间或数值成功阈值。,sparse_three_frames|not_continuous_visual_review|numerical_success_threshold_not_visually_certified|gripper_peg_occlusion|single_view_depth_ambiguity,gpt-6-astra independent report reviewer,0.0|3.1|6.0,https://asimfish.github.io/astra-control-dashboard/media/Square__code__privileged__codex-gpt-6-astra__s0__20260908T144311Z/ep08.mp4,assets/astra/audit/7739c562a9970f28.jpg,122926,e21301e85be289ba94339bddfe794f22b6647773e065b8f4346f47d033bab38b,256,256,10/1,6.2,62,True
robosuite:20260908T144311Z:ep09,Panda / MuJoCo,Square,robosuite,code/privileged,,v3,True,,agentview,usable_with_limits,completion_visible,固定斜前方近景 agentview；方孔件、方柱与圆柱可辨，末端经常遮挡方孔与方柱接触处。,所查帧场景和机械臂可辨识；固定单视角与夹爪遮挡限制接触、深度和释放判断。未据三帧排除帧间闪烁或穿透。,末帧可见方柱穿过方孔、孔件环绕方柱的插装末态；属于可见几何完成，不认证释放保持时间或数值成功阈值。,sparse_three_frames|not_continuous_visual_review|numerical_success_threshold_not_visually_certified|gripper_peg_occlusion|single_view_depth_ambiguity,gpt-6-astra independent report reviewer,0.0|3.3|6.4,https://asimfish.github.io/astra-control-dashboard/media/Square__code__privileged__codex-gpt-6-astra__s0__20260908T144311Z/ep09.mp4,assets/astra/audit/9ec198a254dc1a4a.jpg,120840,fdc4b5962d009574d84e5070e366e78b3ecbd98e6f706dbcb8193f067639f65b,256,256,10/1,6.6,66,True
robosuite:20260908T144311Z:ep10,Panda / MuJoCo,Square,robosuite,code/privileged,,v3,True,,agentview,usable_with_limits,completion_visible,固定斜前方近景 agentview；方孔件、方柱与圆柱可辨，末端经常遮挡方孔与方柱接触处。,所查帧场景和机械臂可辨识；固定单视角与夹爪遮挡限制接触、深度和释放判断。未据三帧排除帧间闪烁或穿透。,末帧可见方柱穿过方孔、孔件环绕方柱的插装末态；属于可见几何完成，不认证释放保持时间或数值成功阈值。,sparse_three_frames|not_continuous_visual_review|numerical_success_threshold_not_visually_certified|gripper_peg_occlusion|single_view_depth_ambiguity,gpt-6-astra independent report reviewer,0.0|3.3|6.5,https://asimfish.github.io/astra-control-dashboard/media/Square__code__privileged__codex-gpt-6-astra__s0__20260908T144311Z/ep10.mp4,assets/astra/audit/46475c122bf5db29.jpg,126790,8dadd09c183c1f9587ef57fabf78407aa4174adef79b2cbd90a8c9182b1d82f9,256,256,10/1,6.7,67,True
robosuite:20260908T144311Z:ep11,Panda / MuJoCo,Square,robosuite,code/privileged,,v3,True,,agentview,usable_with_limits,partial_progress_visible,固定斜前方近景 agentview；方孔件、方柱与圆柱可辨，末端经常遮挡方孔与方柱接触处。,所查帧场景和机械臂可辨识；固定单视角与夹爪遮挡限制接触、深度和释放判断。未据三帧排除帧间闪烁或穿透。,可见方孔件被移动、抓持或接近方柱；末帧接触区域遮挡或仍偏离/悬在柱边，未充分显现套入完成。,sparse_three_frames|not_continuous_visual_review|numerical_success_threshold_not_visually_certified|gripper_peg_occlusion|single_view_depth_ambiguity,gpt-6-astra independent report reviewer,0.0|7.1|14.1,https://asimfish.github.io/astra-control-dashboard/media/Square__code__privileged__codex-gpt-6-astra__s0__20260908T144311Z/ep11.mp4,assets/astra/audit/a1254da8a5226b60.jpg,264116,211e5392c64ab6c39a173d229f1f7a04ac4c36c53a516e0e24446c8ca5e27dfc,256,256,10/1,14.3,143,True
robosuite:20260908T144311Z:ep12,Panda / MuJoCo,Square,robosuite,code/privileged,,v3,True,,agentview,usable_with_limits,completion_visible,固定斜前方近景 agentview；方孔件、方柱与圆柱可辨，末端经常遮挡方孔与方柱接触处。,所查帧场景和机械臂可辨识；固定单视角与夹爪遮挡限制接触、深度和释放判断。未据三帧排除帧间闪烁或穿透。,末帧可见方柱穿过方孔、孔件环绕方柱的插装末态；属于可见几何完成，不认证释放保持时间或数值成功阈值。,sparse_three_frames|not_continuous_visual_review|numerical_success_threshold_not_visually_certified|gripper_peg_occlusion|single_view_depth_ambiguity,gpt-6-astra independent report reviewer,0.0|3.3|6.5,https://asimfish.github.io/astra-control-dashboard/media/Square__code__privileged__codex-gpt-6-astra__s0__20260908T144311Z/ep12.mp4,assets/astra/audit/9d92765164ca6308.jpg,120641,28c459f31e2672d5174456c387ea1a1a3a19b9aae3f6e9cfe52a8121b90452c8,256,256,10/1,6.7,67,True
robosuite:20260908T144311Z:ep13,Panda / MuJoCo,Square,robosuite,code/privileged,,v3,True,,agentview,usable_with_limits,partial_progress_visible,固定斜前方近景 agentview；方孔件、方柱与圆柱可辨，末端经常遮挡方孔与方柱接触处。,所查帧场景和机械臂可辨识；固定单视角与夹爪遮挡限制接触、深度和释放判断。未据三帧排除帧间闪烁或穿透。,可见方孔件被移动、抓持或接近方柱；末帧接触区域遮挡或仍偏离/悬在柱边，未充分显现套入完成。,sparse_three_frames|not_continuous_visual_review|numerical_success_threshold_not_visually_certified|gripper_peg_occlusion|single_view_depth_ambiguity,gpt-6-astra independent report reviewer,0.0|7.0|13.9,https://asimfish.github.io/astra-control-dashboard/media/Square__code__privileged__codex-gpt-6-astra__s0__20260908T144311Z/ep13.mp4,assets/astra/audit/61cafe5392da55b5.jpg,279217,6d628eba81df098f48f38fe296065c2ee76df153eb0850ec4077012df4ad50fe,256,256,10/1,14.1,141,True
robosuite:20260908T144311Z:ep14,Panda / MuJoCo,Square,robosuite,code/privileged,,v3,True,,agentview,usable_with_limits,completion_visible,固定斜前方近景 agentview；方孔件、方柱与圆柱可辨，末端经常遮挡方孔与方柱接触处。,所查帧场景和机械臂可辨识；固定单视角与夹爪遮挡限制接触、深度和释放判断。未据三帧排除帧间闪烁或穿透。,末帧可见方柱穿过方孔、孔件环绕方柱的插装末态；属于可见几何完成，不认证释放保持时间或数值成功阈值。,sparse_three_frames|not_continuous_visual_review|numerical_success_threshold_not_visually_certified|gripper_peg_occlusion|single_view_depth_ambiguity,gpt-6-astra independent report reviewer,0.0|9.4|18.6,https://asimfish.github.io/astra-control-dashboard/media/Square__code__privileged__codex-gpt-6-astra__s0__20260908T144311Z/ep14.mp4,assets/astra/audit/31c9573ffc4742e1.jpg,417059,3fd846c09bda1616a4f874f2cc419d48cf6e397a2e95f0e411ceed0130e7fbd9,256,256,10/1,18.8,188,True
robosuite:20260908T144311Z:ep15,Panda / MuJoCo,Square,robosuite,code/privileged,,v3,True,,agentview,usable_with_limits,partial_progress_visible,固定斜前方近景 agentview；方孔件、方柱与圆柱可辨，末端经常遮挡方孔与方柱接触处。,所查帧场景和机械臂可辨识；固定单视角与夹爪遮挡限制接触、深度和释放判断。未据三帧排除帧间闪烁或穿透。,可见方孔件被移动、抓持或接近方柱；末帧接触区域遮挡或仍偏离/悬在柱边，未充分显现套入完成。,sparse_three_frames|not_continuous_visual_review|numerical_success_threshold_not_visually_certified|gripper_peg_occlusion|single_view_depth_ambiguity,gpt-6-astra independent report reviewer,0.0|7.5|14.9,https://asimfish.github.io/astra-control-dashboard/media/Square__code__privileged__codex-gpt-6-astra__s0__20260908T144311Z/ep15.mp4,assets/astra/audit/99c3bf5b7310e996.jpg,325868,cc1a61a833ef7073bcd8689735caf1db0d875a86348753ef22eefee8ac44fa56,256,256,10/1,15.1,151,True
robosuite:20260908T144311Z:ep16,Panda / MuJoCo,Square,robosuite,code/privileged,,v3,False,,agentview,usable_with_limits,partial_progress_visible,固定斜前方近景 agentview；方孔件、方柱与圆柱可辨，末端经常遮挡方孔与方柱接触处。,所查帧场景和机械臂可辨识；固定单视角与夹爪遮挡限制接触、深度和释放判断。未据三帧排除帧间闪烁或穿透。,方孔件被搬到画面右缘，目标方柱仍空，末帧未见套入。,sparse_three_frames|not_continuous_visual_review|numerical_success_threshold_not_visually_certified|gripper_peg_occlusion|single_view_depth_ambiguity,gpt-6-astra independent report reviewer,0.0|12.6|25.0,https://asimfish.github.io/astra-control-dashboard/media/Square__code__privileged__codex-gpt-6-astra__s0__20260908T144311Z/ep16.mp4,assets/astra/audit/6ff9ff141c527fba.jpg,530791,f404384d53dc343f3cb97bb669d6ca032d0ea25d20aaa930d8d62eca233a9532,256,256,10/1,25.2,252,True
robosuite:20260908T144311Z:ep17,Panda / MuJoCo,Square,robosuite,code/privileged,,v3,True,,agentview,usable_with_limits,partial_progress_visible,固定斜前方近景 agentview；方孔件、方柱与圆柱可辨，末端经常遮挡方孔与方柱接触处。,所查帧场景和机械臂可辨识；固定单视角与夹爪遮挡限制接触、深度和释放判断。未据三帧排除帧间闪烁或穿透。,可见方孔件被移动、抓持或接近方柱；末帧接触区域遮挡或仍偏离/悬在柱边，未充分显现套入完成。,sparse_three_frames|not_continuous_visual_review|numerical_success_threshold_not_visually_certified|gripper_peg_occlusion|single_view_depth_ambiguity,gpt-6-astra independent report reviewer,0.0|7.8|15.4,https://asimfish.github.io/astra-control-dashboard/media/Square__code__privileged__codex-gpt-6-astra__s0__20260908T144311Z/ep17.mp4,assets/astra/audit/d71ba24e6856eea0.jpg,308882,49f51a2d9f7a32ac9024829e6917e4f3aeef724effb1be1d0111d119822db2be,256,256,10/1,15.6,156,True
robosuite:20260908T144311Z:ep18,Panda / MuJoCo,Square,robosuite,code/privileged,,v3,True,,agentview,usable_with_limits,partial_progress_visible,固定斜前方近景 agentview；方孔件、方柱与圆柱可辨，末端经常遮挡方孔与方柱接触处。,所查帧场景和机械臂可辨识；固定单视角与夹爪遮挡限制接触、深度和释放判断。未据三帧排除帧间闪烁或穿透。,可见方孔件被移动、抓持或接近方柱；末帧接触区域遮挡或仍偏离/悬在柱边，未充分显现套入完成。,sparse_three_frames|not_continuous_visual_review|numerical_success_threshold_not_visually_certified|gripper_peg_occlusion|single_view_depth_ambiguity,gpt-6-astra independent report reviewer,0.0|7.0|13.9,https://asimfish.github.io/astra-control-dashboard/media/Square__code__privileged__codex-gpt-6-astra__s0__20260908T144311Z/ep18.mp4,assets/astra/audit/ee14c57fa4e5dbed.jpg,289791,37333e4557f622c60c6ac244071ef1a98c963a66a3484c1189f331ae38917b9b,256,256,10/1,14.1,141,True
robosuite:20260908T144311Z:ep19,Panda / MuJoCo,Square,robosuite,code/privileged,,v3,True,,agentview,usable_with_limits,completion_visible,固定斜前方近景 agentview；方孔件、方柱与圆柱可辨，末端经常遮挡方孔与方柱接触处。,所查帧场景和机械臂可辨识；固定单视角与夹爪遮挡限制接触、深度和释放判断。未据三帧排除帧间闪烁或穿透。,末帧可见方柱穿过方孔、孔件环绕方柱的插装末态；属于可见几何完成，不认证释放保持时间或数值成功阈值。,sparse_three_frames|not_continuous_visual_review|numerical_success_threshold_not_visually_certified|gripper_peg_occlusion|single_view_depth_ambiguity,gpt-6-astra independent report reviewer,0.0|3.2|6.3,https://asimfish.github.io/astra-control-dashboard/media/Square__code__privileged__codex-gpt-6-astra__s0__20260908T144311Z/ep19.mp4,assets/astra/audit/d520c31d0107dfbe.jpg,96859,1527e17ecebd088ce923336e149b5227cc86ba4c6828d51d0959167aa48afd01,256,256,10/1,6.5,65,True
robosuite:20260907T151651Z:ep00,Panda / MuJoCo,Square,robosuite,code/proprio,,v2,True,,agentview,usable_with_limits,partial_progress_visible,固定斜前方近景 agentview；方孔件、方柱与圆柱可辨，末端经常遮挡方孔与方柱接触处。,所查帧场景和机械臂可辨识；固定单视角与夹爪遮挡限制接触、深度和释放判断。未据三帧排除帧间闪烁或穿透。,可见方孔件被移动、抓持或接近方柱；末帧接触区域遮挡或仍偏离/悬在柱边，未充分显现套入完成。,sparse_three_frames|not_continuous_visual_review|numerical_success_threshold_not_visually_certified|gripper_peg_occlusion|single_view_depth_ambiguity,gpt-6-astra independent report reviewer,0.0|6.9|13.6,https://asimfish.github.io/astra-control-dashboard/media/Square__code__proprio__codex-gpt-6-astra__s0__20260907T151651Z/ep00.mp4,assets/astra/audit/c46434063e213cbd.jpg,349045,ec5f06b02c6e96cd7f2e39558c0e0355bebab3dc08243cdfb3602374a9bf3851,256,256,10/1,13.8,138,True
robosuite:20260907T151651Z:ep01,Panda / MuJoCo,Square,robosuite,code/proprio,,v2,True,,agentview,usable_with_limits,partial_progress_visible,固定斜前方近景 agentview；方孔件、方柱与圆柱可辨，末端经常遮挡方孔与方柱接触处。,所查帧场景和机械臂可辨识；固定单视角与夹爪遮挡限制接触、深度和释放判断。未据三帧排除帧间闪烁或穿透。,可见方孔件被移动、抓持或接近方柱；末帧接触区域遮挡或仍偏离/悬在柱边，未充分显现套入完成。,sparse_three_frames|not_continuous_visual_review|numerical_success_threshold_not_visually_certified|gripper_peg_occlusion|single_view_depth_ambiguity,gpt-6-astra independent report reviewer,0.0|6.6|13.0,https://asimfish.github.io/astra-control-dashboard/media/Square__code__proprio__codex-gpt-6-astra__s0__20260907T151651Z/ep01.mp4,assets/astra/audit/6abd6072e6e4f5cd.jpg,269226,ee519000f6ede8c10f7e5d12a27fb285f71b0fdc02a27cbeebced64a220c3cb9,256,256,10/1,13.2,132,True
robosuite:20260907T151651Z:ep02,Panda / MuJoCo,Square,robosuite,code/proprio,,v2,True,,agentview,usable_with_limits,completion_visible,固定斜前方近景 agentview；方孔件、方柱与圆柱可辨，末端经常遮挡方孔与方柱接触处。,所查帧场景和机械臂可辨识；固定单视角与夹爪遮挡限制接触、深度和释放判断。未据三帧排除帧间闪烁或穿透。,末帧可见方柱穿过方孔、孔件环绕方柱的插装末态；属于可见几何完成，不认证释放保持时间或数值成功阈值。,sparse_three_frames|not_continuous_visual_review|numerical_success_threshold_not_visually_certified|gripper_peg_occlusion|single_view_depth_ambiguity,gpt-6-astra independent report reviewer,0.0|3.0|5.9,https://asimfish.github.io/astra-control-dashboard/media/Square__code__proprio__codex-gpt-6-astra__s0__20260907T151651Z/ep02.mp4,assets/astra/audit/9efeafb1a1046e7d.jpg,130197,081029437864dbfbda4cff723e663fa86e600e29a2963cda247c6c34f5ad35af,256,256,10/1,6.1,61,True
robosuite:20260907T151651Z:ep03,Panda / MuJoCo,Square,robosuite,code/proprio,,v2,True,,agentview,usable_with_limits,partial_progress_visible,固定斜前方近景 agentview；方孔件、方柱与圆柱可辨，末端经常遮挡方孔与方柱接触处。,所查帧场景和机械臂可辨识；固定单视角与夹爪遮挡限制接触、深度和释放判断。未据三帧排除帧间闪烁或穿透。,可见方孔件被移动、抓持或接近方柱；末帧接触区域遮挡或仍偏离/悬在柱边，未充分显现套入完成。,sparse_three_frames|not_continuous_visual_review|numerical_success_threshold_not_visually_certified|gripper_peg_occlusion|single_view_depth_ambiguity,gpt-6-astra independent report reviewer,0.0|7.1|14.0,https://asimfish.github.io/astra-control-dashboard/media/Square__code__proprio__codex-gpt-6-astra__s0__20260907T151651Z/ep03.mp4,assets/astra/audit/b2ea835639bfc6ff.jpg,316114,21f5a1ba307a11a5e6274efea8564c2389e669e8247414abd56700454ec7101c,256,256,10/1,14.2,142,True
robosuite:20260907T151651Z:ep04,Panda / MuJoCo,Square,robosuite,code/proprio,,v2,True,,agentview,usable_with_limits,completion_visible,固定斜前方近景 agentview；方孔件、方柱与圆柱可辨，末端经常遮挡方孔与方柱接触处。,所查帧场景和机械臂可辨识；固定单视角与夹爪遮挡限制接触、深度和释放判断。未据三帧排除帧间闪烁或穿透。,末帧可见方柱穿过方孔、孔件环绕方柱的插装末态；属于可见几何完成，不认证释放保持时间或数值成功阈值。,sparse_three_frames|not_continuous_visual_review|numerical_success_threshold_not_visually_certified|gripper_peg_occlusion|single_view_depth_ambiguity,gpt-6-astra independent report reviewer,0.0|2.6|5.1,https://asimfish.github.io/astra-control-dashboard/media/Square__code__proprio__codex-gpt-6-astra__s0__20260907T151651Z/ep04.mp4,assets/astra/audit/482f4aea747eaa0c.jpg,126896,1a8fc7b910acaf885d36c1cc00b7ed191f1e96e1d64c52db1f0114d6d9d30b70,256,256,10/1,5.3,53,True
robosuite:20260908T142029Z:ep00,Panda / MuJoCo,Square,robosuite,code/proprio,,v3,True,,agentview,usable_with_limits,completion_visible,固定斜前方近景 agentview；方孔件、方柱与圆柱可辨，末端经常遮挡方孔与方柱接触处。,所查帧场景和机械臂可辨识；固定单视角与夹爪遮挡限制接触、深度和释放判断。未据三帧排除帧间闪烁或穿透。,末帧可见方柱穿过方孔、孔件环绕方柱的插装末态；属于可见几何完成，不认证释放保持时间或数值成功阈值。,sparse_three_frames|not_continuous_visual_review|numerical_success_threshold_not_visually_certified|gripper_peg_occlusion|single_view_depth_ambiguity,gpt-6-astra independent report reviewer,0.0|3.2|6.2,https://asimfish.github.io/astra-control-dashboard/media/Square__code__proprio__codex-gpt-6-astra__s0__20260908T142029Z/ep00.mp4,assets/astra/audit/b1bb4ba0aaea29ea.jpg,129722,beff2d66b6b6454652c19e9229c35183eff75e026671b06749bdbaaf57d981ef,256,256,10/1,6.4,64,True
robosuite:20260908T142029Z:ep01,Panda / MuJoCo,Square,robosuite,code/proprio,,v3,True,,agentview,usable_with_limits,partial_progress_visible,固定斜前方近景 agentview；方孔件、方柱与圆柱可辨，末端经常遮挡方孔与方柱接触处。,所查帧场景和机械臂可辨识；固定单视角与夹爪遮挡限制接触、深度和释放判断。未据三帧排除帧间闪烁或穿透。,可见方孔件被移动、抓持或接近方柱；末帧接触区域遮挡或仍偏离/悬在柱边，未充分显现套入完成。,sparse_three_frames|not_continuous_visual_review|numerical_success_threshold_not_visually_certified|gripper_peg_occlusion|single_view_depth_ambiguity,gpt-6-astra independent report reviewer,0.0|7.1|14.1,https://asimfish.github.io/astra-control-dashboard/media/Square__code__proprio__codex-gpt-6-astra__s0__20260908T142029Z/ep01.mp4,assets/astra/audit/8087c8d768819b64.jpg,274106,9ac73be4b1d4443c12e933cef0583c02049d336d8f95c4a2b239b7ecc02058bb,256,256,10/1,14.3,143,True
robosuite:20260908T142029Z:ep02,Panda / MuJoCo,Square,robosuite,code/proprio,,v3,False,,agentview,usable_with_limits,no_completion_visible,固定斜前方近景 agentview；方孔件、方柱与圆柱可辨，末端经常遮挡方孔与方柱接触处。,所查帧场景和机械臂可辨识；固定单视角与夹爪遮挡限制接触、深度和释放判断。未据三帧排除帧间闪烁或穿透。,末帧方孔件与目标方柱仍分离，未见套入完成；仅见接近或原位附近动作。,sparse_three_frames|not_continuous_visual_review|numerical_success_threshold_not_visually_certified|gripper_peg_occlusion|single_view_depth_ambiguity,gpt-6-astra independent report reviewer,0.0|12.0|23.9,https://asimfish.github.io/astra-control-dashboard/media/Square__code__proprio__codex-gpt-6-astra__s0__20260908T142029Z/ep02.mp4,assets/astra/audit/570e855f7b693841.jpg,389744,2675fc417c3f1f6a3db26c9bdf6dcfbb72835047ebe469276b920b7e20cedbb9,256,256,10/1,24.1,241,True
robosuite:20260908T142029Z:ep03,Panda / MuJoCo,Square,robosuite,code/proprio,,v3,False,,agentview,usable_with_limits,no_completion_visible,固定斜前方近景 agentview；方孔件、方柱与圆柱可辨，末端经常遮挡方孔与方柱接触处。,所查帧场景和机械臂可辨识；固定单视角与夹爪遮挡限制接触、深度和释放判断。未据三帧排除帧间闪烁或穿透。,末帧方孔件与目标方柱仍分离，未见套入完成；仅见接近或原位附近动作。,sparse_three_frames|not_continuous_visual_review|numerical_success_threshold_not_visually_certified|gripper_peg_occlusion|single_view_depth_ambiguity,gpt-6-astra independent report reviewer,0.0|12.6|25.0,https://asimfish.github.io/astra-control-dashboard/media/Square__code__proprio__codex-gpt-6-astra__s0__20260908T142029Z/ep03.mp4,assets/astra/audit/08bc631d907470f1.jpg,436129,65c58e1675cdb82ce5a972b34545f7e73b7c9d51b1285cd3870f637613af96d3,256,256,10/1,25.2,252,True
robosuite:20260908T142029Z:ep04,Panda / MuJoCo,Square,robosuite,code/proprio,,v3,True,,agentview,usable_with_limits,completion_visible,固定斜前方近景 agentview；方孔件、方柱与圆柱可辨，末端经常遮挡方孔与方柱接触处。,所查帧场景和机械臂可辨识；固定单视角与夹爪遮挡限制接触、深度和释放判断。未据三帧排除帧间闪烁或穿透。,末帧可见方柱穿过方孔、孔件环绕方柱的插装末态；属于可见几何完成，不认证释放保持时间或数值成功阈值。,sparse_three_frames|not_continuous_visual_review|numerical_success_threshold_not_visually_certified|gripper_peg_occlusion|single_view_depth_ambiguity,gpt-6-astra independent report reviewer,0.0|2.9|5.7,https://asimfish.github.io/astra-control-dashboard/media/Square__code__proprio__codex-gpt-6-astra__s0__20260908T142029Z/ep04.mp4,assets/astra/audit/067bf26ac5def62d.jpg,99875,8b511b913dc1dd06749738a6d99fcc8bf65514ccb3dd2ddf42b232c2680f3342,256,256,10/1,5.9,59,True
robosuite:20260908T142029Z:ep05,Panda / MuJoCo,Square,robosuite,code/proprio,,v3,False,,agentview,insufficient_action_evidence,not_determined,固定斜前方近景 agentview；方孔件、方柱与圆柱可辨，末端经常遮挡方孔与方柱接触处。,所查帧场景和机械臂可辨识；固定单视角与夹爪遮挡限制接触、深度和释放判断。未据三帧排除帧间闪烁或穿透。,末帧夹爪遮挡关键孔件/柱接触或孔件难以定位；三帧无法确定完成状态。,sparse_three_frames|not_continuous_visual_review|numerical_success_threshold_not_visually_certified|gripper_peg_occlusion|single_view_depth_ambiguity,gpt-6-astra independent report reviewer,0.0|12.6|25.0,https://asimfish.github.io/astra-control-dashboard/media/Square__code__proprio__codex-gpt-6-astra__s0__20260908T142029Z/ep05.mp4,assets/astra/audit/f215315de2e2d8d1.jpg,573033,e5eab644cdd875f53a1f2632306e0427b8c8d7a957131be7c7021a29bc9bfe24,256,256,10/1,25.2,252,True
robosuite:20260908T142029Z:ep06,Panda / MuJoCo,Square,robosuite,code/proprio,,v3,True,,agentview,usable_with_limits,completion_visible,固定斜前方近景 agentview；方孔件、方柱与圆柱可辨，末端经常遮挡方孔与方柱接触处。,所查帧场景和机械臂可辨识；固定单视角与夹爪遮挡限制接触、深度和释放判断。未据三帧排除帧间闪烁或穿透。,末帧可见方柱穿过方孔、孔件环绕方柱的插装末态；属于可见几何完成，不认证释放保持时间或数值成功阈值。,sparse_three_frames|not_continuous_visual_review|numerical_success_threshold_not_visually_certified|gripper_peg_occlusion|single_view_depth_ambiguity,gpt-6-astra independent report reviewer,0.0|3.3|6.4,https://asimfish.github.io/astra-control-dashboard/media/Square__code__proprio__codex-gpt-6-astra__s0__20260908T142029Z/ep06.mp4,assets/astra/audit/905c40d118af02d3.jpg,126764,cc593b6ddaec08846cd537c047e0d79f2caa5341cc72cf205194699ec2b88e45,256,256,10/1,6.6,66,True
robosuite:20260908T142029Z:ep07,Panda / MuJoCo,Square,robosuite,code/proprio,,v3,False,,agentview,insufficient_action_evidence,not_determined,固定斜前方近景 agentview；方孔件、方柱与圆柱可辨，末端经常遮挡方孔与方柱接触处。,所查帧场景和机械臂可辨识；固定单视角与夹爪遮挡限制接触、深度和释放判断。未据三帧排除帧间闪烁或穿透。,末帧夹爪遮挡关键孔件/柱接触或孔件难以定位；三帧无法确定完成状态。,sparse_three_frames|not_continuous_visual_review|numerical_success_threshold_not_visually_certified|gripper_peg_occlusion|single_view_depth_ambiguity,gpt-6-astra independent report reviewer,0.0|12.6|25.0,https://asimfish.github.io/astra-control-dashboard/media/Square__code__proprio__codex-gpt-6-astra__s0__20260908T142029Z/ep07.mp4,assets/astra/audit/f8a1db8fc5aa3cb5.jpg,659549,c005d5e70ec2be9481a7a57df0b3325841145e39533062bfdf752c6d2597472e,256,256,10/1,25.2,252,True
robosuite:20260908T142029Z:ep08,Panda / MuJoCo,Square,robosuite,code/proprio,,v3,True,,agentview,usable_with_limits,completion_visible,固定斜前方近景 agentview；方孔件、方柱与圆柱可辨，末端经常遮挡方孔与方柱接触处。,所查帧场景和机械臂可辨识；固定单视角与夹爪遮挡限制接触、深度和释放判断。未据三帧排除帧间闪烁或穿透。,末帧可见方柱穿过方孔、孔件环绕方柱的插装末态；属于可见几何完成，不认证释放保持时间或数值成功阈值。,sparse_three_frames|not_continuous_visual_review|numerical_success_threshold_not_visually_certified|gripper_peg_occlusion|single_view_depth_ambiguity,gpt-6-astra independent report reviewer,0.0|2.9|5.6,https://asimfish.github.io/astra-control-dashboard/media/Square__code__proprio__codex-gpt-6-astra__s0__20260908T142029Z/ep08.mp4,assets/astra/audit/5e353ee86abf17af.jpg,123844,9ccb5ef285631c98436d37cb58e561cce181c833ae085b53b29f11a5e6e536bf,256,256,10/1,5.8,58,True
robosuite:20260908T142029Z:ep09,Panda / MuJoCo,Square,robosuite,code/proprio,,v3,True,,agentview,usable_with_limits,completion_visible,固定斜前方近景 agentview；方孔件、方柱与圆柱可辨，末端经常遮挡方孔与方柱接触处。,所查帧场景和机械臂可辨识；固定单视角与夹爪遮挡限制接触、深度和释放判断。未据三帧排除帧间闪烁或穿透。,末帧可见方柱穿过方孔、孔件环绕方柱的插装末态；属于可见几何完成，不认证释放保持时间或数值成功阈值。,sparse_three_frames|not_continuous_visual_review|numerical_success_threshold_not_visually_certified|gripper_peg_occlusion|single_view_depth_ambiguity,gpt-6-astra independent report reviewer,0.0|3.1|6.0,https://asimfish.github.io/astra-control-dashboard/media/Square__code__proprio__codex-gpt-6-astra__s0__20260908T142029Z/ep09.mp4,assets/astra/audit/d2638c4db42eeab4.jpg,115709,5e5a51cba16b832807149ff11ca94a187c589d794c926231e4745c33a6f3b31a,256,256,10/1,6.2,62,True
robosuite:20260908T142029Z:ep10,Panda / MuJoCo,Square,robosuite,code/proprio,,v3,True,,agentview,usable_with_limits,partial_progress_visible,固定斜前方近景 agentview；方孔件、方柱与圆柱可辨，末端经常遮挡方孔与方柱接触处。,所查帧场景和机械臂可辨识；固定单视角与夹爪遮挡限制接触、深度和释放判断。未据三帧排除帧间闪烁或穿透。,可见方孔件被移动、抓持或接近方柱；末帧接触区域遮挡或仍偏离/悬在柱边，未充分显现套入完成。,sparse_three_frames|not_continuous_visual_review|numerical_success_threshold_not_visually_certified|gripper_peg_occlusion|single_view_depth_ambiguity,gpt-6-astra independent report reviewer,0.0|9.8|19.5,https://asimfish.github.io/astra-control-dashboard/media/Square__code__proprio__codex-gpt-6-astra__s0__20260908T142029Z/ep10.mp4,assets/astra/audit/0c73230ffe9ec7d2.jpg,362257,99feb59a81bbad66dfc8ed5262a646357e84f6b60d4fa8c5941e7f5c13e0595c,256,256,10/1,19.7,197,True
robosuite:20260908T142029Z:ep11,Panda / MuJoCo,Square,robosuite,code/proprio,,v3,True,,agentview,usable_with_limits,completion_visible,固定斜前方近景 agentview；方孔件、方柱与圆柱可辨，末端经常遮挡方孔与方柱接触处。,所查帧场景和机械臂可辨识；固定单视角与夹爪遮挡限制接触、深度和释放判断。未据三帧排除帧间闪烁或穿透。,末帧可见方柱穿过方孔、孔件环绕方柱的插装末态；属于可见几何完成，不认证释放保持时间或数值成功阈值。,sparse_three_frames|not_continuous_visual_review|numerical_success_threshold_not_visually_certified|gripper_peg_occlusion|single_view_depth_ambiguity,gpt-6-astra independent report reviewer,0.0|3.1|6.1,https://asimfish.github.io/astra-control-dashboard/media/Square__code__proprio__codex-gpt-6-astra__s0__20260908T142029Z/ep11.mp4,assets/astra/audit/7dac672e43ef9ac8.jpg,102125,0cd9b34810fa7bfe665c3ee5afcc620968944a62e1bb98736b6f31699acc510f,256,256,10/1,6.3,63,True
robosuite:20260908T142029Z:ep12,Panda / MuJoCo,Square,robosuite,code/proprio,,v3,True,,agentview,usable_with_limits,completion_visible,固定斜前方近景 agentview；方孔件、方柱与圆柱可辨，末端经常遮挡方孔与方柱接触处。,所查帧场景和机械臂可辨识；固定单视角与夹爪遮挡限制接触、深度和释放判断。未据三帧排除帧间闪烁或穿透。,末帧可见方柱穿过方孔、孔件环绕方柱的插装末态；属于可见几何完成，不认证释放保持时间或数值成功阈值。,sparse_three_frames|not_continuous_visual_review|numerical_success_threshold_not_visually_certified|gripper_peg_occlusion|single_view_depth_ambiguity,gpt-6-astra independent report reviewer,0.0|3.2|6.3,https://asimfish.github.io/astra-control-dashboard/media/Square__code__proprio__codex-gpt-6-astra__s0__20260908T142029Z/ep12.mp4,assets/astra/audit/57017489dbb8c3d2.jpg,128423,274e8b9a8b5525df8fabc695df32e8f4c5f1428bb89e06f47b4d0b7bb85585d2,256,256,10/1,6.5,65,True
robosuite:20260908T142029Z:ep13,Panda / MuJoCo,Square,robosuite,code/proprio,,v3,True,,agentview,usable_with_limits,partial_progress_visible,固定斜前方近景 agentview；方孔件、方柱与圆柱可辨，末端经常遮挡方孔与方柱接触处。,所查帧场景和机械臂可辨识；固定单视角与夹爪遮挡限制接触、深度和释放判断。未据三帧排除帧间闪烁或穿透。,可见方孔件被移动、抓持或接近方柱；末帧接触区域遮挡或仍偏离/悬在柱边，未充分显现套入完成。,sparse_three_frames|not_continuous_visual_review|numerical_success_threshold_not_visually_certified|gripper_peg_occlusion|single_view_depth_ambiguity,gpt-6-astra independent report reviewer,0.0|7.1|14.1,https://asimfish.github.io/astra-control-dashboard/media/Square__code__proprio__codex-gpt-6-astra__s0__20260908T142029Z/ep13.mp4,assets/astra/audit/12981fae02b55250.jpg,289725,7a1f317c94742b630b9541e2dd3da1243500ad42bf9dad0ae09473fe27a26d5a,256,256,10/1,14.3,143,True
robosuite:20260908T142029Z:ep14,Panda / MuJoCo,Square,robosuite,code/proprio,,v3,True,,agentview,usable_with_limits,completion_visible,固定斜前方近景 agentview；方孔件、方柱与圆柱可辨，末端经常遮挡方孔与方柱接触处。,所查帧场景和机械臂可辨识；固定单视角与夹爪遮挡限制接触、深度和释放判断。未据三帧排除帧间闪烁或穿透。,末帧可见方柱穿过方孔、孔件环绕方柱的插装末态；属于可见几何完成，不认证释放保持时间或数值成功阈值。,sparse_three_frames|not_continuous_visual_review|numerical_success_threshold_not_visually_certified|gripper_peg_occlusion|single_view_depth_ambiguity,gpt-6-astra independent report reviewer,0.0|3.7|7.2,https://asimfish.github.io/astra-control-dashboard/media/Square__code__proprio__codex-gpt-6-astra__s0__20260908T142029Z/ep14.mp4,assets/astra/audit/a3a849dbcb5a609a.jpg,142498,c3005a95efa469db801c87981d171e1effd4e3e6febff22e18e059f196c4ad72,256,256,10/1,7.4,74,True
robosuite:20260908T142029Z:ep15,Panda / MuJoCo,Square,robosuite,code/proprio,,v3,True,,agentview,usable_with_limits,partial_progress_visible,固定斜前方近景 agentview；方孔件、方柱与圆柱可辨，末端经常遮挡方孔与方柱接触处。,所查帧场景和机械臂可辨识；固定单视角与夹爪遮挡限制接触、深度和释放判断。未据三帧排除帧间闪烁或穿透。,可见方孔件被移动、抓持或接近方柱；末帧接触区域遮挡或仍偏离/悬在柱边，未充分显现套入完成。,sparse_three_frames|not_continuous_visual_review|numerical_success_threshold_not_visually_certified|gripper_peg_occlusion|single_view_depth_ambiguity,gpt-6-astra independent report reviewer,0.0|8.3|16.4,https://asimfish.github.io/astra-control-dashboard/media/Square__code__proprio__codex-gpt-6-astra__s0__20260908T142029Z/ep15.mp4,assets/astra/audit/6f9f59a45e5ba15e.jpg,389301,7ea8ccc71680d3ac42bf570c26ccfefea69fa3989a956245391cfcbd086c16be,256,256,10/1,16.6,166,True
robosuite:20260908T142029Z:ep16,Panda / MuJoCo,Square,robosuite,code/proprio,,v3,True,,agentview,usable_with_limits,completion_visible,固定斜前方近景 agentview；方孔件、方柱与圆柱可辨，末端经常遮挡方孔与方柱接触处。,所查帧场景和机械臂可辨识；固定单视角与夹爪遮挡限制接触、深度和释放判断。未据三帧排除帧间闪烁或穿透。,末帧可见方柱穿过方孔、孔件环绕方柱的插装末态；属于可见几何完成，不认证释放保持时间或数值成功阈值。,sparse_three_frames|not_continuous_visual_review|numerical_success_threshold_not_visually_certified|gripper_peg_occlusion|single_view_depth_ambiguity,gpt-6-astra independent report reviewer,0.0|6.0|11.9,https://asimfish.github.io/astra-control-dashboard/media/Square__code__proprio__codex-gpt-6-astra__s0__20260908T142029Z/ep16.mp4,assets/astra/audit/6b48c1ec244bf838.jpg,280290,b4467cf07b6595a7ebf8498462a5e49d766533860cc6675e0e5bc9eefe8ed74b,256,256,10/1,12.1,121,True
robosuite:20260908T142029Z:ep17,Panda / MuJoCo,Square,robosuite,code/proprio,,v3,True,,agentview,usable_with_limits,completion_visible,固定斜前方近景 agentview；方孔件、方柱与圆柱可辨，末端经常遮挡方孔与方柱接触处。,所查帧场景和机械臂可辨识；固定单视角与夹爪遮挡限制接触、深度和释放判断。未据三帧排除帧间闪烁或穿透。,末帧可见方柱穿过方孔、孔件环绕方柱的插装末态；属于可见几何完成，不认证释放保持时间或数值成功阈值。,sparse_three_frames|not_continuous_visual_review|numerical_success_threshold_not_visually_certified|gripper_peg_occlusion|single_view_depth_ambiguity,gpt-6-astra independent report reviewer,0.0|4.5|8.9,https://asimfish.github.io/astra-control-dashboard/media/Square__code__proprio__codex-gpt-6-astra__s0__20260908T142029Z/ep17.mp4,assets/astra/audit/4f83ef90a4cca274.jpg,235120,659b393018697b817518622e37f820bedeb71c9f33532022678075ac6ec47ce4,256,256,10/1,9.1,91,True
robosuite:20260908T142029Z:ep18,Panda / MuJoCo,Square,robosuite,code/proprio,,v3,True,,agentview,usable_with_limits,partial_progress_visible,固定斜前方近景 agentview；方孔件、方柱与圆柱可辨，末端经常遮挡方孔与方柱接触处。,所查帧场景和机械臂可辨识；固定单视角与夹爪遮挡限制接触、深度和释放判断。未据三帧排除帧间闪烁或穿透。,可见方孔件被移动、抓持或接近方柱；末帧接触区域遮挡或仍偏离/悬在柱边，未充分显现套入完成。,sparse_three_frames|not_continuous_visual_review|numerical_success_threshold_not_visually_certified|gripper_peg_occlusion|single_view_depth_ambiguity,gpt-6-astra independent report reviewer,0.0|7.3|14.5,https://asimfish.github.io/astra-control-dashboard/media/Square__code__proprio__codex-gpt-6-astra__s0__20260908T142029Z/ep18.mp4,assets/astra/audit/5da217ef7ea228ee.jpg,278880,4fbbb9ffd6b33ae51a1b539b50a84f23d65c435e2137fe2c67641c5bdd7dd219,256,256,10/1,14.7,147,True
robosuite:20260908T142029Z:ep19,Panda / MuJoCo,Square,robosuite,code/proprio,,v3,True,,agentview,usable_with_limits,completion_visible,固定斜前方近景 agentview；方孔件、方柱与圆柱可辨，末端经常遮挡方孔与方柱接触处。,所查帧场景和机械臂可辨识；固定单视角与夹爪遮挡限制接触、深度和释放判断。未据三帧排除帧间闪烁或穿透。,末帧可见方柱穿过方孔、孔件环绕方柱的插装末态；属于可见几何完成，不认证释放保持时间或数值成功阈值。,sparse_three_frames|not_continuous_visual_review|numerical_success_threshold_not_visually_certified|gripper_peg_occlusion|single_view_depth_ambiguity,gpt-6-astra independent report reviewer,0.0|3.3|6.5,https://asimfish.github.io/astra-control-dashboard/media/Square__code__proprio__codex-gpt-6-astra__s0__20260908T142029Z/ep19.mp4,assets/astra/audit/342d4fd2b82bea5e.jpg,117238,8b4cf3b0efe3d0adf7735a2dbb33b350f7a69740249c8a4bd924083d40645aee,256,256,10/1,6.7,67,True
robosuite:20260907T142127Z:ep00,Panda / MuJoCo,Square,robosuite,delta/proprio,,v2,False,,agentview,usable_with_limits,partial_progress_visible,固定斜前方近景 agentview；方孔件、方柱与圆柱可辨，末端经常遮挡方孔与方柱接触处。,所查帧场景和机械臂可辨识；固定单视角与夹爪遮挡限制接触、深度和释放判断。未据三帧排除帧间闪烁或穿透。,可见方孔件被移动、抓持或接近方柱；末帧接触区域遮挡或仍偏离/悬在柱边，未充分显现套入完成。,sparse_three_frames|not_continuous_visual_review|numerical_success_threshold_not_visually_certified|gripper_peg_occlusion|single_view_depth_ambiguity,gpt-6-astra independent report reviewer,0.0|5.1|10.0,https://asimfish.github.io/astra-control-dashboard/media/Square__delta__proprio__codex-gpt-6-astra__s0__20260907T142127Z/ep00.mp4,assets/astra/audit/877ed6306cab9803.jpg,276848,133c5f1cf12c0d296acd16a0c5f5d5ed1114a143ae23f88076a3c9c934db5b32,256,256,10/1,10.2,102,True
robosuite:20260907T142127Z:ep01,Panda / MuJoCo,Square,robosuite,delta/proprio,,v2,False,,agentview,usable_with_limits,partial_progress_visible,固定斜前方近景 agentview；方孔件、方柱与圆柱可辨，末端经常遮挡方孔与方柱接触处。,所查帧场景和机械臂可辨识；固定单视角与夹爪遮挡限制接触、深度和释放判断。未据三帧排除帧间闪烁或穿透。,可见方孔件被移动、抓持或接近方柱；末帧接触区域遮挡或仍偏离/悬在柱边，未充分显现套入完成。,sparse_three_frames|not_continuous_visual_review|numerical_success_threshold_not_visually_certified|gripper_peg_occlusion|single_view_depth_ambiguity,gpt-6-astra independent report reviewer,0.0|5.1|10.0,https://asimfish.github.io/astra-control-dashboard/media/Square__delta__proprio__codex-gpt-6-astra__s0__20260907T142127Z/ep01.mp4,assets/astra/audit/c636ab187ecb281e.jpg,282656,f18c8c2178782765085c66aa7c7a12ad8caf765b70ef6c4cf24e228b0665e296,256,256,10/1,10.2,102,True
robosuite:20260907T142127Z:ep02,Panda / MuJoCo,Square,robosuite,delta/proprio,,v2,False,,agentview,usable_with_limits,no_completion_visible,固定斜前方近景 agentview；方孔件、方柱与圆柱可辨，末端经常遮挡方孔与方柱接触处。,所查帧场景和机械臂可辨识；固定单视角与夹爪遮挡限制接触、深度和释放判断。未据三帧排除帧间闪烁或穿透。,末帧方孔件与目标方柱仍分离，未见套入完成；仅见接近或原位附近动作。,sparse_three_frames|not_continuous_visual_review|numerical_success_threshold_not_visually_certified|gripper_peg_occlusion|single_view_depth_ambiguity,gpt-6-astra independent report reviewer,0.0|5.1|10.0,https://asimfish.github.io/astra-control-dashboard/media/Square__delta__proprio__codex-gpt-6-astra__s0__20260907T142127Z/ep02.mp4,assets/astra/audit/b749a5c404e77663.jpg,144287,831f2380380e0bfa78878a6a8c7d30f4636f65de7d85048a79a9f5ed16c8715b,256,256,10/1,10.2,102,True
robosuite:20260907T142127Z:ep03,Panda / MuJoCo,Square,robosuite,delta/proprio,,v2,False,,agentview,usable_with_limits,no_completion_visible,固定斜前方近景 agentview；方孔件、方柱与圆柱可辨，末端经常遮挡方孔与方柱接触处。,所查帧场景和机械臂可辨识；固定单视角与夹爪遮挡限制接触、深度和释放判断。未据三帧排除帧间闪烁或穿透。,末帧方孔件与目标方柱仍分离，未见套入完成；仅见接近或原位附近动作。,sparse_three_frames|not_continuous_visual_review|numerical_success_threshold_not_visually_certified|gripper_peg_occlusion|single_view_depth_ambiguity,gpt-6-astra independent report reviewer,0.0|5.1|10.0,https://asimfish.github.io/astra-control-dashboard/media/Square__delta__proprio__codex-gpt-6-astra__s0__20260907T142127Z/ep03.mp4,assets/astra/audit/d7e70d3dce398182.jpg,305597,bb1a905027f6052d8360a8952758bd0b86f777f0e93177babcf60af42fff80c6,256,256,10/1,10.2,102,True
robosuite:20260907T142127Z:ep04,Panda / MuJoCo,Square,robosuite,delta/proprio,,v2,False,,agentview,usable_with_limits,partial_progress_visible,固定斜前方近景 agentview；方孔件、方柱与圆柱可辨，末端经常遮挡方孔与方柱接触处。,所查帧场景和机械臂可辨识；固定单视角与夹爪遮挡限制接触、深度和释放判断。未据三帧排除帧间闪烁或穿透。,可见方孔件被移动、抓持或接近方柱；末帧接触区域遮挡或仍偏离/悬在柱边，未充分显现套入完成。,sparse_three_frames|not_continuous_visual_review|numerical_success_threshold_not_visually_certified|gripper_peg_occlusion|single_view_depth_ambiguity,gpt-6-astra independent report reviewer,0.0|5.1|10.0,https://asimfish.github.io/astra-control-dashboard/media/Square__delta__proprio__codex-gpt-6-astra__s0__20260907T142127Z/ep04.mp4,assets/astra/audit/5103bf1029ddb43d.jpg,196203,621fe87259b87bc81005f5533dad7f8be3a4eee7028514922696cf8b40e57d62,256,256,10/1,10.2,102,True
robosuite:20260908T131857Z:ep00,Panda / MuJoCo,Square,robosuite,delta/proprio,,v3,False,,agentview,usable_with_limits,no_completion_visible,固定斜前方近景 agentview；方孔件、方柱与圆柱可辨，末端经常遮挡方孔与方柱接触处。,所查帧场景和机械臂可辨识；固定单视角与夹爪遮挡限制接触、深度和释放判断。未据三帧排除帧间闪烁或穿透。,末帧方孔件与目标方柱仍分离，未见套入完成；仅见接近或原位附近动作。,sparse_three_frames|not_continuous_visual_review|numerical_success_threshold_not_visually_certified|gripper_peg_occlusion|single_view_depth_ambiguity,gpt-6-astra independent report reviewer,0.0|5.1|10.0,https://asimfish.github.io/astra-control-dashboard/media/Square__delta__proprio__codex-gpt-6-astra__s0__20260908T131857Z/ep00.mp4,assets/astra/audit/22083fd403a8f7de.jpg,163603,2a9988f485b2a744106cd90a6a638e48331c7d11d1d9b5ef3ebd85313c88241e,256,256,10/1,10.2,102,True
robosuite:20260908T131857Z:ep01,Panda / MuJoCo,Square,robosuite,delta/proprio,,v3,False,,agentview,usable_with_limits,no_completion_visible,固定斜前方近景 agentview；方孔件、方柱与圆柱可辨，末端经常遮挡方孔与方柱接触处。,所查帧场景和机械臂可辨识；固定单视角与夹爪遮挡限制接触、深度和释放判断。未据三帧排除帧间闪烁或穿透。,末帧方孔件与目标方柱仍分离，未见套入完成；仅见接近或原位附近动作。,sparse_three_frames|not_continuous_visual_review|numerical_success_threshold_not_visually_certified|gripper_peg_occlusion|single_view_depth_ambiguity,gpt-6-astra independent report reviewer,0.0|5.1|10.0,https://asimfish.github.io/astra-control-dashboard/media/Square__delta__proprio__codex-gpt-6-astra__s0__20260908T131857Z/ep01.mp4,assets/astra/audit/42135848ccac44c3.jpg,173601,a370c7cc2f7603b8570a306ea9b10895d0991d0b0d6231f98cca67f481656fa3,256,256,10/1,10.2,102,True
robosuite:20260908T131857Z:ep02,Panda / MuJoCo,Square,robosuite,delta/proprio,,v3,False,,agentview,usable_with_limits,no_completion_visible,固定斜前方近景 agentview；方孔件、方柱与圆柱可辨，末端经常遮挡方孔与方柱接触处。,所查帧场景和机械臂可辨识；固定单视角与夹爪遮挡限制接触、深度和释放判断。未据三帧排除帧间闪烁或穿透。,末帧方孔件与目标方柱仍分离，未见套入完成；仅见接近或原位附近动作。,sparse_three_frames|not_continuous_visual_review|numerical_success_threshold_not_visually_certified|gripper_peg_occlusion|single_view_depth_ambiguity,gpt-6-astra independent report reviewer,0.0|5.1|10.0,https://asimfish.github.io/astra-control-dashboard/media/Square__delta__proprio__codex-gpt-6-astra__s0__20260908T131857Z/ep02.mp4,assets/astra/audit/af4b718e6ebdbc1e.jpg,162514,0a6cec5049fe30e7d9c0b40b9b7ab344f24556e1a2b12ac013b83680cb0fed75,256,256,10/1,10.2,102,True
robosuite:20260908T131857Z:ep03,Panda / MuJoCo,Square,robosuite,delta/proprio,,v3,False,,agentview,usable_with_limits,no_completion_visible,固定斜前方近景 agentview；方孔件、方柱与圆柱可辨，末端经常遮挡方孔与方柱接触处。,所查帧场景和机械臂可辨识；固定单视角与夹爪遮挡限制接触、深度和释放判断。未据三帧排除帧间闪烁或穿透。,末帧方孔件与目标方柱仍分离，未见套入完成；仅见接近或原位附近动作。,sparse_three_frames|not_continuous_visual_review|numerical_success_threshold_not_visually_certified|gripper_peg_occlusion|single_view_depth_ambiguity,gpt-6-astra independent report reviewer,0.0|5.1|10.0,https://asimfish.github.io/astra-control-dashboard/media/Square__delta__proprio__codex-gpt-6-astra__s0__20260908T131857Z/ep03.mp4,assets/astra/audit/cfb94d338c790a66.jpg,161968,32e7d3b381a095dfa50b6330f9534fb59dee0e346aae61635264a7920f1caa65,256,256,10/1,10.2,102,True
robosuite:20260908T131857Z:ep04,Panda / MuJoCo,Square,robosuite,delta/proprio,,v3,False,,agentview,usable_with_limits,no_completion_visible,固定斜前方近景 agentview；方孔件、方柱与圆柱可辨，末端经常遮挡方孔与方柱接触处。,所查帧场景和机械臂可辨识；固定单视角与夹爪遮挡限制接触、深度和释放判断。未据三帧排除帧间闪烁或穿透。,末帧方孔件与目标方柱仍分离，未见套入完成；仅见接近或原位附近动作。,sparse_three_frames|not_continuous_visual_review|numerical_success_threshold_not_visually_certified|gripper_peg_occlusion|single_view_depth_ambiguity,gpt-6-astra independent report reviewer,0.0|5.1|10.0,https://asimfish.github.io/astra-control-dashboard/media/Square__delta__proprio__codex-gpt-6-astra__s0__20260908T131857Z/ep04.mp4,assets/astra/audit/dfca27833f2c7054.jpg,155789,27b560d701eedfd896761aba7629a0debc44562594933d0085b15f679d4d8a1c,256,256,10/1,10.2,102,True
robosuite:20260908T131857Z:ep05,Panda / MuJoCo,Square,robosuite,delta/proprio,,v3,False,,agentview,usable_with_limits,no_completion_visible,固定斜前方近景 agentview；方孔件、方柱与圆柱可辨，末端经常遮挡方孔与方柱接触处。,所查帧场景和机械臂可辨识；固定单视角与夹爪遮挡限制接触、深度和释放判断。未据三帧排除帧间闪烁或穿透。,末帧方孔件与目标方柱仍分离，未见套入完成；仅见接近或原位附近动作。,sparse_three_frames|not_continuous_visual_review|numerical_success_threshold_not_visually_certified|gripper_peg_occlusion|single_view_depth_ambiguity,gpt-6-astra independent report reviewer,0.0|5.1|10.0,https://asimfish.github.io/astra-control-dashboard/media/Square__delta__proprio__codex-gpt-6-astra__s0__20260908T131857Z/ep05.mp4,assets/astra/audit/b05ac348d4e2ed76.jpg,155919,9ab055d829400fc73df41bba0e7446983a8f6777f93d8ba81edebff949074e33,256,256,10/1,10.2,102,True
robosuite:20260908T131857Z:ep06,Panda / MuJoCo,Square,robosuite,delta/proprio,,v3,False,,agentview,usable_with_limits,no_completion_visible,固定斜前方近景 agentview；方孔件、方柱与圆柱可辨，末端经常遮挡方孔与方柱接触处。,所查帧场景和机械臂可辨识；固定单视角与夹爪遮挡限制接触、深度和释放判断。未据三帧排除帧间闪烁或穿透。,末帧方孔件与目标方柱仍分离，未见套入完成；仅见接近或原位附近动作。,sparse_three_frames|not_continuous_visual_review|numerical_success_threshold_not_visually_certified|gripper_peg_occlusion|single_view_depth_ambiguity,gpt-6-astra independent report reviewer,0.0|5.1|10.0,https://asimfish.github.io/astra-control-dashboard/media/Square__delta__proprio__codex-gpt-6-astra__s0__20260908T131857Z/ep06.mp4,assets/astra/audit/73b1eebae0a71839.jpg,173681,d3830cb3ba107411a5fbc8dda7b9be72010ec1beac28dd99eb0c4dca7e516f2f,256,256,10/1,10.2,102,True
robosuite:20260908T131857Z:ep07,Panda / MuJoCo,Square,robosuite,delta/proprio,,v3,False,,agentview,usable_with_limits,no_completion_visible,固定斜前方近景 agentview；方孔件、方柱与圆柱可辨，末端经常遮挡方孔与方柱接触处。,所查帧场景和机械臂可辨识；固定单视角与夹爪遮挡限制接触、深度和释放判断。未据三帧排除帧间闪烁或穿透。,末帧方孔件与目标方柱仍分离，未见套入完成；仅见接近或原位附近动作。,sparse_three_frames|not_continuous_visual_review|numerical_success_threshold_not_visually_certified|gripper_peg_occlusion|single_view_depth_ambiguity,gpt-6-astra independent report reviewer,0.0|5.1|10.0,https://asimfish.github.io/astra-control-dashboard/media/Square__delta__proprio__codex-gpt-6-astra__s0__20260908T131857Z/ep07.mp4,assets/astra/audit/c3182ab9bdb31aea.jpg,154485,39dd3088d1fa63f1181a90628f5883dad924b119d1e32df389ab7c68840b8b10,256,256,10/1,10.2,102,True
robosuite:20260908T131857Z:ep08,Panda / MuJoCo,Square,robosuite,delta/proprio,,v3,False,,agentview,usable_with_limits,no_completion_visible,固定斜前方近景 agentview；方孔件、方柱与圆柱可辨，末端经常遮挡方孔与方柱接触处。,所查帧场景和机械臂可辨识；固定单视角与夹爪遮挡限制接触、深度和释放判断。未据三帧排除帧间闪烁或穿透。,末帧方孔件与目标方柱仍分离，未见套入完成；仅见接近或原位附近动作。,sparse_three_frames|not_continuous_visual_review|numerical_success_threshold_not_visually_certified|gripper_peg_occlusion|single_view_depth_ambiguity,gpt-6-astra independent report reviewer,0.0|5.1|10.0,https://asimfish.github.io/astra-control-dashboard/media/Square__delta__proprio__codex-gpt-6-astra__s0__20260908T131857Z/ep08.mp4,assets/astra/audit/e28869b7d995ed6d.jpg,147909,64f5db04a5e72925218addc8f1e4ed1a8779b6422c2cbf4e2b06700d3b21c1f8,256,256,10/1,10.2,102,True
robosuite:20260908T131857Z:ep09,Panda / MuJoCo,Square,robosuite,delta/proprio,,v3,False,,agentview,insufficient_action_evidence,not_determined,固定斜前方近景 agentview；方孔件、方柱与圆柱可辨，末端经常遮挡方孔与方柱接触处。,所查帧场景和机械臂可辨识；固定单视角与夹爪遮挡限制接触、深度和释放判断。未据三帧排除帧间闪烁或穿透。,末帧夹爪遮挡关键孔件/柱接触或孔件难以定位；三帧无法确定完成状态。,sparse_three_frames|not_continuous_visual_review|numerical_success_threshold_not_visually_certified|gripper_peg_occlusion|single_view_depth_ambiguity,gpt-6-astra independent report reviewer,0.0|5.1|10.0,https://asimfish.github.io/astra-control-dashboard/media/Square__delta__proprio__codex-gpt-6-astra__s0__20260908T131857Z/ep09.mp4,assets/astra/audit/fe26180e96b488fc.jpg,165521,1625babf393549d60f283f1077621266984de3faad6388f21fd21be62674de75,256,256,10/1,10.2,102,True
robosuite:20260908T131857Z:ep10,Panda / MuJoCo,Square,robosuite,delta/proprio,,v3,False,,agentview,usable_with_limits,partial_progress_visible,固定斜前方近景 agentview；方孔件、方柱与圆柱可辨，末端经常遮挡方孔与方柱接触处。,所查帧场景和机械臂可辨识；固定单视角与夹爪遮挡限制接触、深度和释放判断。未据三帧排除帧间闪烁或穿透。,方孔件来到方柱左前侧，方柱未穿孔，显示转移但未完成插装。,sparse_three_frames|not_continuous_visual_review|numerical_success_threshold_not_visually_certified|gripper_peg_occlusion|single_view_depth_ambiguity,gpt-6-astra independent report reviewer,0.0|5.1|10.0,https://asimfish.github.io/astra-control-dashboard/media/Square__delta__proprio__codex-gpt-6-astra__s0__20260908T131857Z/ep10.mp4,assets/astra/audit/fc1bd58aa2462148.jpg,268314,7f171eb972a28b2ccaee2b3bdbe3191538c92a30835ec7137c6bdbbaf00072d4,256,256,10/1,10.2,102,True
robosuite:20260908T131857Z:ep11,Panda / MuJoCo,Square,robosuite,delta/proprio,,v3,False,,agentview,usable_with_limits,no_completion_visible,固定斜前方近景 agentview；方孔件、方柱与圆柱可辨，末端经常遮挡方孔与方柱接触处。,所查帧场景和机械臂可辨识；固定单视角与夹爪遮挡限制接触、深度和释放判断。未据三帧排除帧间闪烁或穿透。,末帧方孔件与目标方柱仍分离，未见套入完成；仅见接近或原位附近动作。,sparse_three_frames|not_continuous_visual_review|numerical_success_threshold_not_visually_certified|gripper_peg_occlusion|single_view_depth_ambiguity,gpt-6-astra independent report reviewer,0.0|5.1|10.0,https://asimfish.github.io/astra-control-dashboard/media/Square__delta__proprio__codex-gpt-6-astra__s0__20260908T131857Z/ep11.mp4,assets/astra/audit/427132bbb293a811.jpg,137404,e6745e92d024d0ab3bb6d2c9a77a011173453e53129f0c58991364c5457e098e,256,256,10/1,10.2,102,True
robosuite:20260908T131857Z:ep12,Panda / MuJoCo,Square,robosuite,delta/proprio,,v3,False,,agentview,usable_with_limits,partial_progress_visible,固定斜前方近景 agentview；方孔件、方柱与圆柱可辨，末端经常遮挡方孔与方柱接触处。,所查帧场景和机械臂可辨识；固定单视角与夹爪遮挡限制接触、深度和释放判断。未据三帧排除帧间闪烁或穿透。,方孔件来到方柱左前侧，孔内未见柱体，未显示插装完成。,sparse_three_frames|not_continuous_visual_review|numerical_success_threshold_not_visually_certified|gripper_peg_occlusion|single_view_depth_ambiguity,gpt-6-astra independent report reviewer,0.0|5.1|10.0,https://asimfish.github.io/astra-control-dashboard/media/Square__delta__proprio__codex-gpt-6-astra__s0__20260908T131857Z/ep12.mp4,assets/astra/audit/a4af3762a49de69e.jpg,204863,8bfebf6927eddbe2cb63d782321aa349aab8812dd3ebfd91d9c6a29234594ae8,256,256,10/1,10.2,102,True
robosuite:20260908T131857Z:ep13,Panda / MuJoCo,Square,robosuite,delta/proprio,,v3,False,,agentview,insufficient_action_evidence,not_determined,固定斜前方近景 agentview；方孔件、方柱与圆柱可辨，末端经常遮挡方孔与方柱接触处。,所查帧场景和机械臂可辨识；固定单视角与夹爪遮挡限制接触、深度和释放判断。未据三帧排除帧间闪烁或穿透。,末帧夹爪遮挡关键孔件/柱接触或孔件难以定位；三帧无法确定完成状态。,sparse_three_frames|not_continuous_visual_review|numerical_success_threshold_not_visually_certified|gripper_peg_occlusion|single_view_depth_ambiguity,gpt-6-astra independent report reviewer,0.0|5.1|10.0,https://asimfish.github.io/astra-control-dashboard/media/Square__delta__proprio__codex-gpt-6-astra__s0__20260908T131857Z/ep13.mp4,assets/astra/audit/481ab2b1f5be35fe.jpg,270099,9717c39b68a39fb003672b0979b6bdc15c0e17ffa6b54637aadd3c7b5dd1443b,256,256,10/1,10.2,102,True
robosuite:20260908T131857Z:ep14,Panda / MuJoCo,Square,robosuite,delta/proprio,,v3,False,,agentview,insufficient_action_evidence,not_determined,固定斜前方近景 agentview；方孔件、方柱与圆柱可辨，末端经常遮挡方孔与方柱接触处。,所查帧场景和机械臂可辨识；固定单视角与夹爪遮挡限制接触、深度和释放判断。未据三帧排除帧间闪烁或穿透。,末帧夹爪遮挡关键孔件/柱接触或孔件难以定位；三帧无法确定完成状态。,sparse_three_frames|not_continuous_visual_review|numerical_success_threshold_not_visually_certified|gripper_peg_occlusion|single_view_depth_ambiguity,gpt-6-astra independent report reviewer,0.0|5.1|10.0,https://asimfish.github.io/astra-control-dashboard/media/Square__delta__proprio__codex-gpt-6-astra__s0__20260908T131857Z/ep14.mp4,assets/astra/audit/88f43d3e841ffabe.jpg,187695,b85406b61140e6624d3ef55b520b834d8608d5ec7705c5976b730c6a39a233f2,256,256,10/1,10.2,102,True
robosuite:20260908T131857Z:ep15,Panda / MuJoCo,Square,robosuite,delta/proprio,,v3,True,,agentview,usable_with_limits,partial_progress_visible,固定斜前方近景 agentview；方孔件、方柱与圆柱可辨，末端经常遮挡方孔与方柱接触处。,所查帧场景和机械臂可辨识；固定单视角与夹爪遮挡限制接触、深度和释放判断。未据三帧排除帧间闪烁或穿透。,可见方孔件被移动、抓持或接近方柱；末帧接触区域遮挡或仍偏离/悬在柱边，未充分显现套入完成。,sparse_three_frames|not_continuous_visual_review|numerical_success_threshold_not_visually_certified|gripper_peg_occlusion|single_view_depth_ambiguity,gpt-6-astra independent report reviewer,0.0|4.9|9.7,https://asimfish.github.io/astra-control-dashboard/media/Square__delta__proprio__codex-gpt-6-astra__s0__20260908T131857Z/ep15.mp4,assets/astra/audit/b0d6ae47125691fa.jpg,250707,c85d59c93993ad874d23bf5282ea5832870c86d548926b4f62eaab890aae996d,256,256,10/1,9.9,99,True
robosuite:20260908T131857Z:ep16,Panda / MuJoCo,Square,robosuite,delta/proprio,,v3,False,,agentview,usable_with_limits,no_completion_visible,固定斜前方近景 agentview；方孔件、方柱与圆柱可辨，末端经常遮挡方孔与方柱接触处。,所查帧场景和机械臂可辨识；固定单视角与夹爪遮挡限制接触、深度和释放判断。未据三帧排除帧间闪烁或穿透。,末帧方孔件与目标方柱仍分离，未见套入完成；仅见接近或原位附近动作。,sparse_three_frames|not_continuous_visual_review|numerical_success_threshold_not_visually_certified|gripper_peg_occlusion|single_view_depth_ambiguity,gpt-6-astra independent report reviewer,0.0|5.1|10.0,https://asimfish.github.io/astra-control-dashboard/media/Square__delta__proprio__codex-gpt-6-astra__s0__20260908T131857Z/ep16.mp4,assets/astra/audit/96b45707087a5c72.jpg,168966,70e97c7d23651e062210876c18aca0fb73753532a4882d14e9ee82ef21886996,256,256,10/1,10.2,102,True
robosuite:20260908T131857Z:ep17,Panda / MuJoCo,Square,robosuite,delta/proprio,,v3,False,,agentview,usable_with_limits,partial_progress_visible,固定斜前方近景 agentview；方孔件、方柱与圆柱可辨，末端经常遮挡方孔与方柱接触处。,所查帧场景和机械臂可辨识；固定单视角与夹爪遮挡限制接触、深度和释放判断。未据三帧排除帧间闪烁或穿透。,可见方孔件被移动、抓持或接近方柱；末帧接触区域遮挡或仍偏离/悬在柱边，未充分显现套入完成。,sparse_three_frames|not_continuous_visual_review|numerical_success_threshold_not_visually_certified|gripper_peg_occlusion|single_view_depth_ambiguity,gpt-6-astra independent report reviewer,0.0|5.1|10.0,https://asimfish.github.io/astra-control-dashboard/media/Square__delta__proprio__codex-gpt-6-astra__s0__20260908T131857Z/ep17.mp4,assets/astra/audit/d31d651d2d25eb53.jpg,209380,3bc81ff0be4e061d8a4c8a8200756223b09963f225dc45e68ed4f3e5e0f1b095,256,256,10/1,10.2,102,True
robosuite:20260908T131857Z:ep18,Panda / MuJoCo,Square,robosuite,delta/proprio,,v3,False,,agentview,usable_with_limits,partial_progress_visible,固定斜前方近景 agentview；方孔件、方柱与圆柱可辨，末端经常遮挡方孔与方柱接触处。,所查帧场景和机械臂可辨识；固定单视角与夹爪遮挡限制接触、深度和释放判断。未据三帧排除帧间闪烁或穿透。,可见方孔件被移动、抓持或接近方柱；末帧接触区域遮挡或仍偏离/悬在柱边，未充分显现套入完成。,sparse_three_frames|not_continuous_visual_review|numerical_success_threshold_not_visually_certified|gripper_peg_occlusion|single_view_depth_ambiguity,gpt-6-astra independent report reviewer,0.0|5.1|10.0,https://asimfish.github.io/astra-control-dashboard/media/Square__delta__proprio__codex-gpt-6-astra__s0__20260908T131857Z/ep18.mp4,assets/astra/audit/f891cf1112a550da.jpg,197460,7e905801a24c3f274a449f4f46515318c85aaa38116e415989b01a0f34d79c3a,256,256,10/1,10.2,102,True
robosuite:20260908T131857Z:ep19,Panda / MuJoCo,Square,robosuite,delta/proprio,,v3,False,,agentview,usable_with_limits,partial_progress_visible,固定斜前方近景 agentview；方孔件、方柱与圆柱可辨，末端经常遮挡方孔与方柱接触处。,所查帧场景和机械臂可辨识；固定单视角与夹爪遮挡限制接触、深度和释放判断。未据三帧排除帧间闪烁或穿透。,可见方孔件被移动、抓持或接近方柱；末帧接触区域遮挡或仍偏离/悬在柱边，未充分显现套入完成。,sparse_three_frames|not_continuous_visual_review|numerical_success_threshold_not_visually_certified|gripper_peg_occlusion|single_view_depth_ambiguity,gpt-6-astra independent report reviewer,0.0|5.1|10.0,https://asimfish.github.io/astra-control-dashboard/media/Square__delta__proprio__codex-gpt-6-astra__s0__20260908T131857Z/ep19.mp4,assets/astra/audit/4c6e302ad078bbef.jpg,154060,2c6d46221bd6c47a6663346da63627b859d53cfcac730abab3880149e8507fc7,256,256,10/1,10.2,102,True
robosuite:20260908T151342Z:ep00,Panda / MuJoCo,Square,robosuite,waypoint/none,,v3,False,,agentview,usable_with_limits,no_completion_visible,固定斜前方近景 agentview；方孔件、方柱与圆柱可辨，末端经常遮挡方孔与方柱接触处。,所查帧场景和机械臂可辨识；固定单视角与夹爪遮挡限制接触、深度和释放判断。未据三帧排除帧间闪烁或穿透。,末帧方孔件与目标方柱仍分离，未见套入完成；仅见接近或原位附近动作。,sparse_three_frames|not_continuous_visual_review|numerical_success_threshold_not_visually_certified|gripper_peg_occlusion|single_view_depth_ambiguity,gpt-6-astra independent report reviewer,0.0|12.6|25.0,https://asimfish.github.io/astra-control-dashboard/media/Square__waypoint__none__codex-gpt-6-astra__s0__20260908T151342Z/ep00.mp4,assets/astra/audit/87036a18de0dd91f.jpg,262738,ae45314409713c10f636c2f903d3866c52926592d237f6a97392544358cb21d8,256,256,10/1,25.2,252,True
robosuite:20260908T151342Z:ep01,Panda / MuJoCo,Square,robosuite,waypoint/none,,v3,False,,agentview,usable_with_limits,partial_progress_visible,固定斜前方近景 agentview；方孔件、方柱与圆柱可辨，末端经常遮挡方孔与方柱接触处。,所查帧场景和机械臂可辨识；固定单视角与夹爪遮挡限制接触、深度和释放判断。未据三帧排除帧间闪烁或穿透。,方孔件已移至方柱上方/后方附近，夹爪已分开；孔件与柱体深度关系无法从单视角独立确认。,sparse_three_frames|not_continuous_visual_review|numerical_success_threshold_not_visually_certified|gripper_peg_occlusion|single_view_depth_ambiguity,gpt-6-astra independent report reviewer,0.0|8.0|15.9,https://asimfish.github.io/astra-control-dashboard/media/Square__waypoint__none__codex-gpt-6-astra__s0__20260908T151342Z/ep01.mp4,assets/astra/audit/b46b419e3bd04b53.jpg,406528,bcc211a5948f3ef13717a69e0ef472e4599d6b49b595438a1954675266561ef7,256,256,10/1,16.1,161,True
robosuite:20260908T151342Z:ep02,Panda / MuJoCo,Square,robosuite,waypoint/none,,v3,False,,agentview,usable_with_limits,partial_progress_visible,固定斜前方近景 agentview；方孔件、方柱与圆柱可辨，末端经常遮挡方孔与方柱接触处。,所查帧场景和机械臂可辨识；固定单视角与夹爪遮挡限制接触、深度和释放判断。未据三帧排除帧间闪烁或穿透。,可见方孔件被移动、抓持或接近方柱；末帧接触区域遮挡或仍偏离/悬在柱边，未充分显现套入完成。,sparse_three_frames|not_continuous_visual_review|numerical_success_threshold_not_visually_certified|gripper_peg_occlusion|single_view_depth_ambiguity,gpt-6-astra independent report reviewer,0.0|12.6|25.0,https://asimfish.github.io/astra-control-dashboard/media/Square__waypoint__none__codex-gpt-6-astra__s0__20260908T151342Z/ep02.mp4,assets/astra/audit/764ae735c4099ec0.jpg,400932,4980766c2797100ef888344dc877e5daf57c75839e27b1c0e73691f212e10c9f,256,256,10/1,25.2,252,True
robosuite:20260908T151342Z:ep03,Panda / MuJoCo,Square,robosuite,waypoint/none,,v3,False,,agentview,usable_with_limits,partial_progress_visible,固定斜前方近景 agentview；方孔件、方柱与圆柱可辨，末端经常遮挡方孔与方柱接触处。,所查帧场景和机械臂可辨识；固定单视角与夹爪遮挡限制接触、深度和释放判断。未据三帧排除帧间闪烁或穿透。,可见方孔件被移动、抓持或接近方柱；末帧接触区域遮挡或仍偏离/悬在柱边，未充分显现套入完成。,sparse_three_frames|not_continuous_visual_review|numerical_success_threshold_not_visually_certified|gripper_peg_occlusion|single_view_depth_ambiguity,gpt-6-astra independent report reviewer,0.0|8.6|17.0,https://asimfish.github.io/astra-control-dashboard/media/Square__waypoint__none__codex-gpt-6-astra__s0__20260908T151342Z/ep03.mp4,assets/astra/audit/fd8251a319436928.jpg,354959,c00bfc8fcf21e8efc8fa3243babc210a3276f59fe4e7f2531cff00e9a9781d21,256,256,10/1,17.2,172,True
robosuite:20260908T151342Z:ep04,Panda / MuJoCo,Square,robosuite,waypoint/none,,v3,False,,agentview,usable_with_limits,partial_progress_visible,固定斜前方近景 agentview；方孔件、方柱与圆柱可辨，末端经常遮挡方孔与方柱接触处。,所查帧场景和机械臂可辨识；固定单视角与夹爪遮挡限制接触、深度和释放判断。未据三帧排除帧间闪烁或穿透。,可见方孔件被移动、抓持或接近方柱；末帧接触区域遮挡或仍偏离/悬在柱边，未充分显现套入完成。,sparse_three_frames|not_continuous_visual_review|numerical_success_threshold_not_visually_certified|gripper_peg_occlusion|single_view_depth_ambiguity,gpt-6-astra independent report reviewer,0.0|10.4|20.6,https://asimfish.github.io/astra-control-dashboard/media/Square__waypoint__none__codex-gpt-6-astra__s0__20260908T151342Z/ep04.mp4,assets/astra/audit/62faf89f942cd343.jpg,322230,55845f95918b4f9655a254a1866be9625002e9f050e1e40e1640a1b6f071c2ef,256,256,10/1,20.8,208,True
robosuite:20260908T151342Z:ep05,Panda / MuJoCo,Square,robosuite,waypoint/none,,v3,False,,agentview,usable_with_limits,no_completion_visible,固定斜前方近景 agentview；方孔件、方柱与圆柱可辨，末端经常遮挡方孔与方柱接触处。,所查帧场景和机械臂可辨识；固定单视角与夹爪遮挡限制接触、深度和释放判断。未据三帧排除帧间闪烁或穿透。,末帧方孔件与目标方柱仍分离，未见套入完成；仅见接近或原位附近动作。,sparse_three_frames|not_continuous_visual_review|numerical_success_threshold_not_visually_certified|gripper_peg_occlusion|single_view_depth_ambiguity,gpt-6-astra independent report reviewer,0.0|12.6|25.0,https://asimfish.github.io/astra-control-dashboard/media/Square__waypoint__none__codex-gpt-6-astra__s0__20260908T151342Z/ep05.mp4,assets/astra/audit/f655dc17470d12ec.jpg,332076,c4278c18c7cac7cca96baaffd2b92569bc7a2ff793891da987f3f502296704e1,256,256,10/1,25.2,252,True
robosuite:20260908T151342Z:ep06,Panda / MuJoCo,Square,robosuite,waypoint/none,,v3,False,,agentview,usable_with_limits,partial_progress_visible,固定斜前方近景 agentview；方孔件、方柱与圆柱可辨，末端经常遮挡方孔与方柱接触处。,所查帧场景和机械臂可辨识；固定单视角与夹爪遮挡限制接触、深度和释放判断。未据三帧排除帧间闪烁或穿透。,可见方孔件被移动、抓持或接近方柱；末帧接触区域遮挡或仍偏离/悬在柱边，未充分显现套入完成。,sparse_three_frames|not_continuous_visual_review|numerical_success_threshold_not_visually_certified|gripper_peg_occlusion|single_view_depth_ambiguity,gpt-6-astra independent report reviewer,0.0|12.6|25.0,https://asimfish.github.io/astra-control-dashboard/media/Square__waypoint__none__codex-gpt-6-astra__s0__20260908T151342Z/ep06.mp4,assets/astra/audit/269902177e5003da.jpg,403735,02406201a8205e6ba76efcd85a08bd9141d47295ae675001d01180332370dbdc,256,256,10/1,25.2,252,True
robosuite:20260908T151342Z:ep07,Panda / MuJoCo,Square,robosuite,waypoint/none,,v3,False,,agentview,usable_with_limits,partial_progress_visible,固定斜前方近景 agentview；方孔件、方柱与圆柱可辨，末端经常遮挡方孔与方柱接触处。,所查帧场景和机械臂可辨识；固定单视角与夹爪遮挡限制接触、深度和释放判断。未据三帧排除帧间闪烁或穿透。,可见方孔件被移动、抓持或接近方柱；末帧接触区域遮挡或仍偏离/悬在柱边，未充分显现套入完成。,sparse_three_frames|not_continuous_visual_review|numerical_success_threshold_not_visually_certified|gripper_peg_occlusion|single_view_depth_ambiguity,gpt-6-astra independent report reviewer,0.0|5.5|10.8,https://asimfish.github.io/astra-control-dashboard/media/Square__waypoint__none__codex-gpt-6-astra__s0__20260908T151342Z/ep07.mp4,assets/astra/audit/8c6d9e0987b447e3.jpg,240149,44e4354ddfdcc647eb823c8b4819f72a50998dcac22f76e672d4d1fd737f7c84,256,256,10/1,11.0,110,True
robosuite:20260908T151342Z:ep08,Panda / MuJoCo,Square,robosuite,waypoint/none,,v3,False,,agentview,usable_with_limits,partial_progress_visible,固定斜前方近景 agentview；方孔件、方柱与圆柱可辨，末端经常遮挡方孔与方柱接触处。,所查帧场景和机械臂可辨识；固定单视角与夹爪遮挡限制接触、深度和释放判断。未据三帧排除帧间闪烁或穿透。,可见方孔件被移动、抓持或接近方柱；末帧接触区域遮挡或仍偏离/悬在柱边，未充分显现套入完成。,sparse_three_frames|not_continuous_visual_review|numerical_success_threshold_not_visually_certified|gripper_peg_occlusion|single_view_depth_ambiguity,gpt-6-astra independent report reviewer,0.0|8.3|16.4,https://asimfish.github.io/astra-control-dashboard/media/Square__waypoint__none__codex-gpt-6-astra__s0__20260908T151342Z/ep08.mp4,assets/astra/audit/41b9f29434de09ae.jpg,350214,aa9066364f41cdfbe147675f9eab9b108a7e3dc468142d7bb36a5b7a55d355fc,256,256,10/1,16.6,166,True
robosuite:20260908T151342Z:ep09,Panda / MuJoCo,Square,robosuite,waypoint/none,,v3,False,,agentview,usable_with_limits,partial_progress_visible,固定斜前方近景 agentview；方孔件、方柱与圆柱可辨，末端经常遮挡方孔与方柱接触处。,所查帧场景和机械臂可辨识；固定单视角与夹爪遮挡限制接触、深度和释放判断。未据三帧排除帧间闪烁或穿透。,可见方孔件被移动、抓持或接近方柱；末帧接触区域遮挡或仍偏离/悬在柱边，未充分显现套入完成。,sparse_three_frames|not_continuous_visual_review|numerical_success_threshold_not_visually_certified|gripper_peg_occlusion|single_view_depth_ambiguity,gpt-6-astra independent report reviewer,0.0|9.8|19.4,https://asimfish.github.io/astra-control-dashboard/media/Square__waypoint__none__codex-gpt-6-astra__s0__20260908T151342Z/ep09.mp4,assets/astra/audit/42d6abe5a050c5fd.jpg,348105,d2d47e2f07105ca1ee6114f4a402d0f86a9e9eaf71873a8bee75bb7805e46592,256,256,10/1,19.6,196,True
robosuite:20260908T151342Z:ep10,Panda / MuJoCo,Square,robosuite,waypoint/none,,v3,False,,agentview,usable_with_limits,no_completion_visible,固定斜前方近景 agentview；方孔件、方柱与圆柱可辨，末端经常遮挡方孔与方柱接触处。,所查帧场景和机械臂可辨识；固定单视角与夹爪遮挡限制接触、深度和释放判断。未据三帧排除帧间闪烁或穿透。,末帧方孔件与目标方柱仍分离，未见套入完成；仅见接近或原位附近动作。,sparse_three_frames|not_continuous_visual_review|numerical_success_threshold_not_visually_certified|gripper_peg_occlusion|single_view_depth_ambiguity,gpt-6-astra independent report reviewer,0.0|12.6|25.0,https://asimfish.github.io/astra-control-dashboard/media/Square__waypoint__none__codex-gpt-6-astra__s0__20260908T151342Z/ep10.mp4,assets/astra/audit/4be69d45430b0f12.jpg,321775,55c4af1281c2fcdf047720e290a03cfd1b07530818e5ce206234c4a8f2b79234,256,256,10/1,25.2,252,True
robosuite:20260908T151342Z:ep11,Panda / MuJoCo,Square,robosuite,waypoint/none,,v3,False,,agentview,usable_with_limits,partial_progress_visible,固定斜前方近景 agentview；方孔件、方柱与圆柱可辨，末端经常遮挡方孔与方柱接触处。,所查帧场景和机械臂可辨识；固定单视角与夹爪遮挡限制接触、深度和释放判断。未据三帧排除帧间闪烁或穿透。,可见方孔件被移动、抓持或接近方柱；末帧接触区域遮挡或仍偏离/悬在柱边，未充分显现套入完成。,sparse_three_frames|not_continuous_visual_review|numerical_success_threshold_not_visually_certified|gripper_peg_occlusion|single_view_depth_ambiguity,gpt-6-astra independent report reviewer,0.0|12.6|25.0,https://asimfish.github.io/astra-control-dashboard/media/Square__waypoint__none__codex-gpt-6-astra__s0__20260908T151342Z/ep11.mp4,assets/astra/audit/27fff95a22549fba.jpg,371111,6f200d64a0b6e6bd92cd5762d14f559e7cd137b93c24a4a3b41c72fb5960c7da,256,256,10/1,25.2,252,True
robosuite:20260908T151342Z:ep12,Panda / MuJoCo,Square,robosuite,waypoint/none,,v3,False,,agentview,usable_with_limits,partial_progress_visible,固定斜前方近景 agentview；方孔件、方柱与圆柱可辨，末端经常遮挡方孔与方柱接触处。,所查帧场景和机械臂可辨识；固定单视角与夹爪遮挡限制接触、深度和释放判断。未据三帧排除帧间闪烁或穿透。,可见方孔件被移动、抓持或接近方柱；末帧接触区域遮挡或仍偏离/悬在柱边，未充分显现套入完成。,sparse_three_frames|not_continuous_visual_review|numerical_success_threshold_not_visually_certified|gripper_peg_occlusion|single_view_depth_ambiguity,gpt-6-astra independent report reviewer,0.0|12.6|25.0,https://asimfish.github.io/astra-control-dashboard/media/Square__waypoint__none__codex-gpt-6-astra__s0__20260908T151342Z/ep12.mp4,assets/astra/audit/47bbd3fec3eb1b54.jpg,268608,2d57e0d486b858ef9f69c37c795ce896420fcb34b00ed92447852885c5a4a998,256,256,10/1,25.2,252,True
robosuite:20260908T151342Z:ep13,Panda / MuJoCo,Square,robosuite,waypoint/none,,v3,False,,agentview,usable_with_limits,completion_visible,固定斜前方近景 agentview；方孔件、方柱与圆柱可辨，末端经常遮挡方孔与方柱接触处。,所查帧场景和机械臂可辨识；固定单视角与夹爪遮挡限制接触、深度和释放判断。未据三帧排除帧间闪烁或穿透。,末帧夹爪离开，方柱清楚穿过方孔件；可见插装几何末态，但保持时长/数值阈值仍非三帧可认证。 本行 metric_success=False 与视觉几何完成存在表观差异；不能凭图像判定指标错误，需查姿态、接触及容差规则。,sparse_three_frames|not_continuous_visual_review|numerical_success_threshold_not_visually_certified|gripper_peg_occlusion|single_view_depth_ambiguity|apparent_geometric_completion_metric_false_requires_threshold_check,gpt-6-astra independent report reviewer,0.0|9.4|18.7,https://asimfish.github.io/astra-control-dashboard/media/Square__waypoint__none__codex-gpt-6-astra__s0__20260908T151342Z/ep13.mp4,assets/astra/audit/046c41ec810fb815.jpg,425484,eeee209a240679899b441155a1ffdf080919d146ae79cb18f4b60506173f4f34,256,256,10/1,18.9,189,True
robosuite:20260908T151342Z:ep14,Panda / MuJoCo,Square,robosuite,waypoint/none,,v3,False,,agentview,usable_with_limits,partial_progress_visible,固定斜前方近景 agentview；方孔件、方柱与圆柱可辨，末端经常遮挡方孔与方柱接触处。,所查帧场景和机械臂可辨识；固定单视角与夹爪遮挡限制接触、深度和释放判断。未据三帧排除帧间闪烁或穿透。,可见方孔件被移动、抓持或接近方柱；末帧接触区域遮挡或仍偏离/悬在柱边，未充分显现套入完成。,sparse_three_frames|not_continuous_visual_review|numerical_success_threshold_not_visually_certified|gripper_peg_occlusion|single_view_depth_ambiguity,gpt-6-astra independent report reviewer,0.0|7.3|14.4,https://asimfish.github.io/astra-control-dashboard/media/Square__waypoint__none__codex-gpt-6-astra__s0__20260908T151342Z/ep14.mp4,assets/astra/audit/666bc9255c437724.jpg,282448,d0d85aa70fbbd33356c54472bb98d94aa5d8dd2d3f53ed8d5e6730ddd96b080c,256,256,10/1,14.6,146,True
robosuite:20260908T151342Z:ep15,Panda / MuJoCo,Square,robosuite,waypoint/none,,v3,False,,agentview,usable_with_limits,partial_progress_visible,固定斜前方近景 agentview；方孔件、方柱与圆柱可辨，末端经常遮挡方孔与方柱接触处。,所查帧场景和机械臂可辨识；固定单视角与夹爪遮挡限制接触、深度和释放判断。未据三帧排除帧间闪烁或穿透。,可见方孔件被移动、抓持或接近方柱；末帧接触区域遮挡或仍偏离/悬在柱边，未充分显现套入完成。,sparse_three_frames|not_continuous_visual_review|numerical_success_threshold_not_visually_certified|gripper_peg_occlusion|single_view_depth_ambiguity,gpt-6-astra independent report reviewer,0.0|7.1|14.0,https://asimfish.github.io/astra-control-dashboard/media/Square__waypoint__none__codex-gpt-6-astra__s0__20260908T151342Z/ep15.mp4,assets/astra/audit/1d80e21d08cafbcd.jpg,322491,360b0e5d55273be8e5d3a38828498ac705889d8b63ccb04b22d0faad13c316be,256,256,10/1,14.2,142,True
robosuite:20260908T151342Z:ep16,Panda / MuJoCo,Square,robosuite,waypoint/none,,v3,False,,agentview,usable_with_limits,partial_progress_visible,固定斜前方近景 agentview；方孔件、方柱与圆柱可辨，末端经常遮挡方孔与方柱接触处。,所查帧场景和机械臂可辨识；固定单视角与夹爪遮挡限制接触、深度和释放判断。未据三帧排除帧间闪烁或穿透。,可见方孔件被移动、抓持或接近方柱；末帧接触区域遮挡或仍偏离/悬在柱边，未充分显现套入完成。,sparse_three_frames|not_continuous_visual_review|numerical_success_threshold_not_visually_certified|gripper_peg_occlusion|single_view_depth_ambiguity,gpt-6-astra independent report reviewer,0.0|12.6|25.0,https://asimfish.github.io/astra-control-dashboard/media/Square__waypoint__none__codex-gpt-6-astra__s0__20260908T151342Z/ep16.mp4,assets/astra/audit/04243a8abdbd215d.jpg,370515,66a65a4f5c279af833681f9685d4158e3884a3e9fcfb2d4801a5a24ed786158a,256,256,10/1,25.2,252,True
robosuite:20260908T151342Z:ep17,Panda / MuJoCo,Square,robosuite,waypoint/none,,v3,False,,agentview,usable_with_limits,partial_progress_visible,固定斜前方近景 agentview；方孔件、方柱与圆柱可辨，末端经常遮挡方孔与方柱接触处。,所查帧场景和机械臂可辨识；固定单视角与夹爪遮挡限制接触、深度和释放判断。未据三帧排除帧间闪烁或穿透。,可见方孔件被移动、抓持或接近方柱；末帧接触区域遮挡或仍偏离/悬在柱边，未充分显现套入完成。,sparse_three_frames|not_continuous_visual_review|numerical_success_threshold_not_visually_certified|gripper_peg_occlusion|single_view_depth_ambiguity,gpt-6-astra independent report reviewer,0.0|12.6|25.0,https://asimfish.github.io/astra-control-dashboard/media/Square__waypoint__none__codex-gpt-6-astra__s0__20260908T151342Z/ep17.mp4,assets/astra/audit/9ef3d1e3411ebe9b.jpg,359301,e84f8d0f38b3f44e27e5122eeb9da83d38b47316736ba40b2c37e69f58a40e95,256,256,10/1,25.2,252,True
robosuite:20260908T151342Z:ep18,Panda / MuJoCo,Square,robosuite,waypoint/none,,v3,False,,agentview,usable_with_limits,partial_progress_visible,固定斜前方近景 agentview；方孔件、方柱与圆柱可辨，末端经常遮挡方孔与方柱接触处。,所查帧场景和机械臂可辨识；固定单视角与夹爪遮挡限制接触、深度和释放判断。未据三帧排除帧间闪烁或穿透。,可见方孔件被移动、抓持或接近方柱；末帧接触区域遮挡或仍偏离/悬在柱边，未充分显现套入完成。,sparse_three_frames|not_continuous_visual_review|numerical_success_threshold_not_visually_certified|gripper_peg_occlusion|single_view_depth_ambiguity,gpt-6-astra independent report reviewer,0.0|12.6|25.0,https://asimfish.github.io/astra-control-dashboard/media/Square__waypoint__none__codex-gpt-6-astra__s0__20260908T151342Z/ep18.mp4,assets/astra/audit/11a02c9b58cb6e64.jpg,404869,8579eabc9ffb53355f161bdfa2ac799b903be706d13ca12ff1436db6638525ad,256,256,10/1,25.2,252,True
robosuite:20260908T151342Z:ep19,Panda / MuJoCo,Square,robosuite,waypoint/none,,v3,False,,agentview,usable_with_limits,partial_progress_visible,固定斜前方近景 agentview；方孔件、方柱与圆柱可辨，末端经常遮挡方孔与方柱接触处。,所查帧场景和机械臂可辨识；固定单视角与夹爪遮挡限制接触、深度和释放判断。未据三帧排除帧间闪烁或穿透。,可见方孔件被移动、抓持或接近方柱；末帧接触区域遮挡或仍偏离/悬在柱边，未充分显现套入完成。,sparse_three_frames|not_continuous_visual_review|numerical_success_threshold_not_visually_certified|gripper_peg_occlusion|single_view_depth_ambiguity,gpt-6-astra independent report reviewer,0.0|10.0|19.8,https://asimfish.github.io/astra-control-dashboard/media/Square__waypoint__none__codex-gpt-6-astra__s0__20260908T151342Z/ep19.mp4,assets/astra/audit/386331eac31c6c04.jpg,257338,8c928c9c5b7f0637782ed1c2a8d8351e7866b2f3f6e6ca5526581e30e120e404,256,256,10/1,20.0,200,True
robosuite:20260907T145719Z:ep00,Panda / MuJoCo,Square,robosuite,waypoint/proprio,,v2,True,,agentview,usable_with_limits,completion_visible,固定斜前方近景 agentview；方孔件、方柱与圆柱可辨，末端经常遮挡方孔与方柱接触处。,所查帧场景和机械臂可辨识；固定单视角与夹爪遮挡限制接触、深度和释放判断。未据三帧排除帧间闪烁或穿透。,末帧可见方柱穿过方孔、孔件环绕方柱的插装末态；属于可见几何完成，不认证释放保持时间或数值成功阈值。,sparse_three_frames|not_continuous_visual_review|numerical_success_threshold_not_visually_certified|gripper_peg_occlusion|single_view_depth_ambiguity,gpt-6-astra independent report reviewer,0.0|11.3|22.5,https://asimfish.github.io/astra-control-dashboard/media/Square__waypoint__proprio__codex-gpt-6-astra__s0__20260907T145719Z/ep00.mp4,assets/astra/audit/d2a8d2f3784f14b1.jpg,646595,d888f6b09c3914d91cba0354ddb1902f97bb4385e6a3070330b7660574801080,256,256,10/1,22.7,227,True
robosuite:20260907T145719Z:ep01,Panda / MuJoCo,Square,robosuite,waypoint/proprio,,v2,True,,agentview,usable_with_limits,partial_progress_visible,固定斜前方近景 agentview；方孔件、方柱与圆柱可辨，末端经常遮挡方孔与方柱接触处。,所查帧场景和机械臂可辨识；固定单视角与夹爪遮挡限制接触、深度和释放判断。未据三帧排除帧间闪烁或穿透。,可见方孔件被移动、抓持或接近方柱；末帧接触区域遮挡或仍偏离/悬在柱边，未充分显现套入完成。,sparse_three_frames|not_continuous_visual_review|numerical_success_threshold_not_visually_certified|gripper_peg_occlusion|single_view_depth_ambiguity,gpt-6-astra independent report reviewer,0.0|11.4|22.7,https://asimfish.github.io/astra-control-dashboard/media/Square__waypoint__proprio__codex-gpt-6-astra__s0__20260907T145719Z/ep01.mp4,assets/astra/audit/47e186b35511dff0.jpg,657165,39c64f08a48ae59bee417b55b39e6338832c1eb7e1246f577d268aa5d729d8d5,256,256,10/1,22.9,229,True
robosuite:20260907T145719Z:ep02,Panda / MuJoCo,Square,robosuite,waypoint/proprio,,v2,True,,agentview,usable_with_limits,completion_visible,固定斜前方近景 agentview；方孔件、方柱与圆柱可辨，末端经常遮挡方孔与方柱接触处。,所查帧场景和机械臂可辨识；固定单视角与夹爪遮挡限制接触、深度和释放判断。未据三帧排除帧间闪烁或穿透。,末帧可见方柱穿过方孔、孔件环绕方柱的插装末态；属于可见几何完成，不认证释放保持时间或数值成功阈值。,sparse_three_frames|not_continuous_visual_review|numerical_success_threshold_not_visually_certified|gripper_peg_occlusion|single_view_depth_ambiguity,gpt-6-astra independent report reviewer,0.0|2.9|5.7,https://asimfish.github.io/astra-control-dashboard/media/Square__waypoint__proprio__codex-gpt-6-astra__s0__20260907T145719Z/ep02.mp4,assets/astra/audit/f61213663e5bdab8.jpg,149819,d169e0fdf2a54e001025250a798b55088a79467d3b90c995b647e65e47be1ba0,256,256,10/1,5.9,59,True
robosuite:20260907T145719Z:ep03,Panda / MuJoCo,Square,robosuite,waypoint/proprio,,v2,False,,agentview,insufficient_action_evidence,not_determined,固定斜前方近景 agentview；方孔件、方柱与圆柱可辨，末端经常遮挡方孔与方柱接触处。,所查帧场景和机械臂可辨识；固定单视角与夹爪遮挡限制接触、深度和释放判断。未据三帧排除帧间闪烁或穿透。,末帧夹爪遮挡关键孔件/柱接触或孔件难以定位；三帧无法确定完成状态。,sparse_three_frames|not_continuous_visual_review|numerical_success_threshold_not_visually_certified|gripper_peg_occlusion|single_view_depth_ambiguity,gpt-6-astra independent report reviewer,0.0|12.6|25.0,https://asimfish.github.io/astra-control-dashboard/media/Square__waypoint__proprio__codex-gpt-6-astra__s0__20260907T145719Z/ep03.mp4,assets/astra/audit/9de09b021303dac3.jpg,528859,d2874c51d276a1b96383957b70ef33e811bc63531c294830e65994a3a731724e,256,256,10/1,25.2,252,True
robosuite:20260907T145719Z:ep04,Panda / MuJoCo,Square,robosuite,waypoint/proprio,,v2,False,,agentview,usable_with_limits,partial_progress_visible,固定斜前方近景 agentview；方孔件、方柱与圆柱可辨，末端经常遮挡方孔与方柱接触处。,所查帧场景和机械臂可辨识；固定单视角与夹爪遮挡限制接触、深度和释放判断。未据三帧排除帧间闪烁或穿透。,末帧方孔件偏在方柱前方且有明显错位，未见方柱穿过孔件完成。,sparse_three_frames|not_continuous_visual_review|numerical_success_threshold_not_visually_certified|gripper_peg_occlusion|single_view_depth_ambiguity,gpt-6-astra independent report reviewer,0.0|12.6|25.0,https://asimfish.github.io/astra-control-dashboard/media/Square__waypoint__proprio__codex-gpt-6-astra__s0__20260907T145719Z/ep04.mp4,assets/astra/audit/d6f6ea9958d1f835.jpg,557848,775bd4783c60c750815b35cace6b2c73a3d4468104934170e1a678fbc7aedae1,256,256,10/1,25.2,252,True
robosuite:20260908T132052Z:ep00,Panda / MuJoCo,Square,robosuite,waypoint/proprio,,v3,True,,agentview,usable_with_limits,partial_progress_visible,固定斜前方近景 agentview；方孔件、方柱与圆柱可辨，末端经常遮挡方孔与方柱接触处。,所查帧场景和机械臂可辨识；固定单视角与夹爪遮挡限制接触、深度和释放判断。未据三帧排除帧间闪烁或穿透。,可见方孔件被移动、抓持或接近方柱；末帧接触区域遮挡或仍偏离/悬在柱边，未充分显现套入完成。,sparse_three_frames|not_continuous_visual_review|numerical_success_threshold_not_visually_certified|gripper_peg_occlusion|single_view_depth_ambiguity,gpt-6-astra independent report reviewer,0.0|8.6|17.1,https://asimfish.github.io/astra-control-dashboard/media/Square__waypoint__proprio__codex-gpt-6-astra__s0__20260908T132052Z/ep00.mp4,assets/astra/audit/f2fbd9754240cd93.jpg,500507,eceec79fcefd15f6dc7f36518876ef921b51602163416bbbe9de9f51f9246b13,256,256,10/1,17.3,173,True
robosuite:20260908T132052Z:ep01,Panda / MuJoCo,Square,robosuite,waypoint/proprio,,v3,True,,agentview,usable_with_limits,partial_progress_visible,固定斜前方近景 agentview；方孔件、方柱与圆柱可辨，末端经常遮挡方孔与方柱接触处。,所查帧场景和机械臂可辨识；固定单视角与夹爪遮挡限制接触、深度和释放判断。未据三帧排除帧间闪烁或穿透。,可见方孔件被移动、抓持或接近方柱；末帧接触区域遮挡或仍偏离/悬在柱边，未充分显现套入完成。,sparse_three_frames|not_continuous_visual_review|numerical_success_threshold_not_visually_certified|gripper_peg_occlusion|single_view_depth_ambiguity,gpt-6-astra independent report reviewer,0.0|9.8|19.4,https://asimfish.github.io/astra-control-dashboard/media/Square__waypoint__proprio__codex-gpt-6-astra__s0__20260908T132052Z/ep01.mp4,assets/astra/audit/1114ed0334968088.jpg,533377,79f451cb8d989e7a80ba246caf8d2e4ee73c8ddc491701950f3f1a030056ec28,256,256,10/1,19.6,196,True
robosuite:20260908T132052Z:ep02,Panda / MuJoCo,Square,robosuite,waypoint/proprio,,v3,True,,agentview,usable_with_limits,completion_visible,固定斜前方近景 agentview；方孔件、方柱与圆柱可辨，末端经常遮挡方孔与方柱接触处。,所查帧场景和机械臂可辨识；固定单视角与夹爪遮挡限制接触、深度和释放判断。未据三帧排除帧间闪烁或穿透。,末帧可见方柱穿过方孔、孔件环绕方柱的插装末态；属于可见几何完成，不认证释放保持时间或数值成功阈值。,sparse_three_frames|not_continuous_visual_review|numerical_success_threshold_not_visually_certified|gripper_peg_occlusion|single_view_depth_ambiguity,gpt-6-astra independent report reviewer,0.0|2.8|5.5,https://asimfish.github.io/astra-control-dashboard/media/Square__waypoint__proprio__codex-gpt-6-astra__s0__20260908T132052Z/ep02.mp4,assets/astra/audit/4060c2ab48c36d8f.jpg,127564,a9192403a81ecab25e01a0e8fecfba96242c15a7c39a08c297c4e364d337f578,256,256,10/1,5.7,57,True
robosuite:20260908T132052Z:ep03,Panda / MuJoCo,Square,robosuite,waypoint/proprio,,v3,False,,agentview,usable_with_limits,partial_progress_visible,固定斜前方近景 agentview；方孔件、方柱与圆柱可辨，末端经常遮挡方孔与方柱接触处。,所查帧场景和机械臂可辨识；固定单视角与夹爪遮挡限制接触、深度和释放判断。未据三帧排除帧间闪烁或穿透。,方孔件在方柱左边，中末帧可见孔内未套住方柱，未见完成。,sparse_three_frames|not_continuous_visual_review|numerical_success_threshold_not_visually_certified|gripper_peg_occlusion|single_view_depth_ambiguity,gpt-6-astra independent report reviewer,0.0|12.6|25.0,https://asimfish.github.io/astra-control-dashboard/media/Square__waypoint__proprio__codex-gpt-6-astra__s0__20260908T132052Z/ep03.mp4,assets/astra/audit/5f8090a8f71bbbba.jpg,567753,c9ee53e960f5aee8038dd1296101c6e0306f7a88dd3d6ac60a763ee5f1f244ca,256,256,10/1,25.2,252,True
robosuite:20260908T132052Z:ep04,Panda / MuJoCo,Square,robosuite,waypoint/proprio,,v3,True,,agentview,usable_with_limits,completion_visible,固定斜前方近景 agentview；方孔件、方柱与圆柱可辨，末端经常遮挡方孔与方柱接触处。,所查帧场景和机械臂可辨识；固定单视角与夹爪遮挡限制接触、深度和释放判断。未据三帧排除帧间闪烁或穿透。,末帧可见方柱穿过方孔、孔件环绕方柱的插装末态；属于可见几何完成，不认证释放保持时间或数值成功阈值。,sparse_three_frames|not_continuous_visual_review|numerical_success_threshold_not_visually_certified|gripper_peg_occlusion|single_view_depth_ambiguity,gpt-6-astra independent report reviewer,0.0|2.9|5.7,https://asimfish.github.io/astra-control-dashboard/media/Square__waypoint__proprio__codex-gpt-6-astra__s0__20260908T132052Z/ep04.mp4,assets/astra/audit/7f68d0e5ef6eb532.jpg,104133,dfd076a9e1f94a5397531cc204f1c0f66acd5626bcf60f008cf2b056f70db151,256,256,10/1,5.9,59,True
robosuite:20260908T132052Z:ep05,Panda / MuJoCo,Square,robosuite,waypoint/proprio,,v3,True,,agentview,usable_with_limits,completion_visible,固定斜前方近景 agentview；方孔件、方柱与圆柱可辨，末端经常遮挡方孔与方柱接触处。,所查帧场景和机械臂可辨识；固定单视角与夹爪遮挡限制接触、深度和释放判断。未据三帧排除帧间闪烁或穿透。,末帧可见方柱穿过方孔、孔件环绕方柱的插装末态；属于可见几何完成，不认证释放保持时间或数值成功阈值。,sparse_three_frames|not_continuous_visual_review|numerical_success_threshold_not_visually_certified|gripper_peg_occlusion|single_view_depth_ambiguity,gpt-6-astra independent report reviewer,0.0|3.3|6.5,https://asimfish.github.io/astra-control-dashboard/media/Square__waypoint__proprio__codex-gpt-6-astra__s0__20260908T132052Z/ep05.mp4,assets/astra/audit/c22317350ab78c8f.jpg,144713,c66b5b8eaf927e3d8ee0378aabe8e46e542dadd8e98a009b71eb723358073700,256,256,10/1,6.7,67,True
robosuite:20260908T132052Z:ep06,Panda / MuJoCo,Square,robosuite,waypoint/proprio,,v3,False,,agentview,insufficient_action_evidence,not_determined,固定斜前方近景 agentview；方孔件、方柱与圆柱可辨，末端经常遮挡方孔与方柱接触处。,所查帧场景和机械臂可辨识；固定单视角与夹爪遮挡限制接触、深度和释放判断。未据三帧排除帧间闪烁或穿透。,末帧夹爪遮挡关键孔件/柱接触或孔件难以定位；三帧无法确定完成状态。,sparse_three_frames|not_continuous_visual_review|numerical_success_threshold_not_visually_certified|gripper_peg_occlusion|single_view_depth_ambiguity,gpt-6-astra independent report reviewer,0.0|12.6|25.0,https://asimfish.github.io/astra-control-dashboard/media/Square__waypoint__proprio__codex-gpt-6-astra__s0__20260908T132052Z/ep06.mp4,assets/astra/audit/aa02231acb3eaeb3.jpg,700955,7cb8382d7f405a2d254a201f585f3d5edce7377dabf009d175cc18d92733fd58,256,256,10/1,25.2,252,True
robosuite:20260908T132052Z:ep07,Panda / MuJoCo,Square,robosuite,waypoint/proprio,,v3,True,,agentview,usable_with_limits,completion_visible,固定斜前方近景 agentview；方孔件、方柱与圆柱可辨，末端经常遮挡方孔与方柱接触处。,所查帧场景和机械臂可辨识；固定单视角与夹爪遮挡限制接触、深度和释放判断。未据三帧排除帧间闪烁或穿透。,末帧可见方柱穿过方孔、孔件环绕方柱的插装末态；属于可见几何完成，不认证释放保持时间或数值成功阈值。,sparse_three_frames|not_continuous_visual_review|numerical_success_threshold_not_visually_certified|gripper_peg_occlusion|single_view_depth_ambiguity,gpt-6-astra independent report reviewer,0.0|9.8|19.5,https://asimfish.github.io/astra-control-dashboard/media/Square__waypoint__proprio__codex-gpt-6-astra__s0__20260908T132052Z/ep07.mp4,assets/astra/audit/342ae10365169197.jpg,300177,0279e9eaf4c411595bd5e6a34d1bc8ee04e67a8c086166281e294bb7e1292e3a,256,256,10/1,19.7,197,True
robosuite:20260908T132052Z:ep08,Panda / MuJoCo,Square,robosuite,waypoint/proprio,,v3,True,,agentview,usable_with_limits,completion_visible,固定斜前方近景 agentview；方孔件、方柱与圆柱可辨，末端经常遮挡方孔与方柱接触处。,所查帧场景和机械臂可辨识；固定单视角与夹爪遮挡限制接触、深度和释放判断。未据三帧排除帧间闪烁或穿透。,末帧可见方柱穿过方孔、孔件环绕方柱的插装末态；属于可见几何完成，不认证释放保持时间或数值成功阈值。,sparse_three_frames|not_continuous_visual_review|numerical_success_threshold_not_visually_certified|gripper_peg_occlusion|single_view_depth_ambiguity,gpt-6-astra independent report reviewer,0.0|7.4|14.7,https://asimfish.github.io/astra-control-dashboard/media/Square__waypoint__proprio__codex-gpt-6-astra__s0__20260908T132052Z/ep08.mp4,assets/astra/audit/a03b84944fa5d8a8.jpg,273844,55533b286fb638eba0c786e97b7cd3706c1d5592f7736f6610ed4cc3acd7aa0b,256,256,10/1,14.9,149,True
robosuite:20260908T132052Z:ep09,Panda / MuJoCo,Square,robosuite,waypoint/proprio,,v3,True,,agentview,usable_with_limits,completion_visible,固定斜前方近景 agentview；方孔件、方柱与圆柱可辨，末端经常遮挡方孔与方柱接触处。,所查帧场景和机械臂可辨识；固定单视角与夹爪遮挡限制接触、深度和释放判断。未据三帧排除帧间闪烁或穿透。,末帧可见方柱穿过方孔、孔件环绕方柱的插装末态；属于可见几何完成，不认证释放保持时间或数值成功阈值。,sparse_three_frames|not_continuous_visual_review|numerical_success_threshold_not_visually_certified|gripper_peg_occlusion|single_view_depth_ambiguity,gpt-6-astra independent report reviewer,0.0|3.2|6.2,https://asimfish.github.io/astra-control-dashboard/media/Square__waypoint__proprio__codex-gpt-6-astra__s0__20260908T132052Z/ep09.mp4,assets/astra/audit/057a2832a11389a2.jpg,117986,05482d056ff36362209df3c919b7981551730e8f5b1579f92876416eed9ac096,256,256,10/1,6.4,64,True
robosuite:20260908T132052Z:ep10,Panda / MuJoCo,Square,robosuite,waypoint/proprio,,v3,True,,agentview,usable_with_limits,completion_visible,固定斜前方近景 agentview；方孔件、方柱与圆柱可辨，末端经常遮挡方孔与方柱接触处。,所查帧场景和机械臂可辨识；固定单视角与夹爪遮挡限制接触、深度和释放判断。未据三帧排除帧间闪烁或穿透。,末帧可见方柱穿过方孔、孔件环绕方柱的插装末态；属于可见几何完成，不认证释放保持时间或数值成功阈值。,sparse_three_frames|not_continuous_visual_review|numerical_success_threshold_not_visually_certified|gripper_peg_occlusion|single_view_depth_ambiguity,gpt-6-astra independent report reviewer,0.0|3.2|6.2,https://asimfish.github.io/astra-control-dashboard/media/Square__waypoint__proprio__codex-gpt-6-astra__s0__20260908T132052Z/ep10.mp4,assets/astra/audit/0e9fd2107eaddb60.jpg,132274,6ae4914dd7784d4af6e416059059c9ce9ed4e0f4d939dce1a5557a742872ffde,256,256,10/1,6.4,64,True
robosuite:20260908T132052Z:ep11,Panda / MuJoCo,Square,robosuite,waypoint/proprio,,v3,True,,agentview,usable_with_limits,partial_progress_visible,固定斜前方近景 agentview；方孔件、方柱与圆柱可辨，末端经常遮挡方孔与方柱接触处。,所查帧场景和机械臂可辨识；固定单视角与夹爪遮挡限制接触、深度和释放判断。未据三帧排除帧间闪烁或穿透。,可见方孔件被移动、抓持或接近方柱；末帧接触区域遮挡或仍偏离/悬在柱边，未充分显现套入完成。,sparse_three_frames|not_continuous_visual_review|numerical_success_threshold_not_visually_certified|gripper_peg_occlusion|single_view_depth_ambiguity,gpt-6-astra independent report reviewer,0.0|7.8|15.5,https://asimfish.github.io/astra-control-dashboard/media/Square__waypoint__proprio__codex-gpt-6-astra__s0__20260908T132052Z/ep11.mp4,assets/astra/audit/418667091f28fb11.jpg,365493,7f2915dffd60e8bfe9d741454acefb1aa0a045a8b1190559524a448d23d8e5d1,256,256,10/1,15.7,157,True
robosuite:20260908T132052Z:ep12,Panda / MuJoCo,Square,robosuite,waypoint/proprio,,v3,True,,agentview,usable_with_limits,completion_visible,固定斜前方近景 agentview；方孔件、方柱与圆柱可辨，末端经常遮挡方孔与方柱接触处。,所查帧场景和机械臂可辨识；固定单视角与夹爪遮挡限制接触、深度和释放判断。未据三帧排除帧间闪烁或穿透。,末帧可见方柱穿过方孔、孔件环绕方柱的插装末态；属于可见几何完成，不认证释放保持时间或数值成功阈值。,sparse_three_frames|not_continuous_visual_review|numerical_success_threshold_not_visually_certified|gripper_peg_occlusion|single_view_depth_ambiguity,gpt-6-astra independent report reviewer,0.0|3.1|6.1,https://asimfish.github.io/astra-control-dashboard/media/Square__waypoint__proprio__codex-gpt-6-astra__s0__20260908T132052Z/ep12.mp4,assets/astra/audit/74e81f50377270f4.jpg,128027,02abe7c22af9ae71621fa3ea39079314b4c579ef34a48ee5a5474b48a675fa11,256,256,10/1,6.3,63,True
robosuite:20260908T132052Z:ep13,Panda / MuJoCo,Square,robosuite,waypoint/proprio,,v3,True,,agentview,usable_with_limits,partial_progress_visible,固定斜前方近景 agentview；方孔件、方柱与圆柱可辨，末端经常遮挡方孔与方柱接触处。,所查帧场景和机械臂可辨识；固定单视角与夹爪遮挡限制接触、深度和释放判断。未据三帧排除帧间闪烁或穿透。,可见方孔件被移动、抓持或接近方柱；末帧接触区域遮挡或仍偏离/悬在柱边，未充分显现套入完成。,sparse_three_frames|not_continuous_visual_review|numerical_success_threshold_not_visually_certified|gripper_peg_occlusion|single_view_depth_ambiguity,gpt-6-astra independent report reviewer,0.0|7.1|14.0,https://asimfish.github.io/astra-control-dashboard/media/Square__waypoint__proprio__codex-gpt-6-astra__s0__20260908T132052Z/ep13.mp4,assets/astra/audit/f0d1c50007b1e3ba.jpg,378387,6e1574b523ec83e3f4ed7e1047d3cbc253672f998950e926a50f3ee91b0c4c1e,256,256,10/1,14.2,142,True
robosuite:20260908T132052Z:ep14,Panda / MuJoCo,Square,robosuite,waypoint/proprio,,v3,True,,agentview,usable_with_limits,completion_visible,固定斜前方近景 agentview；方孔件、方柱与圆柱可辨，末端经常遮挡方孔与方柱接触处。,所查帧场景和机械臂可辨识；固定单视角与夹爪遮挡限制接触、深度和释放判断。未据三帧排除帧间闪烁或穿透。,末帧可见方柱穿过方孔、孔件环绕方柱的插装末态；属于可见几何完成，不认证释放保持时间或数值成功阈值。,sparse_three_frames|not_continuous_visual_review|numerical_success_threshold_not_visually_certified|gripper_peg_occlusion|single_view_depth_ambiguity,gpt-6-astra independent report reviewer,0.0|2.8|5.5,https://asimfish.github.io/astra-control-dashboard/media/Square__waypoint__proprio__codex-gpt-6-astra__s0__20260908T132052Z/ep14.mp4,assets/astra/audit/d443734760b13e5e.jpg,132768,2f668e7af2ea4d34128fbd045e145ff66819078b8700b856078ca0b733c6aef3,256,256,10/1,5.7,57,True
robosuite:20260908T132052Z:ep15,Panda / MuJoCo,Square,robosuite,waypoint/proprio,,v3,True,,agentview,usable_with_limits,partial_progress_visible,固定斜前方近景 agentview；方孔件、方柱与圆柱可辨，末端经常遮挡方孔与方柱接触处。,所查帧场景和机械臂可辨识；固定单视角与夹爪遮挡限制接触、深度和释放判断。未据三帧排除帧间闪烁或穿透。,可见方孔件被移动、抓持或接近方柱；末帧接触区域遮挡或仍偏离/悬在柱边，未充分显现套入完成。,sparse_three_frames|not_continuous_visual_review|numerical_success_threshold_not_visually_certified|gripper_peg_occlusion|single_view_depth_ambiguity,gpt-6-astra independent report reviewer,0.0|7.3|14.4,https://asimfish.github.io/astra-control-dashboard/media/Square__waypoint__proprio__codex-gpt-6-astra__s0__20260908T132052Z/ep15.mp4,assets/astra/audit/60a1004236c5f128.jpg,395266,d955b02ab55fe21f0030d88bb0a1b3d61aa3f4ca1c17ec79360580a9f6459b48,256,256,10/1,14.6,146,True
robosuite:20260908T132052Z:ep16,Panda / MuJoCo,Square,robosuite,waypoint/proprio,,v3,True,,agentview,usable_with_limits,completion_visible,固定斜前方近景 agentview；方孔件、方柱与圆柱可辨，末端经常遮挡方孔与方柱接触处。,所查帧场景和机械臂可辨识；固定单视角与夹爪遮挡限制接触、深度和释放判断。未据三帧排除帧间闪烁或穿透。,末帧可见方柱穿过方孔、孔件环绕方柱的插装末态；属于可见几何完成，不认证释放保持时间或数值成功阈值。,sparse_three_frames|not_continuous_visual_review|numerical_success_threshold_not_visually_certified|gripper_peg_occlusion|single_view_depth_ambiguity,gpt-6-astra independent report reviewer,0.0|5.6|11.1,https://asimfish.github.io/astra-control-dashboard/media/Square__waypoint__proprio__codex-gpt-6-astra__s0__20260908T132052Z/ep16.mp4,assets/astra/audit/9271815ab601842b.jpg,203603,654655b5d395dfca2f2a774e3a017c5900d96b30580dcc3a94568a052f4f137e,256,256,10/1,11.3,113,True
robosuite:20260908T132052Z:ep17,Panda / MuJoCo,Square,robosuite,waypoint/proprio,,v3,True,,agentview,usable_with_limits,partial_progress_visible,固定斜前方近景 agentview；方孔件、方柱与圆柱可辨，末端经常遮挡方孔与方柱接触处。,所查帧场景和机械臂可辨识；固定单视角与夹爪遮挡限制接触、深度和释放判断。未据三帧排除帧间闪烁或穿透。,可见方孔件被移动、抓持或接近方柱；末帧接触区域遮挡或仍偏离/悬在柱边，未充分显现套入完成。,sparse_three_frames|not_continuous_visual_review|numerical_success_threshold_not_visually_certified|gripper_peg_occlusion|single_view_depth_ambiguity,gpt-6-astra independent report reviewer,0.0|7.5|14.9,https://asimfish.github.io/astra-control-dashboard/media/Square__waypoint__proprio__codex-gpt-6-astra__s0__20260908T132052Z/ep17.mp4,assets/astra/audit/e6037aa2c24ed0c6.jpg,408343,8d763944b5f40d5f887251e80b920274ebcc19ecdb79a263fe33c469a0749808,256,256,10/1,15.1,151,True
robosuite:20260908T132052Z:ep18,Panda / MuJoCo,Square,robosuite,waypoint/proprio,,v3,True,,agentview,usable_with_limits,partial_progress_visible,固定斜前方近景 agentview；方孔件、方柱与圆柱可辨，末端经常遮挡方孔与方柱接触处。,所查帧场景和机械臂可辨识；固定单视角与夹爪遮挡限制接触、深度和释放判断。未据三帧排除帧间闪烁或穿透。,可见方孔件被移动、抓持或接近方柱；末帧接触区域遮挡或仍偏离/悬在柱边，未充分显现套入完成。,sparse_three_frames|not_continuous_visual_review|numerical_success_threshold_not_visually_certified|gripper_peg_occlusion|single_view_depth_ambiguity,gpt-6-astra independent report reviewer,0.0|8.9|17.7,https://asimfish.github.io/astra-control-dashboard/media/Square__waypoint__proprio__codex-gpt-6-astra__s0__20260908T132052Z/ep18.mp4,assets/astra/audit/992d27a60ae61ca0.jpg,409583,64b7724a8943f1aa8b7c75a9e1240fdd3aa0b46a8024e2c3974e014b17f02495,256,256,10/1,17.9,179,True
robosuite:20260908T132052Z:ep19,Panda / MuJoCo,Square,robosuite,waypoint/proprio,,v3,True,,agentview,usable_with_limits,completion_visible,固定斜前方近景 agentview；方孔件、方柱与圆柱可辨，末端经常遮挡方孔与方柱接触处。,所查帧场景和机械臂可辨识；固定单视角与夹爪遮挡限制接触、深度和释放判断。未据三帧排除帧间闪烁或穿透。,末帧可见方柱穿过方孔、孔件环绕方柱的插装末态；属于可见几何完成，不认证释放保持时间或数值成功阈值。,sparse_three_frames|not_continuous_visual_review|numerical_success_threshold_not_visually_certified|gripper_peg_occlusion|single_view_depth_ambiguity,gpt-6-astra independent report reviewer,0.0|3.3|6.4,https://asimfish.github.io/astra-control-dashboard/media/Square__waypoint__proprio__codex-gpt-6-astra__s0__20260908T132052Z/ep19.mp4,assets/astra/audit/3bb2f6b18ecaa5c6.jpg,115610,44259a7de5ff8bb5b10118d98e6c989d476851f74f52f46f9795a06d380c81b4,256,256,10/1,6.6,66,True
psibot_e3_9201,PsiBot,"Grasp the bottle around its body with the thumb opposing the other fingers, keep the bottle upright, and lift it stably.",psibot_e3,historical_xhigh,9201,,False,model_claimed_done,chest_camera,usable_with_limits,no_completion_visible,低位胸部侧视；可见桌面高度变化，但手臂会遮挡瓶子,灰色手部为简化多面模型，瓶子较暗；透明杯叠加与手臂遮挡需多机位互证。所查帧未见明显整帧损坏，不据此排除帧间或接触异常。,采样画面可见接触后瓶子倾倒，末帧瓶子横躺桌面；不支持直立稳定抓起成功。,arm_occlusion|dark_object,SafeLab report author,0.0|3.8|7.667|11.467|15.333|19.133|22.933|26.8|30.533,https://asimfish.github.io/safeot-dashboard/agentic/psibot_history_9201_chest_camera.mp4,assets/astra/audit/04c96a0ef532304c.jpg,4058135,2c7f234f9cf377c11a9d2039ba54aa49611914a8903014c7011f9bd5809a6e95,640,480,15/1,30.666667,460,True
psibot_e3_9202,PsiBot,"Grasp the bottle around its body with the thumb opposing the other fingers, keep the bottle upright, and lift it stably.",psibot_e3,historical_xhigh,9202,,False,model_claimed_done,chest_camera,usable_with_limits,no_completion_visible,低位胸部侧视；可见桌面高度变化，但手臂会遮挡瓶子,灰色手部为简化多面模型，瓶子较暗；透明杯叠加与手臂遮挡需多机位互证。所查帧未见明显整帧损坏，不据此排除帧间或接触异常。,采样画面可见接触后瓶子倾倒，末帧瓶子横躺桌面；不支持直立稳定抓起成功。,arm_occlusion|dark_object,SafeLab report author,0.0|3.333|6.733|10.133|13.533|16.933|20.333|23.733|27.0,https://asimfish.github.io/safeot-dashboard/agentic/psibot_history_9202_chest_camera.mp4,assets/astra/audit/4de9a7d4730fbefb.jpg,3772189,34f359b9bd994ceb2ddbd7695dfb1d06007921879512a5f220eb85963cb6e459,640,480,15/1,27.133333,407,True
psibot_e3_9203,PsiBot,"Grasp the bottle around its body with the thumb opposing the other fingers, keep the bottle upright, and lift it stably.",psibot_e3,historical_xhigh,9203,,False,geometric_hard_abort,chest_camera,usable_with_limits,no_completion_visible,低位胸部侧视，瓶子轮廓清楚但拇指对握接触不全可见,灰色手部为简化多面模型，瓶子较暗；透明杯叠加与手臂遮挡需多机位互证。所查帧未见明显整帧损坏，不据此排除帧间或接触异常。,手指接近与触碰瓶子，多次采样瓶子仍在桌上；未见完成稳定抬起。,contact_occlusion|dark_object,SafeLab report author,0.0|3.4|6.8|10.2|13.6|17.0|20.4|23.8|27.133,https://asimfish.github.io/safeot-dashboard/agentic/psibot_history_9203_chest_camera.mp4,assets/astra/audit/6e7c48d0cf0fdde4.jpg,2884835,855ce96a13278c5a3f89c3ea6f36f006061670d57f185a357a9ba61fd61dc01b,640,480,15/1,27.266667,409,True
psibot_e3_9204,PsiBot,"Grasp the bottle around its body with the thumb opposing the other fingers, keep the bottle upright, and lift it stably.",psibot_e3,historical_xhigh,9204,,False,model_claimed_done,chest_camera,usable_with_limits,partial_progress_visible,胸部侧视便于看到离桌，内侧手指与接触被遮挡,灰色手部为简化多面模型，瓶子较暗；透明杯叠加与手臂遮挡需多机位互证。所查帧未见明显整帧损坏，不据此排除帧间或接触异常。,15.8–21s 可见瓶底离桌；原生结果仍失败。抬升本身不证明满足姿态、接触和保持门，单凭本视角无法解释具体失败门。,contact_occlusion|dark_object,SafeLab report author,0.0|2.6|5.267|7.867|10.533|13.2|15.8|18.467|21.0,https://asimfish.github.io/safeot-dashboard/agentic/psibot_history_9204_chest_camera.mp4,assets/astra/audit/20d7ca7b0c265886.jpg,1939731,f9906309cc4e83a3fd90d18b67f2c2e872f10e4ea26f4d9758e101e0ca0032c2,640,480,15/1,21.133333,317,True
psibot_e3_9211,PsiBot,"Grasp the bottle around its body with the thumb opposing the other fingers, keep the bottle upright, and lift it stably.",psibot_e3,historical_xhigh,9211,,False,model_claimed_done,chest_camera,usable_with_limits,no_completion_visible,低位胸部侧视；可见桌面高度变化，但手臂会遮挡瓶子,灰色手部为简化多面模型，瓶子较暗；透明杯叠加与手臂遮挡需多机位互证。所查帧未见明显整帧损坏，不据此排除帧间或接触异常。,采样画面可见接触后瓶子倾倒，末帧瓶子横躺桌面；不支持直立稳定抓起成功。,arm_occlusion|dark_object,SafeLab report author,0.0|4.067|8.133|12.2|16.333|20.4|24.467|28.533|32.533,https://asimfish.github.io/safeot-dashboard/agentic/psibot_history_9211_chest_camera.mp4,assets/astra/audit/4f2dc44253dcefb4.jpg,4047567,9c83f58407f58c62ecab99ee5908b985c7216febbf05c717f883cd58c893c9ce,640,480,15/1,32.666667,490,True
psibot_e3_9212,PsiBot,"Grasp the bottle around its body with the thumb opposing the other fingers, keep the bottle upright, and lift it stably.",psibot_e3,historical_xhigh,9212,,True,model_claimed_done,chest_camera,usable_with_limits,lift_sequence_visible,胸部侧视可判断离桌；手指对握与背侧接触不全可见,灰色手部为简化多面模型，瓶子较暗；透明杯叠加与手臂遮挡需多机位互证。所查帧未见明显整帧损坏，不据此排除帧间或接触异常。,末段可见瓶底离桌并留在手中，支持抬起序列；直立角度、保持时间、对握接触由原生判据决定。,contact_occlusion|dark_object,SafeLab report author,0.0|3.333|6.733|10.133|13.533|16.933|20.333|23.733|27.0,https://asimfish.github.io/safeot-dashboard/agentic/psibot_history_9212_chest_camera.mp4,assets/astra/audit/33c4b54509c61eb3.jpg,2818931,e387bb11108dd950609ab5007c1f4b0263ad852d2305056dbae8e8e3f7431587,640,480,15/1,27.133333,407,True
psibot_e3_9213,PsiBot,"Grasp the bottle around its body with the thumb opposing the other fingers, keep the bottle upright, and lift it stably.",psibot_e3,historical_xhigh,9213,,False,model_claimed_done,chest_camera,usable_with_limits,no_completion_visible,低位胸部侧视；可见桌面高度变化，但手臂会遮挡瓶子,灰色手部为简化多面模型，瓶子较暗；透明杯叠加与手臂遮挡需多机位互证。所查帧未见明显整帧损坏，不据此排除帧间或接触异常。,采样画面可见接触后瓶子倾倒，末帧瓶子横躺桌面；不支持直立稳定抓起成功。,arm_occlusion|dark_object,SafeLab report author,0.0|3.533|7.133|10.733|14.333|17.867|21.467|25.067|28.533,https://asimfish.github.io/safeot-dashboard/agentic/psibot_history_9213_chest_camera.mp4,assets/astra/audit/2f96cdafd6197755.jpg,3435742,20ef8cd857f792bd44f7836403d17b5bc625612ad3c52f5b7915c705a47a0887,640,480,15/1,28.666667,430,True
psibot_e3_9214,PsiBot,"Grasp the bottle around its body with the thumb opposing the other fingers, keep the bottle upright, and lift it stably.",psibot_e3,historical_xhigh,9214,,True,model_claimed_done,chest_camera,usable_with_limits,lift_sequence_visible,胸部侧视可判断离桌；手指对握与背侧接触不全可见,灰色手部为简化多面模型，瓶子较暗；透明杯叠加与手臂遮挡需多机位互证。所查帧未见明显整帧损坏，不据此排除帧间或接触异常。,末段可见瓶底离桌并留在手中，支持抬起序列；直立角度、保持时间、对握接触由原生判据决定。,contact_occlusion|dark_object,SafeLab report author,0.0|2.6|5.267|7.867|10.533|13.2|15.8|18.467|21.0,https://asimfish.github.io/safeot-dashboard/agentic/psibot_history_9214_chest_camera.mp4,assets/astra/audit/91808f6646ce8fe3.jpg,1984227,4be1382eb6d25f0bf797920eeb3bee47e1721f4c3864c27b590c5c2c5c429efe,640,480,15/1,21.133333,317,True
psibot_e3_9215,PsiBot,"Grasp the bottle around its body with the thumb opposing the other fingers, keep the bottle upright, and lift it stably.",psibot_e3,historical_xhigh,9215,,True,model_claimed_done,chest_camera,usable_with_limits,lift_sequence_visible,胸部侧视可判断离桌；手指对握与背侧接触不全可见,灰色手部为简化多面模型，瓶子较暗；透明杯叠加与手臂遮挡需多机位互证。所查帧未见明显整帧损坏，不据此排除帧间或接触异常。,末段可见瓶底离桌并留在手中，支持抬起序列；直立角度、保持时间、对握接触由原生判据决定。,contact_occlusion|dark_object,SafeLab report author,0.0|2.4|4.867|7.333|9.8|12.267|14.733|17.2|19.533,https://asimfish.github.io/safeot-dashboard/agentic/psibot_history_9215_chest_camera.mp4,assets/astra/audit/17e2fcb12cd03f22.jpg,2106502,a8d2e2efd42c979dc097886d3a42905faffda3d7a2ff6af39d541d710d1f0a63,640,480,15/1,19.666667,295,True
psibot_e3_9216,PsiBot,"Grasp the bottle around its body with the thumb opposing the other fingers, keep the bottle upright, and lift it stably.",psibot_e3,historical_xhigh,9216,,False,model_claimed_done,chest_camera,usable_with_limits,no_completion_visible,低位胸部侧视；可见桌面高度变化，但手臂会遮挡瓶子,灰色手部为简化多面模型，瓶子较暗；透明杯叠加与手臂遮挡需多机位互证。所查帧未见明显整帧损坏，不据此排除帧间或接触异常。,采样画面可见接触后瓶子倾倒，末帧瓶子横躺桌面；不支持直立稳定抓起成功。,arm_occlusion|dark_object,SafeLab report author,0.0|4.067|8.133|12.2|16.333|20.4|24.467|28.533|32.533,https://asimfish.github.io/safeot-dashboard/agentic/psibot_history_9216_chest_camera.mp4,assets/astra/audit/9560ad505fd683bb.jpg,3750282,9ec233d9953d81668754354cb289a232c98e51160dbdc155f9107644a6cc01e8,640,480,15/1,32.666667,490,True
psibot_roundtrip_collect41,PsiBot,psibot_100ml_beaker_A_B_withdraw_A_v1,100ml_development_demonstration,scene_state_privileged,16091701,,True,model_claimed_done,chest_camera,usable_with_limits,completion_sequence_visible,胸部低位近景，杯底高度清楚；杯口与手指会重叠,灰色手部为简化多面模型，瓶子较暗；透明杯叠加与手臂遮挡需多机位互证。所查帧未见明显整帧损坏，不据此排除帧间或接触异常。,247.667s/297.667s 杯底可见离垫；268.867s/330.8s 杯直立留在垫且手已分离。258s 手臂遮挡杯口，玻璃透明叠加使接触判断不完整；采样未见明显白屏或位姿跳变。,arm_occlusion|transparent_overlap,SafeLab report author,0.0|240.0|247.667|258.0|268.867|280.0|297.667|312.0|323.667|330.8,assets/astra/media/collect41_chest_camera.mp4,assets/astra/audit/cfc542c101c195da.jpg,38915837,731c9ac640e929053f1ba0daffc278053678a5aea470008d73a4f05393a491c5,640,480,15/1,330.933333,4964,True
psibot_roundtrip_collect41,PsiBot,psibot_100ml_beaker_A_B_withdraw_A_v1,100ml_development_demonstration,scene_state_privileged,16091701,,True,model_claimed_done,head_camera,usable_with_limits,completion_sequence_visible,头部俯视；适合杯垫落点，玻璃边缘与接触须侧视互证,灰色手部为简化多面模型，瓶子较暗；透明杯叠加与手臂遮挡需多机位互证。所查帧未见明显整帧损坏，不据此排除帧间或接触异常。,258s 杯在另一垫上，268.867s 手撤开；312s 杯返回起始垫，330.8s 再次撤手。俯视可检查中心位置，但高度与内侧接触有歧义。,height_ambiguous|contact_occlusion,SafeLab report author,0.0|240.0|247.667|258.0|268.867|280.0|297.667|312.0|323.667|330.8,assets/astra/media/collect41_head_camera.mp4,assets/astra/audit/96d0b0dfa74ed482.jpg,39378709,a13609d14db0b43199c6bfa523c9075d463936da826a737d2e90b60130221715,640,480,15/1,330.933333,4964,True
psibot_roundtrip_collect41,PsiBot,psibot_100ml_beaker_A_B_withdraw_A_v1,100ml_development_demonstration,scene_state_privileged,16091701,,True,model_claimed_done,third_camera,usable_with_limits,completion_sequence_visible,第三相机正面全景，适合确认A→B→A与身体动作,灰色手部为简化多面模型，瓶子较暗；透明杯叠加与手臂遮挡需多机位互证。所查帧未见明显整帧损坏，不据此排除帧间或接触异常。,258s 杯移向另一杯垫，268.867s 手指与杯分离；312s 杯返回起始垫，330.8s 手撤开。第三视角杯较小，不能辨别细微接触和毫米误差。,object_small|contact_occlusion,SafeLab report author,0.0|240.0|247.667|258.0|268.867|280.0|297.667|312.0|323.667|330.8,assets/astra/media/collect41_third_camera.mp4,assets/astra/audit/38132227e4530831.jpg,36442210,c284a4b99ddfc537ced827785eba07c5a30b3b71aa7103c47dcea1e4540f2b0d,640,480,15/1,330.933333,4964,True
psibot_recovery_9511_full,PsiBot,原生PsiBot抓取并稳定抬升棕瓶,psibot_input_recovery,full,9511,,False,model_claimed_done,head_camera,usable_with_limits,partial_progress_visible,头部高位俯视；接近方向清楚，桌面高度与背侧接触难判断,灰色手部为简化多面模型，瓶子较暗；透明杯叠加与手臂遮挡需多机位互证。所查帧未见明显整帧损坏，不据此排除帧间或接触异常。,16.667s 后手掌包住瓶子，但俯视投影不能可靠判断瓶底高度。原生记录为抬升7.69cm而倾角16.58°超过15°门，保留失败；视频不独立证明倾角。,height_ambiguous|contact_occlusion,SafeLab report author,0.0|3.333|6.667|10.0|13.333|16.667|20.0|23.333|26.533,https://asimfish.github.io/safeot-dashboard/agentic/psibot_recovery/full_head_camera.mp4,assets/astra/audit/70c6ed8c8e8449f9.jpg,2663563,bc8d2e67dc8de458fe40f423c56ca72038f516ca0178860ebbc5238a8e68b2ad,640,480,15/1,26.666667,400,True
psibot_recovery_9511_no_numeric_state,PsiBot,原生PsiBot抓取并稳定抬升棕瓶,psibot_input_recovery,no_numeric_state,9511,,False,request_budget_exhausted,head_camera,insufficient_action_evidence,incomplete_sequence,头部俯视仅记录初态,灰色手部为简化多面模型，瓶子较暗；透明杯叠加与手臂遮挡需多机位互证。所查帧未见明显整帧损坏，不据此排除帧间或接触异常。,完整文件仅约1.07s，全部9个采样帧仅见初始瓶子，未见机械手动作。这是可解码的初态短片，不能用作完成动作的视觉证据。 原记录20次请求、实际动作0秒，与初态录像相符；不是据短时长推断录像损坏。,initial_state_only|very_short,SafeLab report author,0.0|0.133|0.267|0.4|0.533|0.667|0.8|0.933|1.0,https://asimfish.github.io/safeot-dashboard/agentic/psibot_recovery/no_numeric_state_head_camera.mp4,assets/astra/audit/999fbb9f0e7fd615.jpg,135585,f6e54138880866a5ea71546f7598460bf6440277e504b0038b25c66367e578f3,640,480,15/1,1.133333,17,True
psibot_recovery_9511_rgb_only,PsiBot,原生PsiBot抓取并稳定抬升棕瓶,psibot_input_recovery,rgb_only,9511,,False,request_budget_exhausted,head_camera,insufficient_action_evidence,incomplete_sequence,头部俯视仅记录初态,灰色手部为简化多面模型，瓶子较暗；透明杯叠加与手臂遮挡需多机位互证。所查帧未见明显整帧损坏，不据此排除帧间或接触异常。,完整文件仅约1.07s，全部9个采样帧仅见初始瓶子，未见机械手动作。这是可解码的初态短片，不能用作完成动作的视觉证据。 原记录20次请求、实际动作0秒，与初态录像相符；不是据短时长推断录像损坏。,initial_state_only|very_short,SafeLab report author,0.0|0.133|0.267|0.4|0.533|0.667|0.8|0.933|1.0,https://asimfish.github.io/safeot-dashboard/agentic/psibot_recovery/rgb_only_head_camera.mp4,assets/astra/audit/bcc86fd6ecf47980.jpg,125510,455dc2fea6f0bd20159daf2cf8d3cf523129c9a219422861d027bfe734b0ebf9,640,480,15/1,1.133333,17,True
psibot_relative_9511_full,PsiBot,原生PsiBot抓取并稳定抬升棕瓶,psibot_wrist_relative,full,9511,,True,model_claimed_done,head_camera,usable_with_limits,lift_sequence_visible,头部俯视，适于观察横向动作，抬升高度需要侧视,灰色手部为简化多面模型，瓶子较暗；透明杯叠加与手臂遮挡需多机位互证。所查帧未见明显整帧损坏，不据此排除帧间或接触异常。,15–45s 可见瓶子倾倒并被手遮挡，52.6–60s 瓶子再次直立在手中。末段抬起序列可见；俯视不能单独验证高度和稳定门。,height_ambiguous|contact_occlusion,SafeLab report author,0.0|7.467|15.0|22.533|30.067|37.533|45.067|52.6|60.0,https://asimfish.github.io/safeot-dashboard/agentic/psibot_relative/full_head_camera.mp4,assets/astra/audit/e66e0c61e8fb21b4.jpg,7357146,551fc91cb2896bb5ddd2b6ae3a07b70a84d2d1cd2d72befb752d3832fc22f1c7,640,480,15/1,60.133333,902,True
psibot_input_9511_full,PsiBot,抓取瓶子并稳定抬升；新输入协议中断集,psibot_input_pilot,full,9511,,,,,missing,not_determined,,,当前公开逐回合记录没有原录像链接，不生成替代画面；结果只按原数值记录承接。,missing_video,,,,,,,,,,,,
